Num_Acc,date,lat,long,age,grav,sexe,atm,lum,dep,larrout,hour
200500000030,2005-01-13,50.3,2.84,58,4,1,1.0,5,62,50.0,19
200500000093,2005-01-03,49.255,3.094,51,3,2,1.0,1,02,52.0,13
200500000329,2005-01-04,49.086,-1.092,73,2,2,8.0,3,50,54.0,19
200500000342,2005-01-12,49.531,-1.594,54,3,1,1.0,1,50,32.0,15
200500000345,2005-01-02,49.687,-1.454,58,3,1,1.0,1,50,48.0,16
200500000402,2005-01-10,47.419,-0.311,18,3,2,1.0,1,49,60.0,22
200500000403,2005-01-12,47.425,-0.451,56,3,1,1.0,1,49,105.0,15
200500000453,2005-01-03,46.338,-1.309,81,3,1,1.0,1,85,60.0,12
200500000744,2005-01-09,43.678,-0.084,34,3,1,1.0,1,32,70.0,11
200500001035,2005-01-19,49.182,6.648,55,4,1,7.0,1,57,61.0,18
200500001117,2005-01-04,48.786,7.867,81,4,2,1.0,1,67,60.0,9
200500001129,2005-01-04,48.619,7.662,32,4,1,1.0,3,67,69.0,19
200500001159,2005-01-10,47.783,7.369,51,3,1,1.0,5,68,120.0,18
200500001174,2005-01-04,48.837,3.947,71,2,2,7.0,1,51,60.0,15
200500001188,2005-01-29,49.134,3.853,15,2,1,1.0,3,51,41.0,18
200500001213,2005-01-21,48.509,3.455,21,3,2,1.0,1,10,71.0,12
200500001215,2005-01-11,48.524,3.726,16,3,1,1.0,1,10,80.0,8
200500001313,2005-01-11,47.529,6.858,36,4,1,7.0,1,25,60.0,15
200500001338,2005-01-26,47.679,6.506,57,3,1,1.0,1,70,61.0,13
200500001519,2005-01-30,43.064,2.221,71,4,1,1.0,1,11,70.0,14
200500001727,2005-01-03,47.259,1.61,54,3,1,5.0,3,36,50.0,20
200500002018,2005-01-26,47.763,-3.133,59,3,1,1.0,1,56,36.0,15
200500010466,2005-02-16,50.517,3.498,15,4,1,1.0,3,59,37.0,18
200500010479,2005-02-16,50.646,2.82,16,3,1,1.0,1,62,66.0,10
200500010546,2005-02-27,49.361,3.294,6,3,2,1.0,1,02,54.0,16
200500010588,2005-02-23,49.487,1.015,51,4,1,1.0,1,76,90.0,16
200500010688,2005-02-18,47.78,-2.71,48,3,1,1.0,1,56,55.0,17
200500010748,2005-02-01,48.771,-0.053,71,2,1,1.0,1,61,73.0,13
200500010830,2005-02-09,46.596,-0.98,14,3,1,1.0,1,85,60.0,17
200500010983,2005-02-23,45.348,1.756,14,4,1,1.0,1,19,53.0,13
200500011001,2005-02-06,43.723,1.507,42,3,1,1.0,1,31,60.0,12
200500011098,2005-02-20,46.396,5.04,80,4,1,1.0,1,01,58.0,13
200500011181,2005-02-04,45.681,5.895,51,2,1,1.0,1,73,102.0,13
200500011755,2005-02-16,47.115,2.587,36,2,1,1.0,1,18,62.0,17
200500011770,2005-02-07,48.801,1.403,70,4,1,1.0,1,28,72.0,15
200500011873,2005-02-21,43.799,4.423,36,4,1,1.0,1,30,170.0,17
200500012093,2005-03-28,50.485,3.246,65,3,1,1.0,1,59,65.0,17
200500012235,2005-03-20,49.018,1.387,23,4,1,1.0,1,27,71.0,12
200500012244,2005-03-01,49.118,0.457,77,2,1,1.0,1,27,40.0,17
200500012377,2005-03-19,49.494,-1.503,85,3,1,7.0,1,50,60.0,18
200500012416,2005-03-31,47.334,-2.438,13,3,2,1.0,1,44,65.0,16
200500012464,2005-03-26,48.14,0.17,68,4,2,1.0,1,72,60.0,17
200500012570,2005-03-06,43.742,-1.005,79,4,1,1.0,1,40,60.0,12
200500012679,2005-03-16,46.33,-0.58,13,3,1,1.0,1,79,60.0,12
200500012711,2005-03-16,45.587,1.722,63,4,1,1.0,1,19,66.0,14
200500012751,2005-03-30,43.073,0.577,22,3,1,1.0,1,31,40.0,17
200500012810,2005-03-23,43.419,0.053,78,2,2,1.0,1,65,68.0,14
200500012826,2005-03-21,43.509,2.352,11,4,1,1.0,1,81,46.0,12
200500012849,2005-03-21,45.744,4.955,42,4,1,1.0,1,69,75.0,18
200500012903,2005-03-28,44.826,4.81,74,3,1,1.0,1,07,104.0,12
200500012922,2005-03-14,44.517,4.708,78,3,2,1.0,1,26,60.0,14
200500013029,2005-03-21,46.277,6.348,45,3,1,1.0,3,74,80.0,4
200500013039,2005-03-19,45.698,3.223,62,4,1,1.0,1,63,35.0,15
200500013234,2005-03-18,47.78,5.53,14,4,1,1.0,1,52,52.0,17
200500013242,2005-03-07,47.344,4.974,18,3,1,1.0,1,21,90.0,13
200500013325,2005-03-25,47.719,6.844,13,3,1,1.0,1,90,70.0,16
200500013373,2005-03-20,44.54,6.3,52,3,1,1.0,1,05,70.0,9
200500013550,2005-03-05,42.29,9.55,48,1,1,1.0,1,2B,62.0,10
200500013550,2005-03-05,42.29,9.55,49,2,1,1.0,1,2B,62.0,10
200500013550,2005-03-05,42.29,9.55,31,1,1,1.0,1,2B,62.0,10
200500013651,2005-03-11,48.721,1.413,60,4,1,1.0,1,28,67.0,8
200500013717,2005-03-25,44.112,0.354,57,4,1,1.0,1,47,80.0,14
200500013756,2005-03-12,47.398,5.028,47,3,1,4.0,1,21,560.0,14
200500013794,2005-03-22,43.552,1.503,33,4,2,1.0,1,31,85.0,8
200500013897,2005-03-17,49.331,-0.565,47,4,1,1.0,1,14,60.0,13
200500022760,2005-04-25,50.671,1.601,10,3,1,1.0,1,62,58.0,13
200500022765,2005-04-03,50.666,2.328,25,4,1,1.0,1,62,52.0,14
200500022787,2005-04-20,50.097,1.558,11,4,1,8.0,1,80,81.0,11
200500022990,2005-04-11,48.54,-2.21,38,3,1,1.0,1,22,62.0,16
200500023053,2005-04-03,49.188,-0.848,16,2,2,1.0,1,14,68.0,16
200500023139,2005-04-15,47.412,-0.931,10,3,1,1.0,1,49,65.0,17
200500023289,2005-04-20,44.37,0.638,19,4,1,1.0,1,47,60.0,19
200500023335,2005-04-18,45.289,-0.404,18,3,1,1.0,1,17,71.0,15
200500023339,2005-04-29,45.921,-1.329,80,4,1,1.0,1,17,30.0,9
200500023375,2005-04-02,45.96,1.39,10,4,2,1.0,1,87,67.0,19
200500023395,2005-04-14,46.186,2.506,58,3,1,1.0,1,23,70.0,19
200500023414,2005-04-17,43.36,1.54,55,3,1,1.0,1,31,35.0,11
200500023416,2005-04-28,43.274,1.637,59,4,2,1.0,1,31,60.0,16
200500023430,2005-04-03,44.29,2.519,63,3,1,1.0,1,12,97.0,11
200500023463,2005-04-17,43.575,0.322,44,4,1,1.0,1,32,60.0,12
200500023519,2005-04-03,45.744,4.692,56,3,1,1.0,1,69,70.0,18
200500023579,2005-04-26,44.291,4.821,32,4,1,1.0,1,26,76.0,13
200500023607,2005-04-21,45.402,5.425,53,3,1,1.0,1,38,50.0,15
200500023647,2005-04-26,45.494,6.15,21,4,1,1.0,1,73,103.0,15
200500023647,2005-04-26,45.494,6.15,20,4,1,1.0,1,73,103.0,15
200500023692,2005-04-11,45.699,2.997,44,4,1,1.0,1,63,100.0,19
200500023696,2005-04-13,45.544,3.248,19,4,1,1.0,5,63,83.0,21
200500023700,2005-04-29,45.98,3.1,16,3,2,1.0,1,63,60.0,18
200500023757,2005-04-30,48.929,6.642,11,4,1,1.0,1,57,60.0,20
200500023808,2005-04-28,47.98,6.64,13,1,1,1.0,1,88,43.0,18
200500023808,2005-04-28,47.98,6.64,13,3,1,1.0,1,88,43.0,18
200500023845,2005-04-07,48.094,7.32,16,4,2,1.0,1,68,89.0,11
200500023849,2005-04-04,47.883,7.529,26,3,1,1.0,1,68,62.0,17
200500023849,2005-04-04,47.883,7.529,16,4,1,1.0,1,68,62.0,17
200500023852,2005-04-30,47.87,7.351,6,4,1,1.0,1,68,60.0,12
200500023868,2005-04-20,48.864,3.557,62,2,1,1.0,3,51,73.0,5
200500023883,2005-04-24,49.502,4.6,57,3,1,1.0,1,08,42.0,16
200500023994,2005-04-22,47.352,6.358,57,3,1,1.0,1,25,65.0,13
200500024022,2005-04-08,47.719,6.844,13,3,1,1.0,1,90,70.0,15
200500024049,2005-04-22,44.051,6.139,66,3,1,1.0,1,04,143.0,7
200500024110,2005-04-08,43.24,6.07,50,4,1,1.0,1,83,74.0,10
200500024144,2005-04-25,43.665,3.976,12,3,1,1.0,1,34,55.0,14
200500024171,2005-04-06,43.28,3.36,13,3,1,1.0,1,34,101.0,16
200500024183,2005-04-29,43.39,3.46,11,4,1,1.0,1,34,58.0,17
200500024205,2005-04-18,43.52,4.14,11,4,2,1.0,1,30,70.0,16
200500024253,2005-04-07,42.644,2.982,12,3,1,1.0,1,66,54.0,14
200500024272,2005-04-28,42.88,9.34,53,3,1,1.0,1,2B,39.0,9
200500024289,2005-04-10,48.697,1.771,27,4,1,8.0,1,78,43.0,9
200500024300,2005-04-24,48.85,1.89,43,4,1,1.0,1,78,110.0,18
200500024405,2005-04-04,47.596,0.501,74,3,2,1.0,1,37,51.0,13
200500024520,2005-04-03,48.575,2.166,66,3,1,1.0,1,91,50.0,12
200500024578,2005-04-15,43.54,1.35,12,3,1,1.0,1,31,65.0,16
200500024604,2005-04-14,48.541,7.684,13,4,1,1.0,1,67,84.0,17
200500024639,2005-04-05,48.73,2.1,36,4,1,1.0,1,78,90.0,11
200500024670,2005-05-02,50.703,2.778,9,4,1,1.0,1,59,40.0,17
200500024699,2005-05-19,50.505,1.627,76,4,2,1.0,1,62,60.0,11
200500024714,2005-05-25,49.997,2.521,38,4,1,1.0,1,80,50.0,15
200500024759,2005-05-16,49.516,3.525,14,3,1,1.0,1,02,54.0,17
200500024828,2005-05-27,49.403,1.173,63,3,1,7.0,1,76,70.0,14
200500024850,2005-05-07,49.543,0.928,7,4,1,1.0,1,76,60.0,14
200500024886,2005-05-27,48.161,-2.213,60,2,2,1.0,1,35,70.0,19
200500024987,2005-05-08,49.208,-0.793,40,1,1,1.0,1,14,49.0,9
200500024987,2005-05-08,49.208,-0.793,69,2,1,1.0,1,14,49.0,9
200500025063,2005-05-24,47.128,-1.599,48,3,1,1.0,1,44,63.0,15
200500025092,2005-05-16,47.382,-0.441,66,2,1,1.0,1,49,42.0,15
200500025097,2005-05-24,47.428,-0.698,6,3,2,1.0,1,49,51.0,18
200500025107,2005-05-22,47.142,-0.917,13,4,1,1.0,1,49,60.0,17
200500025130,2005-05-17,47.914,-1.066,61,2,1,1.0,1,53,34.0,10
200500025202,2005-05-01,44.711,-0.457,11,3,1,1.0,1,33,60.0,16
200500025219,2005-05-24,44.929,-0.385,10,3,1,1.0,1,33,50.0,20
200500025253,2005-05-18,43.771,-0.423,77,4,1,1.0,1,40,64.0,16
200500025279,2005-05-21,44.349,0.478,14,4,1,1.0,1,47,47.0,17
200500025286,2005-05-28,44.501,0.061,57,4,2,1.0,1,47,60.0,18
200500025399,2005-05-22,46.69,-0.476,7,4,2,1.0,1,79,50.0,11
200500025404,2005-05-16,45.852,1.448,16,3,1,1.0,1,87,72.0,19
200500025430,2005-05-10,43.525,1.407,9,3,1,1.0,1,31,60.0,18
200500025443,2005-05-29,43.172,0.681,14,4,1,1.0,1,31,40.0,17
200500025446,2005-05-18,43.291,0.649,77,3,1,1.0,1,31,100.0,8
200500025464,2005-05-01,43.131,1.174,8,4,1,1.0,1,09,53.0,17
200500025502,2005-05-23,43.707,-0.236,9,4,1,1.0,1,32,65.0,18
200500025591,2005-05-18,46.381,5.18,11,3,1,1.0,1,01,64.0,19
200500025674,2005-05-15,45.088,5.899,28,3,1,1.0,1,38,70.0,15
200500025701,2005-05-29,45.419,5.15,39,4,1,1.0,1,38,60.0,8
200500025726,2005-05-17,46.099,3.941,71,3,1,1.0,1,42,64.0,14
200500025795,2005-05-08,45.833,3.082,9,4,2,1.0,1,63,50.0,18
200500025815,2005-05-26,45.874,2.996,58,4,1,1.0,1,63,50.0,14
200500025881,2005-05-04,49.034,6.822,12,3,1,1.0,1,57,55.0,17
200500025922,2005-05-15,49.338,5.246,61,2,1,1.0,1,55,60.0,13
200500025931,2005-05-01,48.308,6.41,46,4,1,7.0,1,88,60.0,9
200500025931,2005-05-01,48.308,6.41,60,4,1,7.0,1,88,60.0,9
200500025984,2005-05-26,49.04,7.9,72,3,1,1.0,1,67,60.0,14
200500025990,2005-05-27,48.89,7.78,69,2,1,1.0,1,67,35.0,11
200500026005,2005-05-31,47.963,7.301,32,3,2,1.0,1,68,55.0,14
200500026015,2005-05-06,47.822,7.06,39,4,1,1.0,1,68,71.0,13
200500026036,2005-05-22,48.567,3.705,21,1,1,1.0,1,51,64.0,20
200500026043,2005-05-28,48.78,4.879,56,3,1,1.0,1,51,56.0,16
200500026121,2005-05-17,46.569,4.908,15,4,1,1.0,1,71,90.0,8
200500026189,2005-05-27,46.84,6.346,15,4,1,1.0,1,25,60.0,18
200500026189,2005-05-27,46.84,6.346,13,1,1,1.0,1,25,60.0,18
200500026195,2005-05-13,46.976,5.797,55,3,1,1.0,1,39,65.0,18
200500026201,2005-05-30,47.2,5.719,11,4,2,1.0,1,39,45.0,18
200500026277,2005-05-29,44.549,6.28,30,3,1,1.0,1,05,77.0,9
200500026301,2005-05-15,43.881,6.995,76,2,1,1.0,1,06,55.0,14
200500026315,2005-05-23,43.285,6.128,71,4,1,1.0,1,83,80.0,5
200500026375,2005-05-21,43.68,4.024,16,2,1,1.0,3,34,67.0,23
200500026413,2005-05-30,43.45,3.64,52,3,1,1.0,1,34,120.0,12
200500026479,2005-05-31,44.248,3.908,59,4,1,1.0,1,48,52.0,10
200500026494,2005-05-10,42.25,8.74,51,2,1,1.0,1,2A,44.0,15
200500026629,2005-05-25,47.77,2.37,13,4,2,1.0,1,45,60.0,14
200500026746,2005-05-20,47.31,5.118,34,4,1,1.0,1,21,50.0,17
200500026909,2005-05-11,45.213,5.776,64,4,2,1.0,1,38,65.0,17
200500026972,2005-05-12,43.6,5.48,58,4,1,8.0,1,13,70.0,12
200500027020,2005-05-11,43.916,4.808,79,3,1,1.0,1,13,67.0,14
200500037581,2005-06-16,50.535,2.939,50,2,1,1.0,1,59,62.0,15
200500037602,2005-06-17,50.87,2.42,65,4,1,1.0,1,59,68.0,16
200500037602,2005-06-17,50.87,2.42,64,4,2,1.0,1,59,68.0,16
200500037688,2005-06-01,49.984,2.623,83,4,2,1.0,1,80,67.0,15
200500037766,2005-06-14,49.158,2.448,12,4,1,1.0,1,60,32.0,18
200500037790,2005-06-11,49.45,0.85,38,4,1,1.0,1,76,91.0,14
200500037794,2005-06-12,49.463,0.831,77,3,1,1.0,1,76,75.0,11
200500037798,2005-06-30,49.662,0.245,22,3,2,2.0,1,76,56.0,10
200500037812,2005-06-24,49.55,0.96,23,3,1,1.0,1,76,73.0,11
200500037825,2005-06-29,48.786,1.313,22,4,1,1.0,1,27,43.0,19
200500037877,2005-06-07,48.613,-1.9,14,3,1,1.0,1,35,208.0,18
200500037883,2005-06-20,48.539,-1.807,41,3,1,1.0,1,35,70.0,10
200500037917,2005-06-03,48.642,-4.131,11,3,1,1.0,1,29,50.0,18
200500038039,2005-06-01,47.533,-1.636,38,3,1,1.0,1,44,42.0,20
200500038076,2005-06-12,47.36,-0.857,15,3,1,1.0,1,49,56.0,12
200500038079,2005-06-04,47.224,-0.727,14,1,2,1.0,1,49,56.0,19
200500038105,2005-06-08,48.151,-0.415,19,3,2,1.0,1,53,72.0,11
200500038159,2005-06-23,46.742,-1.083,9,3,1,1.0,1,85,77.0,16
200500038170,2005-06-10,46.773,-0.93,20,2,2,1.0,1,85,72.0,17
200500038193,2005-06-16,44.655,-0.358,13,3,1,1.0,1,33,40.0,18
200500038199,2005-06-18,44.649,0.084,70,4,1,1.0,1,33,55.0,10
200500038220,2005-06-27,44.847,-0.082,48,3,1,1.0,3,33,60.0,23
200500038350,2005-06-05,46.207,-0.872,40,3,1,1.0,1,17,61.0,11
200500038381,2005-06-16,46.989,-0.449,13,3,1,1.0,2,79,77.0,21
200500038409,2005-06-02,45.227,1.586,48,3,1,1.0,1,19,73.0,16
200500038434,2005-06-29,43.537,1.402,15,4,1,1.0,1,31,70.0,10
200500038456,2005-06-21,43.401,1.706,66,4,1,1.0,1,31,350.0,16
200500038478,2005-06-10,43.004,1.947,59,3,1,1.0,1,09,40.0,13
200500038500,2005-06-23,44.339,2.105,72,3,1,1.0,1,12,70.0,9
200500038521,2005-06-02,43.85,0.65,17,4,1,1.0,1,32,55.0,19
200500038688,2005-06-04,44.477,4.688,49,4,1,1.0,3,07,60.0,23
200500038743,2005-06-13,44.903,5.903,47,2,1,1.0,1,38,54.0,15
200500038755,2005-06-05,45.343,5.183,9,3,1,1.0,1,38,60.0,18
200500038756,2005-06-02,45.224,5.347,14,4,1,1.0,1,38,65.0,19
200500038765,2005-06-12,45.592,5.611,12,4,1,1.0,1,38,60.0,19
200500038785,2005-06-05,45.77,5.197,51,4,1,1.0,1,38,70.0,12
200500038793,2005-06-22,45.607,4.062,38,3,1,1.0,1,42,70.0,18
200500038805,2005-06-15,45.463,4.688,24,3,1,1.0,1,42,60.0,8
200500038816,2005-06-28,45.597,6.059,65,4,1,1.0,1,73,49.0,9
200500038906,2005-06-28,45.859,3.393,32,4,1,1.0,1,63,58.0,16
200500038968,2005-06-26,49.184,6.071,57,3,1,1.0,1,57,60.0,10
200500038978,2005-06-26,49.254,6.669,60,4,2,1.0,1,57,70.0,12
200500039060,2005-06-27,48.35,6.344,12,4,1,1.0,1,88,70.0,18
200500039102,2005-06-16,48.762,7.395,69,3,2,1.0,1,67,60.0,10
200500039131,2005-06-08,49.047,7.714,55,4,1,1.0,1,67,53.0,13
200500039131,2005-06-08,49.047,7.714,17,4,1,1.0,1,67,53.0,13
200500039142,2005-06-08,47.902,7.222,17,4,1,1.0,1,68,100.0,14
200500039218,2005-06-10,48.447,5.139,18,3,1,1.0,2,52,70.0,22
200500039227,2005-06-22,47.198,5.395,30,3,2,1.0,1,21,75.0,8
200500039260,2005-06-25,47.116,3.995,42,3,1,1.0,1,58,63.0,12
200500039314,2005-06-11,48.255,3.325,10,3,1,1.0,1,89,35.0,19
200500039391,2005-06-01,43.445,5.362,57,3,1,1.0,1,13,50.0,19
200500039442,2005-06-07,44.43,6.02,63,4,1,1.0,1,05,82.0,16
200500039447,2005-06-07,44.896,6.62,17,3,1,1.0,1,05,59.0,13
200500039545,2005-06-24,43.957,5.045,56,2,1,1.0,1,84,65.0,8
200500039556,2005-06-15,43.686,3.978,72,4,1,1.0,1,34,35.0,18
200500039578,2005-06-11,43.249,3.292,19,4,2,1.0,1,34,60.0,15
200500039683,2005-06-14,42.67,2.62,55,4,1,1.0,1,66,52.0,7
200500039685,2005-06-16,42.021,8.732,65,3,1,1.0,1,2A,70.0,9
200500039720,2005-06-01,48.805,1.905,11,4,1,1.0,1,78,90.0,18
200500039759,2005-06-10,49.052,2.497,52,4,1,1.0,1,95,50.0,18
200500039800,2005-06-28,47.868,1.765,27,2,1,1.0,5,45,70.0,1
200500039844,2005-06-18,48.084,1.344,68,3,1,7.0,1,28,70.0,7
200500039863,2005-06-01,46.643,1.058,14,3,1,1.0,1,36,60.0,13
200500039878,2005-06-08,47.164,0.397,20,3,2,1.0,1,37,52.0,17
200500039916,2005-06-03,44.608,-1.103,46,4,1,1.0,1,33,66.0,11
200500039936,2005-06-15,43.585,3.772,56,4,1,1.0,1,34,50.0,15
200500040083,2005-06-17,45.264,5.777,61,4,1,1.0,1,38,65.0,8
200500040634,2005-07-13,49.769,3.337,40,3,1,1.0,1,02,70.0,10
200500040641,2005-07-17,50.021,3.785,60,2,1,1.0,1,02,52.0,10
200500040660,2005-07-22,49.633,2.38,45,3,1,1.0,1,60,67.0,15
200500040677,2005-07-10,49.303,2.921,50,4,1,1.0,1,60,56.0,14
200500040803,2005-07-17,48.56,-3.184,65,1,1,7.0,1,22,55.0,19
200500040809,2005-07-08,48.683,-3.526,58,3,1,1.0,1,22,55.0,19
200500040817,2005-07-28,47.923,-3.963,65,3,1,1.0,1,29,90.0,12
200500040918,2005-07-25,49.479,-1.624,13,3,1,1.0,1,50,61.0,18
200500040918,2005-07-25,49.479,-1.624,10,1,1,1.0,1,50,61.0,18
200500040939,2005-07-01,48.595,-1.156,14,3,2,2.0,1,50,45.0,18
200500040960,2005-07-27,48.802,-0.553,60,3,1,1.0,1,61,94.0,15
200500041012,2005-07-06,47.463,-0.655,61,4,1,1.0,3,49,70.0,0
200500041013,2005-07-10,47.381,-0.649,51,4,2,1.0,1,49,60.0,10
200500041040,2005-07-07,47.227,-0.061,43,3,2,1.0,1,49,90.0,11
200500041059,2005-07-20,48.456,-0.831,55,1,1,1.0,1,53,42.0,21
200500041102,2005-07-25,46.46,-1.16,79,3,2,1.0,1,85,60.0,20
200500041104,2005-07-30,46.33,-0.94,10,3,1,1.0,1,85,60.0,17
200500041228,2005-07-20,43.645,-1.427,38,2,1,1.0,1,40,50.0,19
200500041228,2005-07-20,43.645,-1.427,10,4,1,1.0,1,40,50.0,19
200500041268,2005-07-02,43.231,-0.189,62,3,1,7.0,1,64,62.0,18
200500041303,2005-07-03,46.58,0.65,50,4,2,1.0,1,86,63.0,17
200500041325,2005-07-02,45.629,0.34,53,3,1,1.0,1,16,75.0,17
200500041325,2005-07-02,45.629,0.34,51,4,1,1.0,1,16,75.0,17
200500041454,2005-07-08,43.461,1.266,75,3,1,1.0,1,31,30.0,11
200500041460,2005-07-03,43.354,0.828,62,3,1,1.0,1,31,60.0,11
200500041492,2005-07-20,43.855,2.838,75,3,1,1.0,2,12,29.0,20
200500041533,2005-07-17,42.835,0.31,21,4,1,1.0,1,65,63.0,18
200500041539,2005-07-19,43.716,2.357,47,3,1,1.0,1,81,59.0,11
200500041662,2005-07-14,44.765,4.15,60,3,2,1.0,1,07,45.0,14
200500041760,2005-07-07,45.328,4.524,44,3,1,1.0,1,42,78.0,8
200500041763,2005-07-12,45.535,4.376,62,3,1,1.0,1,42,70.0,9
200500041802,2005-07-18,45.654,6.359,61,3,1,1.0,1,73,70.0,12
200500041858,2005-07-12,46.26,6.84,27,3,1,1.0,2,74,62.0,20
200500041873,2005-07-21,45.52,3.75,54,4,1,1.0,1,63,69.0,18
200500041878,2005-07-21,45.56,3.66,49,4,1,1.0,1,63,69.0,11
200500041882,2005-07-15,45.534,2.557,8,3,1,1.0,1,63,58.0,10
200500041911,2005-07-22,46.15,3.141,12,4,1,1.0,1,03,50.0,20
200500042079,2005-07-10,48.179,7.113,10,3,1,1.0,1,68,60.0,13
200500042100,2005-07-15,47.851,7.279,42,4,1,1.0,1,68,75.0,11
200500042101,2005-07-28,47.864,7.26,73,3,1,1.0,1,68,65.0,20
200500042165,2005-07-22,48.41,4.17,10,4,1,1.0,1,10,60.0,17
200500042221,2005-07-25,47.45,4.496,11,4,1,1.0,1,21,50.0,18
200500042343,2005-07-22,46.679,5.915,41,2,2,1.0,1,39,61.0,21
200500042369,2005-07-03,47.708,6.685,73,3,1,1.0,1,70,80.0,16
200500042585,2005-07-10,43.342,3.534,15,3,2,1.0,1,34,75.0,10
200500042701,2005-07-23,41.501,8.954,55,3,1,1.0,1,2A,63.0,8
200500042739,2005-07-13,48.816,1.851,80,2,1,1.0,1,78,64.0,14
200500042739,2005-07-13,48.816,1.851,74,3,1,1.0,1,78,64.0,14
200500042801,2005-07-01,47.699,1.773,37,3,1,1.0,1,45,73.0,15
200500042879,2005-07-18,47.591,0.777,19,3,1,1.0,1,37,74.0,11
200500042935,2005-07-08,45.624,1.433,57,2,1,1.0,1,87,73.0,13
200500043027,2005-07-24,43.567,5.354,33,4,1,1.0,1,13,82.0,10
200500043173,2005-07-18,47.505,-2.839,51,4,1,1.0,1,56,59.0,11
200500043200,2005-07-18,48.645,7.709,52,3,1,1.0,1,67,60.0,7
200500043297,2005-07-09,47.344,5.938,17,3,1,1.0,1,25,45.0,13
200500047898,2005-08-11,50.36,2.79,67,3,1,1.0,1,62,75.0,9
200500047901,2005-08-01,50.815,1.61,59,3,2,1.0,1,62,41.0,16
200500047934,2005-08-17,50.307,1.644,46,4,2,1.0,1,80,73.0,17
200500047968,2005-08-04,49.364,1.768,16,3,2,1.0,1,60,62.0,15
200500047979,2005-08-29,49.32,2.39,45,3,1,1.0,2,60,75.0,7
200500047996,2005-08-03,49.188,2.49,80,4,1,1.0,1,60,60.0,10
200500048045,2005-08-19,49.397,1.386,15,4,1,1.0,1,27,34.0,16
200500048056,2005-08-22,49.212,1.084,48,3,1,1.0,1,27,56.0,14
200500048056,2005-08-22,49.212,1.084,38,3,1,1.0,1,27,56.0,14
200500048091,2005-08-28,48.606,-1.711,69,3,1,1.0,1,35,60.0,10
200500048103,2005-08-06,48.458,-2.513,63,3,1,1.0,1,22,72.0,15
200500048133,2005-08-10,47.932,-4.326,16,2,1,1.0,1,29,70.0,14
200500048141,2005-08-18,47.818,-4.348,79,3,2,1.0,1,29,65.0,10
200500048180,2005-08-04,49.149,-0.146,20,4,1,1.0,1,14,51.0,17
200500048212,2005-08-08,48.718,-1.059,70,3,1,1.0,1,50,63.0,11
200500048216,2005-08-29,49.557,-1.67,13,3,2,1.0,1,50,56.0,11
200500048293,2005-08-05,47.492,-2.151,56,2,1,1.0,1,44,61.0,7
200500048301,2005-08-02,47.317,-0.586,16,4,1,1.0,1,49,38.0,18
200500048390,2005-08-04,46.848,-1.876,56,3,2,1.0,1,85,71.0,19
200500048506,2005-08-14,44.309,0.342,41,2,1,1.0,1,47,46.0,9
200500048511,2005-08-02,44.529,0.097,57,3,2,1.0,1,47,45.0,16
200500048650,2005-08-30,45.174,1.563,88,3,1,1.0,1,19,47.0,9
200500048717,2005-08-11,43.87,-0.102,15,4,1,1.0,1,32,71.0,18
200500048797,2005-08-27,45.696,4.44,74,3,2,1.0,1,69,75.0,11
200500048809,2005-08-23,46.237,4.488,62,4,2,1.0,1,69,51.0,19
200500048834,2005-08-05,45.815,5.778,26,2,1,1.0,1,01,65.0,17
200500048855,2005-08-27,44.479,4.689,55,4,1,1.0,1,07,64.0,8
200500048856,2005-08-09,44.554,4.411,41,3,1,1.0,1,07,107.0,9
200500048868,2005-08-17,44.409,4.13,44,3,1,1.0,1,07,71.0,13
200500048933,2005-08-29,45.394,5.184,57,4,2,1.0,1,38,50.0,15
200500048955,2005-08-14,45.419,4.072,46,3,1,1.0,1,42,68.0,9
200500048979,2005-08-13,45.654,6.171,7,4,2,1.0,1,73,50.0,11
200500049106,2005-08-12,45.114,4.11,28,3,1,1.0,1,43,40.0,19
200500049170,2005-08-23,49.253,5.068,14,3,1,1.0,1,55,76.0,19
200500049207,2005-08-20,48.531,7.5,56,3,1,1.0,1,67,90.0,11
200500049250,2005-08-18,47.583,7.474,73,3,1,1.0,1,68,75.0,13
200500049250,2005-08-18,47.583,7.474,45,1,1,1.0,1,68,75.0,13
200500049302,2005-08-09,48.515,3.889,72,3,1,1.0,1,10,68.0,11
200500049441,2005-08-23,46.95,5.78,14,2,1,1.0,1,39,90.0,18
200500049452,2005-08-04,47.704,6.628,82,3,2,1.0,1,70,104.0,9
200500049478,2005-08-12,43.641,4.795,74,3,1,1.0,1,13,70.0,8
200500049512,2005-08-19,43.915,5.715,58,3,1,1.0,1,04,30.0,18
200500049556,2005-08-08,44.29,6.9,43,4,1,1.0,1,06,46.0,12
200500049673,2005-08-12,43.393,3.501,30,3,1,1.0,1,34,74.0,15
200500049713,2005-08-20,43.538,4.139,71,4,1,1.0,1,30,60.0,10
200500049715,2005-08-26,43.524,4.142,64,3,2,1.0,1,30,60.0,8
200500049752,2005-08-30,44.744,3.289,69,2,1,1.0,1,48,102.0,14
200500049798,2005-08-04,42.597,9.366,48,4,1,1.0,1,2B,70.0,9
200500049892,2005-08-09,47.156,2.864,31,2,1,1.0,1,18,70.0,8
200500049895,2005-08-06,46.958,2.349,56,3,1,1.0,1,18,61.0,18
200500049899,2005-08-23,46.843,2.826,10,4,1,1.0,1,18,53.0,20
200500049974,2005-08-24,45.009,-1.181,65,3,1,1.0,1,33,21.0,12
200500049974,2005-08-24,45.009,-1.181,11,1,1,1.0,1,33,21.0,12
200500050129,2005-08-10,48.496,-3.039,15,3,1,7.0,1,22,48.0,19
200500050129,2005-08-10,48.496,-3.039,14,3,1,7.0,1,22,48.0,19
200500050163,2005-08-28,47.521,-2.726,59,3,1,1.0,1,56,62.0,12
200500050218,2005-08-17,48.127,-0.024,86,3,1,1.0,1,72,50.0,12
200500054003,2005-09-23,50.655,2.837,20,3,1,1.0,2,59,60.0,7
200500054181,2005-09-19,48.841,0.917,81,3,1,1.0,1,27,60.0,15
200500054206,2005-09-18,49.297,0.957,82,1,1,1.0,1,27,70.0,16
200500054262,2005-09-03,48.58,-2.174,58,3,1,1.0,1,22,40.0,13
200500054265,2005-09-20,48.183,-2.61,59,3,1,1.0,1,22,90.0,14
200500054307,2005-09-07,47.879,-3.022,13,3,1,1.0,1,56,45.0,17
200500054377,2005-09-02,48.797,-0.565,62,3,1,1.0,1,61,93.0,18
200500054479,2005-09-06,46.851,-1.889,62,4,2,1.0,1,85,52.0,8
200500054566,2005-09-23,45.133,1.309,30,3,1,1.0,1,24,60.0,16
200500054778,2005-09-26,43.279,1.079,43,3,1,7.0,1,31,54.0,17
200500054991,2005-09-12,44.829,5.624,14,3,1,1.0,1,38,40.0,11
200500055018,2005-09-09,45.772,5.195,14,3,1,1.0,3,38,47.0,20
200500055064,2005-09-03,46.073,6.31,16,3,2,1.0,1,74,50.0,16
200500055082,2005-09-10,46.245,6.797,27,3,1,1.0,1,74,60.0,17
200500055181,2005-09-06,48.844,6.165,31,3,1,1.0,1,54,34.0,19
200500055214,2005-09-04,49.47,5.401,43,4,1,1.0,1,55,61.0,15
200500055291,2005-09-04,48.257,7.193,57,4,1,1.0,1,68,80.0,11
200500055302,2005-09-11,47.801,7.03,41,3,1,2.0,1,68,65.0,11
200500055303,2005-09-27,47.747,7.033,62,2,1,1.0,1,68,62.0,17
200500055303,2005-09-27,47.747,7.033,60,3,1,1.0,1,68,62.0,17
200500055334,2005-09-13,49.747,4.598,8,3,2,1.0,1,08,40.0,16
200500055449,2005-09-12,47.958,3.49,19,4,1,1.0,1,89,50.0,17
200500055530,2005-09-04,43.806,5.831,67,2,1,1.0,1,04,70.0,9
200500055565,2005-09-30,43.524,6.94,41,3,1,1.0,1,06,80.0,11
200500055704,2005-09-09,43.943,4.578,40,3,1,1.0,3,30,72.0,22
200500055793,2005-09-19,49.022,2.383,51,3,1,1.0,1,95,70.0,15
200500055881,2005-09-16,48.697,1.454,78,2,1,1.0,1,28,60.0,17
200500055885,2005-09-06,48.355,1.066,51,3,1,1.0,1,28,54.0,17
200500055937,2005-09-02,47.982,1.233,85,3,1,1.0,1,41,46.0,18
200500055940,2005-09-13,44.883,-0.945,56,3,1,1.0,1,33,51.0,17
200500056255,2005-09-06,48.48,2.52,65,3,1,1.0,1,77,40.0,17
200500062436,2005-10-30,51.044,2.538,29,2,1,1.0,3,59,65.0,20
200500062446,2005-10-03,50.474,3.465,26,3,2,1.0,1,59,40.0,13
200500062490,2005-10-17,50.043,1.98,19,3,2,1.0,5,80,60.0,22
200500062497,2005-10-15,50.09,2.39,14,3,2,1.0,1,80,68.0,17
200500062551,2005-10-09,49.321,2.549,16,4,1,1.0,1,60,70.0,18
200500062624,2005-10-06,48.779,0.91,15,3,1,1.0,1,27,28.0,11
200500062639,2005-10-25,49.121,0.624,39,3,2,1.0,3,27,54.0,21
200500062652,2005-10-27,49.282,0.443,71,3,2,1.0,1,27,60.0,12
200500062683,2005-10-09,48.489,-2.656,13,3,1,1.0,1,22,85.0,12
200500062692,2005-10-04,48.253,-2.45,71,2,1,1.0,1,22,76.0,18
200500062731,2005-10-19,47.49,-3.119,83,3,1,1.0,1,56,78.0,9
200500062815,2005-10-07,47.65,-1.908,72,2,1,1.0,1,44,40.0,16
200500062834,2005-10-01,47.278,-1.778,57,3,2,1.0,1,44,50.0,10
200500062848,2005-10-30,47.397,-0.876,43,3,2,1.0,1,49,60.0,11
200500062930,2005-10-27,46.6,-1.82,58,3,2,1.0,1,85,50.0,9
200500062938,2005-10-10,44.511,-0.877,36,2,1,1.0,3,33,60.0,20
200500062955,2005-10-16,44.845,-0.404,70,3,1,1.0,1,33,60.0,11
200500062979,2005-10-11,44.899,-0.201,51,3,2,1.0,1,33,60.0,9
200500063079,2005-10-20,43.409,-0.686,49,3,2,1.0,1,64,32.0,18
200500063079,2005-10-20,43.409,-0.686,46,4,2,1.0,1,64,32.0,18
200500063079,2005-10-20,43.409,-0.686,45,4,2,1.0,1,64,32.0,18
200500063191,2005-10-14,45.167,1.564,14,3,2,1.0,1,19,60.0,13
200500063428,2005-10-08,45.177,4.818,74,3,2,1.0,1,26,45.0,10
200500063512,2005-10-17,45.801,5.86,52,4,1,1.0,1,73,71.0,16
200500063677,2005-10-26,48.177,6.669,62,3,2,1.0,1,88,70.0,15
200500063735,2005-10-19,48.07,7.4,19,3,1,1.0,3,68,80.0,21
200500063737,2005-10-08,48.123,7.184,17,4,1,1.0,2,68,26.0,18
200500063747,2005-10-20,47.636,7.237,64,3,1,1.0,1,68,70.0,16
200500063815,2005-10-27,48.515,3.722,86,3,1,7.0,1,10,82.0,9
200500063935,2005-10-26,47.202,5.904,42,4,1,7.0,1,25,40.0,16
200500063966,2005-10-14,47.587,6.432,50,2,2,1.0,1,70,66.0,14
200500064060,2005-10-09,43.287,6.495,33,3,1,1.0,1,83,45.0,12
200500064073,2005-10-28,43.136,6.352,39,3,2,7.0,1,83,60.0,17
200500064078,2005-10-25,43.177,6.028,35,3,1,1.0,1,83,70.0,8
200500064233,2005-10-16,48.796,1.884,71,4,1,1.0,1,78,62.0,10
200500064233,2005-10-16,48.796,1.884,50,3,1,1.0,1,78,62.0,10
200500064295,2005-10-01,49.081,2.783,76,3,1,1.0,1,77,44.0,14
200500064436,2005-10-22,48.701,7.377,16,3,1,8.0,1,67,90.0,13
200500064635,2005-10-08,49.345,-0.496,70,3,1,1.0,3,14,60.0,6
200500064704,2005-10-23,43.0,1.0,8,3,2,1.0,1,31,60.0,10
200500070306,2005-11-25,50.478,3.305,57,3,2,1.0,1,59,60.0,13
200500070325,2005-11-13,50.291,2.543,64,3,1,1.0,1,62,65.0,10
200500070564,2005-11-04,47.776,-3.361,76,3,2,1.0,1,56,70.0,14
200500070676,2005-11-10,46.993,-1.848,54,3,2,1.0,2,44,63.0,18
200500070782,2005-11-16,44.642,-0.979,11,3,2,2.0,1,33,60.0,9
200500071111,2005-11-21,43.96,1.231,42,3,1,1.0,2,82,60.0,7
200500071354,2005-11-13,49.199,6.004,51,3,1,1.0,1,57,70.0,15
200500071438,2005-11-26,48.585,7.611,47,3,1,1.0,1,67,62.0,15
200500071518,2005-11-10,49.509,4.361,57,3,1,1.0,5,08,97.0,18
200500071637,2005-11-03,47.269,6.061,50,3,1,1.0,2,25,120.0,6
200500071713,2005-11-19,43.88,5.844,13,3,1,1.0,1,04,80.0,9
200500071907,2005-11-06,48.649,2.196,43,3,1,1.0,1,91,65.0,11
200500071907,2005-11-06,48.649,2.196,45,3,1,1.0,1,91,65.0,11
200500071923,2005-11-15,48.735,2.766,35,3,1,3.0,3,77,66.0,17
200500072030,2005-11-09,47.912,-3.707,69,3,1,1.0,1,29,65.0,11
200500072030,2005-11-09,47.912,-3.707,71,3,1,1.0,1,29,65.0,11
200500072263,2005-11-27,48.05,0.164,83,3,2,9.0,2,72,80.0,9
200500072290,2005-11-29,47.191,-1.468,16,3,2,1.0,5,44,58.0,19
200500077693,2005-12-07,50.802,2.284,54,3,1,1.0,1,59,120.0,15
200500077699,2005-12-22,50.641,2.644,25,3,1,1.0,3,59,90.0,21
200500077725,2005-12-20,50.867,2.071,49,3,1,1.0,2,62,50.0,7
200500077754,2005-12-09,50.008,2.653,47,4,1,9.0,1,80,71.0,13
200500077881,2005-12-05,49.198,1.238,63,3,1,1.0,1,27,103.0,9
200500077935,2005-12-15,47.837,-4.173,49,2,1,1.0,5,29,103.0,18
200500077985,2005-12-10,48.855,-0.863,59,3,1,1.0,1,14,60.0,15
200500078071,2005-12-27,47.403,-0.32,57,3,1,1.0,1,49,50.0,12
200500078241,2005-12-23,43.308,-0.437,72,3,1,1.0,1,64,100.0,12
200500078245,2005-12-03,43.205,-0.913,31,3,1,2.0,1,64,80.0,9
200500078305,2005-12-10,45.829,-0.478,82,3,1,1.0,1,17,60.0,16
200500078418,2005-12-23,43.18,0.02,10,3,2,1.0,1,65,50.0,11
200500078493,2005-12-01,46.251,6.09,54,2,2,1.0,1,01,70.0,16
200500078526,2005-12-17,44.735,5.015,45,3,1,1.0,1,26,100.0,14
200500078800,2005-12-06,48.583,7.689,11,3,1,1.0,1,67,60.0,15
200500078884,2005-12-16,48.461,5.387,84,3,1,1.0,1,52,45.0,16
200500078908,2005-12-10,46.884,3.089,60,3,1,1.0,1,58,44.0,15
200500079336,2005-12-31,47.136,2.056,47,3,1,2.0,2,18,60.0,17
200600003778,2006-01-13,48.78932,2.43892,30,4,1,1.0,2,94,60.0,21
200600004405,2006-01-17,50.577,2.862,77,3,1,8.0,1,59,109.0,14
200600004417,2006-01-14,50.471,3.402,70,3,2,7.0,1,59,60.0,10
200600004527,2006-01-07,49.944,1.185,44,2,1,1.0,1,76,110.0,12
200600004550,2006-01-12,48.912,1.277,11,3,2,1.0,1,27,45.0,13
200600004695,2006-01-24,47.379,-1.179,12,2,1,1.0,5,44,80.0,7
200600004861,2006-01-11,43.36,-1.55,43,3,1,1.0,1,64,61.0,15
200600005095,2006-01-19,44.893,4.92,54,3,1,1.0,1,26,62.0,16
200600005095,2006-01-19,44.893,4.92,47,2,1,1.0,1,26,62.0,16
200600005163,2006-01-23,45.603,6.296,80,2,1,1.0,1,73,64.0,10
200600005188,2006-01-27,46.212,6.405,75,3,1,1.0,1,74,90.0,8
200600005595,2006-01-11,43.317,2.558,19,3,2,1.0,1,11,59.0,15
200600005726,2006-01-21,48.193,2.33,60,3,1,1.0,1,45,66.0,17
200600005745,2006-01-10,48.278,1.669,80,2,1,8.0,1,28,62.0,16
200600005763,2006-01-08,46.529,1.474,21,2,1,3.0,3,36,58.0,19
200600005775,2006-01-22,47.103,0.549,51,3,1,1.0,1,37,70.0,11
200600005775,2006-01-22,47.103,0.549,49,3,1,1.0,1,37,70.0,11
200600005778,2006-01-25,47.116,0.981,73,2,1,1.0,1,37,70.0,8
200600005807,2006-01-30,43.468,5.613,69,3,1,1.0,1,13,60.0,10
200600006092,2006-02-10,49.82,2.222,62,3,1,1.0,1,80,50.0,12
200600006117,2006-02-10,49.259,3.065,49,3,1,1.0,1,02,75.0,16
200600006162,2006-02-10,48.976,0.454,67,3,1,1.0,1,27,62.0,15
200600006219,2006-02-19,47.718,-2.19,73,4,1,8.0,1,56,66.0,17
200600006316,2006-02-08,47.631,-0.713,65,4,2,1.0,1,49,82.0,11
200600006473,2006-02-22,46.65,-0.248,50,4,1,2.0,5,79,32.0,7
200600006827,2006-02-23,48.009,7.211,17,4,1,5.0,1,68,51.0,14
200600006828,2006-02-16,47.776,7.362,30,4,1,1.0,1,68,130.0,7
200600006832,2006-02-24,47.815,7.102,55,4,2,1.0,1,68,86.0,12
200600006966,2006-02-25,43.494,5.219,79,3,1,1.0,1,13,92.0,10
200600007048,2006-02-18,43.793,3.76,69,3,1,1.0,1,34,60.0,11
200600007048,2006-02-18,43.793,3.76,58,1,1,1.0,1,34,60.0,11
200600007191,2006-02-12,47.22,1.48,35,4,2,1.0,1,36,42.0,11
200600010498,2006-02-05,48.77077,2.46472,23,1,1,1.0,1,94,60.0,17
200600010498,2006-02-05,48.77077,2.46472,5,4,1,1.0,1,94,60.0,17
200600014854,2006-03-27,48.781,0.0,43,3,2,1.0,1,94,180.0,17
200600015696,2006-03-10,47.331,-0.418,68,3,1,1.0,1,49,80.0,13
200600015729,2006-03-26,48.341,-0.743,10,2,2,1.0,1,53,51.0,18
200600015783,2006-03-14,45.078,-0.725,41,3,1,1.0,1,33,60.0,11
200600015825,2006-03-08,44.535,0.13,32,3,2,2.0,1,47,62.0,7
200600015836,2006-03-23,43.257,-0.295,85,3,1,1.0,1,64,50.0,16
200600015938,2006-03-25,43.226,1.116,15,3,1,1.0,1,31,60.0,15
200600016000,2006-03-31,43.498,2.441,58,3,1,1.0,1,81,105.0,13
200600016104,2006-03-14,45.296,4.815,40,3,1,1.0,1,26,76.0,7
200600016157,2006-03-26,45.546,5.817,14,3,2,1.0,1,73,60.0,16
200600016158,2006-03-31,45.604,5.765,62,3,1,1.0,1,73,60.0,16
200600016200,2006-03-20,45.886,3.219,66,3,1,1.0,1,63,69.0,17
200600016708,2006-03-05,48.861,2.923,43,3,1,1.0,5,77,80.0,19
200600017067,2006-04-27,50.785,2.595,17,3,1,1.0,1,59,60.0,16
200600017093,2006-04-07,50.385,2.337,71,3,1,1.0,1,62,90.0,15
200600017097,2006-04-06,50.284,2.266,18,3,1,1.0,1,62,60.0,14
200600017279,2006-04-14,48.095,-3.259,73,3,1,1.0,1,56,60.0,13
200600017282,2006-04-19,48.053,-3.632,16,3,1,1.0,1,56,60.0,15
200600017282,2006-04-19,48.053,-3.632,13,3,1,1.0,1,56,60.0,15
200600017282,2006-04-19,48.053,-3.632,28,3,1,1.0,1,56,60.0,15
200600017303,2006-04-07,49.013,-0.879,26,1,1,1.0,1,14,70.0,16
200600017303,2006-04-07,49.013,-0.879,62,3,1,1.0,1,14,70.0,16
200600017326,2006-04-06,49.696,-1.439,67,3,1,1.0,1,50,72.0,11
200600017357,2006-04-19,47.48,-1.823,66,3,1,8.0,1,44,43.0,11
200600017408,2006-04-23,47.573,-0.589,57,3,1,1.0,1,49,75.0,9
200600017411,2006-04-25,47.973,-1.118,74,3,2,1.0,1,53,64.0,17
200600017436,2006-04-09,46.55,-1.04,48,3,1,1.0,1,85,56.0,9
200600017436,2006-04-09,46.55,-1.04,50,1,1,1.0,1,85,56.0,9
200600017483,2006-04-11,45.191,0.562,13,3,1,1.0,1,24,35.0,12
200600017508,2006-04-15,43.632,-1.11,36,3,1,1.0,1,40,60.0,17
200600017605,2006-04-12,45.986,-1.041,12,3,2,1.0,1,17,66.0,14
200600017626,2006-04-21,46.286,-0.406,15,2,1,1.0,1,79,62.0,17
200600017631,2006-04-25,46.282,0.133,23,3,2,7.0,1,79,45.0,14
200600017631,2006-04-25,46.282,0.133,61,3,1,7.0,1,79,45.0,14
200600017801,2006-04-12,46.352,6.103,45,3,1,1.0,1,01,70.0,18
200600017825,2006-04-14,44.834,4.979,52,3,1,1.0,1,26,110.0,16
200600017862,2006-04-28,45.1,5.74,38,3,1,2.0,1,38,50.0,15
200600017887,2006-04-20,45.436,5.011,38,3,1,1.0,1,38,67.0,17
200600017923,2006-04-22,45.649,6.326,61,3,1,1.0,1,73,75.0,12
200600017961,2006-04-08,45.788,3.532,19,3,1,1.0,1,63,72.0,13
200600018118,2006-04-14,48.725,3.726,16,3,1,1.0,1,51,50.0,17
200600018149,2006-04-12,48.045,5.214,14,3,1,1.0,1,52,55.0,16
200600018237,2006-04-04,46.74,5.9,29,3,1,1.0,1,39,67.0,18
200600018247,2006-04-20,46.411,5.796,6,3,1,1.0,1,39,56.0,16
200600018426,2006-04-05,43.247,2.325,12,3,1,1.0,1,11,52.0,17
200600018542,2006-04-24,48.805,2.734,84,2,1,1.0,1,77,60.0,16
200600018648,2006-04-26,47.451,0.475,11,3,1,1.0,1,37,57.0,15
200600018690,2006-04-30,47.297,5.134,9,4,1,1.0,1,21,70.0,17
200600018739,2006-04-23,43.72,1.433,2006,3,1,1.0,1,31,64.0,18
200600018839,2006-04-14,47.626,-2.733,14,3,1,1.0,1,56,42.0,19
200600022636,2006-04-18,48.7732,2.43516,21,4,1,1.0,1,94,30.0,17
200600023510,2006-05-30,47.991,-2.125,7,3,1,1.0,1,35,50.0,18
200600023536,2006-05-09,48.176,-2.749,43,2,1,1.0,1,22,70.0,13
200600023556,2006-05-20,47.889,-4.168,41,3,1,1.0,1,29,51.0,13
200600023584,2006-05-07,49.255,-0.383,65,3,1,1.0,1,14,87.0,11
200600023648,2006-05-20,47.393,-0.511,20,4,1,1.0,3,49,50.0,23
200600023676,2006-05-02,47.916,0.256,8,3,2,1.0,1,72,41.0,18
200600023698,2006-05-03,46.507,-0.956,8,3,1,1.0,1,85,59.0,18
200600023702,2006-05-23,46.7,-1.938,76,3,1,1.0,1,85,70.0,10
200600023765,2006-05-20,43.91,-0.47,10,3,2,1.0,1,40,60.0,17
200600023793,2006-05-05,44.651,0.61,59,2,2,1.0,1,47,70.0,10
200600023974,2006-05-01,43.832,2.258,65,3,1,1.0,1,81,44.0,10
200600024033,2006-05-27,46.435,4.939,71,3,2,1.0,1,01,100.0,10
200600024073,2006-05-10,45.108,4.667,38,3,1,8.0,1,07,63.0,19
200600024073,2006-05-10,45.108,4.667,33,1,1,8.0,1,07,63.0,19
200600024082,2006-05-27,44.524,4.713,84,3,1,1.0,1,26,50.0,15
200600024151,2006-05-05,46.049,3.929,18,3,1,1.0,1,42,73.0,9
200600024319,2006-05-26,48.148,6.791,7,4,1,2.0,5,88,50.0,19
200600024329,2006-05-02,48.866,7.181,73,3,1,1.0,1,67,76.0,17
200600024385,2006-05-04,48.801,4.577,57,3,1,1.0,1,51,74.0,17
200600024506,2006-05-24,47.144,5.655,20,2,1,1.0,1,39,61.0,15
200600024506,2006-05-24,47.144,5.655,19,4,1,1.0,1,39,61.0,15
200600024506,2006-05-24,47.144,5.655,25,4,1,1.0,1,39,61.0,15
200600024562,2006-05-06,44.324,5.818,8,3,1,1.0,1,05,76.0,18
200600024686,2006-05-11,43.573,3.403,15,3,1,1.0,1,34,43.0,19
200600024700,2006-05-06,43.31,2.55,11,3,2,8.0,1,11,60.0,16
200600024788,2006-05-01,48.833,1.902,19,3,1,1.0,5,78,50.0,0
200600024955,2006-05-04,49.423,5.947,8,3,2,1.0,1,57,47.0,17
200600025087,2006-05-28,45.909,6.131,67,3,2,1.0,1,74,90.0,11
200600025095,2006-05-06,47.537,-2.755,16,3,1,1.0,1,56,54.0,9
200600030000,2006-06-13,50.817,2.711,16,3,1,1.0,1,59,50.0,17
200600030057,2006-06-03,50.16,2.34,16,3,1,1.0,1,80,104.0,16
200600030249,2006-06-04,48.637,-2.258,48,3,1,1.0,1,22,48.0,15
200600030258,2006-06-15,48.838,-3.142,63,3,2,1.0,1,22,50.0,17
200600030292,2006-06-24,47.607,-3.105,66,4,1,1.0,1,56,70.0,14
200600030319,2006-06-10,49.282,-0.703,25,4,1,1.0,5,14,45.0,23
200600030327,2006-06-05,49.114,0.149,53,2,1,1.0,1,14,58.0,15
200600030339,2006-06-08,48.604,-1.348,76,2,1,7.0,1,50,90.0,8
200600030358,2006-06-09,49.244,-1.619,70,3,1,1.0,1,50,77.0,10
200600030360,2006-06-09,48.58,-0.84,38,3,2,1.0,1,50,62.0,15
200600030395,2006-06-22,47.643,-1.988,77,2,1,1.0,1,44,59.0,14
200600030440,2006-06-12,47.378,-0.137,45,3,2,7.0,1,49,60.0,8
200600030442,2006-06-19,47.257,-0.029,18,1,1,1.0,1,49,60.0,9
200600030484,2006-06-07,47.73,-0.136,26,3,1,1.0,1,72,40.0,17
200600030515,2006-06-28,46.486,-0.776,15,3,1,1.0,1,85,59.0,18
200600030525,2006-06-07,46.759,-1.685,10,3,1,1.0,1,85,68.0,13
200600030547,2006-06-17,45.026,-0.474,50,3,2,1.0,1,33,71.0,20
200600030580,2006-06-22,45.038,-0.184,17,3,1,1.0,1,33,200.0,17
200600030618,2006-06-17,44.813,1.206,73,1,1,1.0,1,24,70.0,11
200600030618,2006-06-17,44.813,1.206,66,3,1,1.0,1,24,70.0,11
200600030677,2006-06-01,43.505,-1.324,46,3,2,1.0,1,64,67.0,12
200600030811,2006-06-08,44.332,2.787,56,3,1,1.0,1,12,65.0,18
200600030840,2006-06-05,43.7,-0.208,20,3,1,1.0,2,32,63.0,21
200600030964,2006-06-09,44.817,4.793,14,3,1,1.0,1,07,50.0,18
200600031006,2006-06-21,45.144,5.275,55,3,1,1.0,1,38,59.0,18
200600031020,2006-06-08,45.396,5.263,82,3,1,1.0,1,38,40.0,9
200600031197,2006-06-11,48.961,6.876,8,3,1,1.0,2,57,62.0,21
200600031204,2006-06-11,48.695,7.157,22,3,1,1.0,1,57,70.0,15
200600031205,2006-06-25,48.616,7.157,49,3,1,1.0,1,57,23.0,12
200600031254,2006-06-20,47.894,6.749,70,2,1,1.0,1,88,81.0,10
200600031308,2006-06-24,48.274,7.283,7,3,1,1.0,1,68,40.0,19
200600031347,2006-06-09,48.744,4.594,64,3,1,1.0,1,51,88.0,10
200600031366,2006-06-09,49.581,4.495,10,3,1,1.0,1,08,67.0,18
200600031393,2006-06-01,47.227,5.187,17,3,1,1.0,1,21,67.0,7
200600031404,2006-06-21,47.068,4.818,63,3,1,1.0,1,21,62.0,18
200600031674,2006-06-10,44.299,4.751,18,3,1,1.0,1,84,55.0,10
200600031821,2006-06-16,48.852,1.898,11,3,1,1.0,1,78,60.0,19
200600031890,2006-06-09,47.056,3.0,77,2,1,1.0,1,18,64.0,10
200600031893,2006-06-02,46.74,2.489,26,3,1,1.0,1,18,105.0,16
200600032191,2006-06-12,49.069,2.303,74,2,1,1.0,1,95,60.0,10
200600039563,2006-07-23,48.76459,3.45699,57,4,1,1.0,1,62,390.0,10
200600042290,2006-07-01,50.188,3.494,16,4,1,1.0,1,59,74.0,18
200600042306,2006-07-13,50.87,1.891,18,4,2,1.0,1,62,60.0,15
200600042308,2006-07-16,50.467,1.579,11,3,2,1.0,1,62,58.0,20
200600042465,2006-07-12,49.096,0.595,46,3,2,1.0,1,27,60.0,16
200600042537,2006-07-26,48.094,2.511,54,4,2,1.0,1,22,40.0,9
200600042569,2006-07-27,48.635,-4.542,13,1,1,1.0,1,29,50.0,11
200600042569,2006-07-27,48.635,-4.542,55,4,1,1.0,1,29,50.0,11
200600042580,2006-07-18,47.691,-2.765,56,3,1,1.0,1,56,65.0,8
200600042638,2006-07-23,49.045,-1.218,6,2,1,1.0,1,50,40.0,18
200600042643,2006-07-04,48.716,-1.497,9,3,1,1.0,1,50,42.0,15
200600042717,2006-07-29,47.211,-2.043,38,4,1,1.0,1,44,70.0,19
200600042740,2006-07-24,47.549,-0.434,38,3,1,1.0,1,49,62.0,18
200600042901,2006-07-05,43.55,-1.103,16,4,1,1.0,1,40,75.0,16
200600042901,2006-07-05,43.55,-1.103,17,4,1,1.0,1,40,75.0,16
200600043079,2006-07-15,43.529,1.401,43,3,1,1.0,1,31,70.0,11
200600043085,2006-07-26,43.683,1.534,63,4,1,1.0,1,31,30.0,10
200600043092,2006-07-24,43.346,1.163,13,3,2,1.0,1,31,47.0,13
200600043095,2006-07-25,43.122,0.653,85,2,1,1.0,1,31,71.0,11
200600043144,2006-07-09,43.515,0.42,59,3,1,1.0,1,32,70.0,9
200600043285,2006-07-10,44.66,4.27,25,2,1,1.0,1,07,49.0,19
200600043310,2006-07-05,44.391,5.306,54,3,1,1.0,1,26,52.0,14
200600043362,2006-07-10,45.484,5.569,18,3,2,7.0,1,38,51.0,11
200600043375,2006-07-02,45.433,5.177,52,2,1,1.0,1,38,39.0,16
200600043423,2006-07-20,45.197,6.468,59,4,1,1.0,1,73,70.0,9
200600043456,2006-07-02,46.007,5.82,54,2,1,1.0,3,74,65.0,22
200600043469,2006-07-26,46.204,6.75,15,4,1,1.0,1,74,65.0,10
200600043471,2006-07-12,45.593,2.773,16,3,1,1.0,1,63,57.0,18
200600043473,2006-07-16,45.778,3.027,48,2,1,1.0,1,63,45.0,10
200600043613,2006-07-20,49.49,5.18,59,4,1,1.0,1,55,45.0,10
200600043673,2006-07-01,48.683,7.507,52,4,1,1.0,1,67,70.0,15
200600043682,2006-07-10,48.856,8.103,55,2,2,1.0,1,67,71.0,20
200600043695,2006-07-13,48.15,7.323,61,3,1,1.0,1,68,60.0,11
200600043708,2006-07-30,47.722,7.293,14,3,1,1.0,1,68,76.0,15
200600043710,2006-07-27,47.641,7.531,71,3,1,1.0,1,68,28.0,7
200600043750,2006-07-11,48.242,4.471,12,3,1,1.0,1,10,38.0,13
200600043777,2006-07-12,48.443,5.144,70,4,2,1.0,1,52,18.0,14
200600043793,2006-07-23,47.011,4.71,32,3,2,1.0,1,21,62.0,13
200600043822,2006-07-26,46.419,4.878,33,2,1,1.0,2,71,127.0,21
200600043859,2006-07-03,47.987,3.412,11,3,2,1.0,1,89,70.0,10
200600043870,2006-07-01,48.196,2.956,61,3,1,1.0,1,89,33.0,11
200600043870,2006-07-01,48.196,2.956,62,3,1,1.0,1,89,33.0,11
200600043895,2006-07-25,46.839,5.708,18,3,1,1.0,1,39,50.0,20
200600043982,2006-07-12,44.577,6.175,49,3,1,1.0,1,05,74.0,16
200600044075,2006-07-12,43.958,4.864,70,2,1,8.0,1,84,36.0,19
200600044083,2006-07-14,43.951,5.029,18,3,1,7.0,1,84,108.0,17
200600044115,2006-07-16,43.598,3.5,82,3,1,1.0,1,34,88.0,7
200600044183,2006-07-19,44.78,3.63,13,2,1,1.0,1,48,54.0,13
200600044183,2006-07-19,44.78,3.63,15,3,1,1.0,1,48,54.0,13
200600044216,2006-07-31,42.755,3.021,62,4,1,1.0,1,66,65.0,15
200600044271,2006-07-09,48.68,1.98,49,3,1,1.0,1,78,70.0,10
200600044276,2006-07-26,48.84,1.9,60,3,1,1.0,1,78,60.0,10
200600044347,2006-07-09,46.809,2.917,72,2,1,1.0,1,18,66.0,11
200600044360,2006-07-05,48.54,1.59,14,3,1,1.0,1,28,52.0,18
200600044379,2006-07-02,46.676,1.792,64,3,2,1.0,1,36,70.0,11
200600044380,2006-07-06,46.747,1.832,66,3,2,1.0,1,36,35.0,8
200600044408,2006-07-21,47.237,0.107,8,3,1,1.0,1,37,72.0,10
200600044418,2006-07-06,47.544,1.235,76,3,1,1.0,1,41,48.0,10
200600044453,2006-07-13,48.124,-1.559,77,3,1,1.0,1,35,40.0,11
200600044860,2006-08-29,50.245,2.66,13,3,2,1.0,1,62,98.0,14
200600044973,2006-08-03,49.557,0.402,54,3,1,1.0,1,76,26.0,18
200600045029,2006-08-09,48.462,-1.389,66,3,2,1.0,1,35,40.0,10
200600045095,2006-08-24,48.558,-4.729,58,3,1,1.0,1,29,60.0,11
200600045106,2006-08-01,48.658,-4.177,37,1,1,1.0,1,29,75.0,19
200600045106,2006-08-01,48.658,-4.177,48,3,1,1.0,1,29,75.0,19
200600045149,2006-08-20,49.276,0.168,55,3,1,2.0,1,14,70.0,11
200600045283,2006-08-31,47.799,0.01,75,3,1,1.0,1,72,73.0,11
200600045331,2006-08-04,45.18,-0.44,17,2,2,1.0,1,33,58.0,16
200600045437,2006-08-05,43.452,-1.517,77,3,1,1.0,1,64,70.0,10
200600045493,2006-08-14,45.993,-1.055,42,3,1,1.0,1,17,63.0,8
200600045538,2006-08-23,46.133,2.123,35,3,1,1.0,1,23,58.0,11
200600045572,2006-08-23,43.109,1.652,10,3,1,1.0,1,09,39.0,17
200600045593,2006-08-23,43.884,0.386,2006,2,1,1.0,1,32,68.0,10
200600045594,2006-08-03,43.831,-0.089,9,4,2,1.0,1,32,27.0,11
200600045721,2006-08-26,44.28,4.62,41,3,1,1.0,3,07,59.0,23
200600045750,2006-08-10,44.447,4.981,83,3,2,1.0,1,26,76.0,17
200600045752,2006-08-01,45.124,4.999,47,4,1,1.0,1,26,70.0,8
200600045827,2006-08-25,46.176,4.193,60,3,1,1.0,1,42,73.0,16
200600045859,2006-08-19,46.299,6.311,21,2,1,1.0,1,74,45.0,11
200600045871,2006-08-02,45.731,2.531,11,3,1,1.0,1,63,30.0,13
200600045882,2006-08-10,45.868,3.017,47,4,1,1.0,1,63,70.0,19
200600045887,2006-08-10,45.852,2.889,29,4,1,1.0,1,63,69.0,17
200600045930,2006-08-29,44.96,3.48,69,2,1,2.0,1,43,60.0,11
200600045999,2006-08-15,49.498,5.189,14,3,1,1.0,1,55,60.0,19
200600046023,2006-08-11,48.494,7.694,33,3,2,2.0,1,67,63.0,8
200600046069,2006-08-23,47.723,7.297,33,3,1,1.0,1,68,79.0,16
200600046118,2006-08-14,47.227,4.928,59,3,1,1.0,1,21,60.0,13
200600046141,2006-08-26,46.48,4.61,50,4,1,1.0,1,71,40.0,15
200600046194,2006-08-22,47.187,5.816,6,3,1,1.0,1,25,60.0,18
200600046202,2006-08-11,47.203,6.664,47,3,1,1.0,1,25,30.0,12
200600046331,2006-08-30,43.982,7.13,20,3,1,1.0,3,06,64.0,16
200600046382,2006-08-10,43.154,6.075,78,3,1,1.0,1,83,50.0,7
200600046425,2006-08-13,43.66,3.144,55,3,1,1.0,1,34,61.0,11
200600046510,2006-08-03,43.943,4.577,64,3,1,1.0,1,30,50.0,20
200600046598,2006-08-09,48.568,2.042,74,3,1,1.0,1,91,85.0,9
200600046670,2006-08-31,46.587,1.513,56,3,2,1.0,1,36,70.0,17
200600046691,2006-08-31,46.948,2.013,76,4,2,1.0,1,36,78.0,18
200600046709,2006-08-16,47.696,1.513,31,3,1,1.0,1,41,65.0,14
200600046712,2006-08-21,47.34,1.138,74,3,1,7.0,1,41,89.0,8
200600046742,2006-08-18,43.575,3.813,68,3,1,1.0,1,34,70.0,18
200600046829,2006-08-31,45.78,4.785,27,3,2,1.0,1,69,70.0,18
200600046911,2006-08-29,47.54,-2.88,62,2,2,1.0,1,56,76.0,15
200600046942,2006-08-18,46.09,6.493,62,3,1,1.0,1,74,70.0,17
200600046978,2006-08-06,43.539,3.94,61,3,1,1.0,1,34,60.0,9
200600050708,2006-09-10,50.363,2.672,56,2,1,1.0,1,62,67.0,11
200600050715,2006-09-10,50.619,2.459,44,4,1,1.0,1,62,78.0,9
200600050718,2006-09-09,50.611,2.776,59,2,1,1.0,1,62,55.0,17
200600050750,2006-09-18,49.946,2.231,61,2,1,1.0,1,80,70.0,12
200600050974,2006-09-13,48.643,-3.706,58,3,1,1.0,1,29,71.0,19
200600051091,2006-09-15,47.16,-1.601,38,3,1,1.0,2,44,64.0,7
200600051109,2006-09-09,47.429,-0.613,42,3,2,1.0,1,49,32.0,18
200600051112,2006-09-24,47.447,-0.155,8,3,1,2.0,1,49,32.0,13
200600051241,2006-09-10,45.308,0.348,64,1,1,1.0,1,24,50.0,10
200600051375,2006-09-22,46.024,-0.346,28,3,1,1.0,4,17,60.0,21
200600051422,2006-09-03,43.495,1.441,39,3,1,1.0,1,31,63.0,11
200600051422,2006-09-03,43.495,1.441,57,4,1,1.0,1,31,63.0,11
200600051422,2006-09-03,43.495,1.441,57,4,1,1.0,1,31,63.0,11
200600051422,2006-09-03,43.495,1.441,56,1,1,1.0,1,31,63.0,11
200600051669,2006-09-21,45.311,5.497,77,3,1,1.0,1,38,50.0,17
200600051721,2006-09-20,45.485,4.579,80,2,1,1.0,1,42,66.0,17
200600051728,2006-09-06,46.035,3.932,19,3,1,7.0,1,42,63.0,17
200600051828,2006-09-11,44.863,2.308,44,4,1,1.0,1,15,60.0,14
200600051829,2006-09-02,44.933,2.533,6,3,1,1.0,5,15,58.0,21
200600051870,2006-09-04,48.78,6.565,65,2,1,1.0,1,57,40.0,15
200600051899,2006-09-28,49.403,5.883,65,2,1,1.0,1,54,60.0,17
200600051942,2006-09-10,48.942,7.04,15,4,1,1.0,1,67,34.0,14
200600052012,2006-09-16,49.617,4.609,14,3,1,1.0,1,08,80.0,20
200600052022,2006-09-16,49.503,4.141,15,3,2,1.0,3,08,63.0,20
200600052059,2006-09-02,47.115,5.257,82,2,1,1.0,1,21,35.0,14
200600052067,2006-09-11,46.957,3.422,54,3,1,1.0,1,58,38.0,17
200600052201,2006-09-06,44.395,6.686,67,3,1,1.0,1,04,68.0,17
200600052226,2006-09-11,44.566,6.199,77,3,1,1.0,1,05,72.0,10
200600052431,2006-09-04,42.136,9.141,52,2,1,1.0,1,2B,63.0,12
200600052449,2006-09-02,48.85,1.886,27,3,1,1.0,1,78,60.0,16
200600052493,2006-09-27,48.274,2.861,11,3,2,1.0,1,77,51.0,16
200600052507,2006-09-28,48.04,1.978,49,1,1,1.0,1,45,70.0,9
200600052535,2006-09-26,46.997,2.168,4,2,2,1.0,1,18,56.0,17
200600052584,2006-09-15,46.987,0.347,69,3,2,3.0,1,37,70.0,16
200600052718,2006-09-29,45.262,5.851,34,4,1,1.0,1,38,100.0,16
200600052779,2006-09-22,47.523,-2.664,47,1,1,1.0,1,56,61.0,18
200600058186,2006-10-07,50.512,2.893,21,3,2,1.0,1,59,40.0,18
200600058201,2006-10-27,50.781,2.554,65,2,1,1.0,1,59,75.0,16
200600058213,2006-10-06,50.073,3.337,14,3,1,1.0,1,59,60.0,16
200600058255,2006-10-24,49.906,3.006,48,3,1,1.0,3,80,70.0,21
200600058270,2006-10-13,49.539,3.832,20,3,1,1.0,1,02,58.0,12
200600058339,2006-10-01,49.793,1.75,72,3,1,1.0,1,76,50.0,16
200600058446,2006-10-28,48.557,-4.344,28,3,2,1.0,1,29,72.0,16
200600058492,2006-10-09,49.698,-1.276,44,3,1,1.0,1,50,50.0,12
200600058541,2006-10-30,47.24,-1.701,67,3,1,1.0,1,44,61.0,10
200600058545,2006-10-20,47.328,-2.08,69,4,1,2.0,1,44,100.0,11
200600058786,2006-10-25,45.775,1.221,63,3,1,1.0,1,87,61.0,14
200600058824,2006-10-13,43.357,1.47,70,3,1,1.0,1,31,70.0,18
200600058824,2006-10-13,43.357,1.47,70,3,2,1.0,1,31,70.0,18
200600058834,2006-10-30,42.92,0.63,15,3,1,1.0,1,31,34.0,17
200600058879,2006-10-06,43.526,0.148,24,3,2,1.0,1,32,56.0,16
200600059008,2006-10-17,45.069,4.838,50,4,1,1.0,1,07,100.0,12
200600059034,2006-10-12,45.294,5.94,57,3,1,1.0,1,38,73.0,12
200600059085,2006-10-13,45.578,4.32,75,4,1,1.0,1,42,58.0,16
200600059164,2006-10-23,46.56,3.287,80,3,1,1.0,1,03,60.0,14
200600059187,2006-10-22,45.048,3.084,48,3,1,1.0,1,15,78.0,9
200600059194,2006-10-16,44.993,3.698,74,3,1,1.0,1,43,66.0,14
200600059203,2006-10-14,45.059,4.247,12,3,1,1.0,1,43,64.0,11
200600059208,2006-10-17,49.049,6.056,35,3,1,1.0,2,57,69.0,7
200600059209,2006-10-26,49.048,6.026,63,3,1,1.0,1,57,62.0,15
200600059243,2006-10-27,48.892,6.123,41,2,1,1.0,1,54,72.0,17
200600059626,2006-10-16,43.401,5.918,9,3,2,1.0,1,83,50.0,9
200600059672,2006-10-03,43.567,4.084,14,3,1,7.0,1,34,105.0,17
200600059695,2006-10-29,43.552,3.287,49,3,1,1.0,1,34,40.0,9
200600059736,2006-10-07,44.043,3.988,58,3,2,1.0,1,30,60.0,14
200600059782,2006-10-27,42.653,2.529,84,3,1,1.0,1,66,70.0,14
200600059830,2006-10-18,48.797,3.275,65,3,2,1.0,1,77,60.0,9
200600059954,2006-10-13,47.762,1.193,19,3,1,1.0,2,41,63.0,7
200600071234,2006-11-01,49.45,4.04,14,4,1,7.0,3,02,62.0,18
200600071394,2006-11-03,48.62,-2.42,32,2,2,1.0,3,22,65.0,20
200600071406,2006-11-02,48.812,-3.502,9,4,2,1.0,1,22,65.0,12
200600071475,2006-11-08,49.18,-1.251,25,2,1,2.0,3,50,64.0,19
200600071557,2006-11-26,47.362,-0.443,28,3,1,2.0,3,49,86.0,1
200600071584,2006-11-08,48.157,-0.406,18,3,1,1.0,2,53,70.0,18
200600071628,2006-11-23,46.786,-1.434,41,3,2,2.0,3,85,61.0,7
200600071662,2006-11-09,44.828,-0.443,86,3,1,1.0,1,33,105.0,17
200600071870,2006-11-17,43.493,1.54,35,2,1,1.0,3,31,30.0,19
200600071915,2006-11-08,43.716,2.705,67,2,1,1.0,1,81,62.0,14
200600071953,2006-11-13,45.693,4.789,17,2,2,1.0,1,69,90.0,7
200600071998,2006-11-03,46.096,4.759,22,4,1,1.0,2,01,70.0,6
200600072010,2006-11-27,44.45,4.348,14,3,1,1.0,1,07,58.0,15
200600072059,2006-11-26,45.778,5.186,59,3,1,1.0,1,38,70.0,13
200600072081,2006-11-03,46.174,4.13,55,3,2,1.0,1,42,56.0,16
200600072167,2006-11-08,45.15,4.109,58,4,1,1.0,2,43,65.0,17
200600072294,2006-11-06,48.728,3.721,13,3,1,1.0,1,51,50.0,12
200600072409,2006-11-06,47.539,6.787,49,3,1,1.0,1,25,47.0,15
200600072431,2006-11-10,47.598,6.731,63,3,1,1.0,1,70,77.0,15
200600072466,2006-11-09,43.716,5.161,35,4,1,1.0,1,13,53.0,9
200600072579,2006-11-26,43.866,3.906,16,4,2,1.0,1,34,77.0,11
200600072609,2006-11-17,43.314,2.493,32,3,1,1.0,3,11,50.0,6
200600072754,2006-11-03,47.087,2.925,14,3,1,1.0,3,18,49.0,17
200600073107,2006-12-07,50.361,3.642,19,3,2,6.0,1,59,52.0,15
200600073279,2006-12-24,48.933,0.943,57,1,2,2.0,1,27,77.0,15
200600073347,2006-12-29,48.014,-1.29,63,3,1,1.0,2,35,82.0,17
200600073410,2006-12-28,47.697,-3.117,54,4,1,1.0,1,56,60.0,14
200600073433,2006-12-07,49.026,-0.029,67,3,1,2.0,1,14,78.0,10
200600073861,2006-12-15,44.684,1.26,71,4,2,1.0,3,46,50.0,18
200600073872,2006-12-13,43.88,1.89,13,4,2,1.0,1,81,75.0,12
200600074024,2006-12-27,45.44,4.746,13,1,1,1.0,1,42,63.0,11
200600074024,2006-12-27,45.44,4.746,9,3,2,1.0,1,42,63.0,11
200600074059,2006-12-03,46.37,6.321,47,3,1,1.0,1,74,95.0,15
200600074318,2006-12-01,47.112,5.33,76,2,1,5.0,3,21,70.0,19
200600074565,2006-12-11,43.058,2.214,49,3,1,7.0,1,11,82.0,13
200600074584,2006-12-13,44.082,4.116,56,3,2,1.0,1,30,75.0,16
200600074706,2006-12-14,47.72,1.948,12,2,1,1.0,5,45,60.0,17
200600074733,2006-12-21,47.078,2.726,71,3,1,7.0,1,18,80.0,12
200600074798,2006-12-18,47.809,-3.627,69,3,1,1.0,1,29,63.0,16
200600074941,2006-12-03,45.506,4.255,33,4,1,1.0,1,42,60.0,12
200600075023,2006-12-29,50.009,1.513,48,3,1,1.0,1,76,70.0,11
200700000029,2007-01-08,50.52,1.646,35,3,1,2.0,1,62,70.0,16
200700000032,2007-01-29,50.859,1.977,14,3,1,1.0,1,62,50.0,8
200700000211,2007-01-16,48.605,-3.489,67,3,1,1.0,1,22,70.0,17
200700000263,2007-01-25,48.686,-1.355,55,2,1,9.0,1,50,127.0,14
200700000356,2007-01-17,48.3,-0.922,36,3,1,3.0,1,53,81.0,16
200700000370,2007-01-03,48.179,0.428,57,3,2,1.0,1,72,42.0,15
200700000415,2007-01-10,44.6,-0.3,78,2,1,1.0,1,33,103.0,15
200700000429,2007-01-24,45.188,0.609,16,3,1,1.0,3,24,63.0,18
200700000554,2007-01-22,43.741,1.402,29,4,1,2.0,1,31,58.0,17
200700000688,2007-01-16,45.068,4.84,70,4,2,1.0,1,07,60.0,14
200700000749,2007-01-13,45.626,4.308,42,4,2,1.0,1,42,64.0,14
200700000749,2007-01-13,45.626,4.308,48,4,2,1.0,1,42,64.0,14
200700000837,2007-01-14,44.98,3.87,46,1,1,1.0,1,43,60.0,11
200700000837,2007-01-14,44.98,3.87,61,3,1,1.0,1,43,60.0,11
200700000940,2007-01-08,49.128,4.363,25,3,2,2.0,5,51,74.0,18
200700001323,2007-01-29,48.098,2.796,77,2,2,1.0,1,45,36.0,16
200700001366,2007-01-06,47.652,1.424,18,3,1,2.0,1,41,30.0,16
200700002776,2007-01-19,43.30888,3.47703,14,3,1,1.0,1,34,143.0,7
200700006126,2007-02-27,50.543,2.364,56,4,1,2.0,1,62,40.0,9
200700006164,2007-02-03,49.972,3.856,17,3,1,1.0,1,02,71.0,13
200700006188,2007-02-28,49.444,2.855,46,3,1,2.0,1,60,80.0,17
200700006225,2007-02-22,49.168,1.221,15,3,2,1.0,1,27,61.0,15
200700006273,2007-02-10,48.538,-2.225,63,2,2,8.0,2,22,65.0,7
200700006276,2007-02-06,48.626,-3.327,48,3,1,8.0,2,22,60.0,18
200700006294,2007-02-01,48.603,-4.051,64,3,1,8.0,3,29,75.0,19
200700006359,2007-02-15,47.71,-1.42,73,4,1,1.0,1,44,50.0,10
200700006439,2007-02-07,44.954,-0.502,16,3,1,1.0,1,33,41.0,12
200700006440,2007-02-17,44.92,-0.41,54,3,1,1.0,1,33,71.0,15
200700006446,2007-02-08,44.99,-0.43,38,3,1,1.0,1,33,40.0,15
200700006482,2007-02-01,43.617,-1.125,50,3,1,1.0,1,40,68.0,16
200700006569,2007-02-08,45.186,1.459,13,4,1,1.0,2,19,45.0,18
200700006601,2007-02-26,43.003,1.135,45,2,1,1.0,1,09,68.0,13
200700006622,2007-02-17,43.623,-0.103,57,3,1,1.0,1,32,43.0,15
200700006762,2007-02-04,45.806,4.149,83,3,1,7.0,1,42,61.0,15
200700006974,2007-02-16,48.305,4.586,12,3,1,1.0,1,10,71.0,13
200700006978,2007-02-03,48.51,3.756,14,3,2,1.0,2,10,65.0,17
200700007018,2007-02-16,46.817,4.602,15,3,1,1.0,2,71,35.0,18
200700007357,2007-02-03,49.424,6.01,30,3,1,7.0,1,57,67.0,16
200700007461,2007-02-13,45.507,4.215,80,3,1,1.0,1,42,33.0,16
200700008437,2007-02-19,43.83052,3.45699,42,4,1,1.0,1,30,36.0,7
200700008648,2007-02-05,43.63773,3.85956,22,4,1,8.0,5,34,66.0,19
200700011891,2007-03-25,50.122,1.483,53,3,1,6.0,1,80,75.0,11
200700011946,2007-03-27,49.552,2.48,56,3,1,1.0,1,60,70.0,17
200700011972,2007-03-02,49.557,0.351,42,4,1,1.0,1,76,66.0,13
200700012035,2007-03-15,48.768,-3.075,48,3,1,7.0,1,22,75.0,18
200700012062,2007-03-10,48.581,-3.993,49,3,1,7.0,1,29,76.0,18
200700012142,2007-03-12,47.128,-1.621,15,3,2,1.0,1,44,61.0,17
200700012159,2007-03-27,47.408,-0.529,10,4,1,1.0,1,49,55.0,8
200700012395,2007-03-12,43.31,1.523,80,3,2,1.0,1,31,50.0,17
200700012596,2007-03-17,45.517,4.105,50,3,1,1.0,1,42,56.0,16
200700012653,2007-03-14,46.361,6.307,53,3,2,7.0,1,74,55.0,16
200700012745,2007-03-25,49.285,5.813,8,3,2,1.0,1,54,59.0,17
200700012746,2007-03-17,48.52,6.401,47,3,1,1.0,1,54,78.0,15
200700012760,2007-03-04,49.119,5.585,11,3,1,1.0,1,55,68.0,11
200700012788,2007-03-08,48.572,7.5,46,1,1,1.0,1,67,70.0,14
200700012788,2007-03-08,48.572,7.5,60,3,1,1.0,1,67,70.0,14
200700012803,2007-03-28,48.606,7.575,65,3,1,1.0,1,67,51.0,15
200700012824,2007-03-10,47.575,7.513,51,3,1,1.0,1,68,60.0,13
200700012844,2007-03-04,48.723,4.553,79,3,1,1.0,2,51,66.0,18
200700013073,2007-03-16,43.598,3.111,57,3,1,1.0,1,34,63.0,10
200700013121,2007-03-24,43.881,4.593,15,3,1,1.0,1,30,26.0,14
200700013150,2007-03-21,42.28,9.543,36,3,1,1.0,1,2B,45.0,7
200700013187,2007-03-27,48.745,2.766,21,4,2,1.0,1,77,79.0,9
200700013200,2007-03-07,47.686,1.786,77,3,1,1.0,1,45,54.0,11
200700013225,2007-03-15,46.895,2.555,50,3,2,1.0,1,18,55.0,16
200700013429,2007-03-05,48.634,7.705,15,3,1,1.0,1,67,70.0,17
200700013431,2007-03-04,45.61,5.21,64,4,1,1.0,1,38,70.0,10
200700014755,2007-03-12,43.61213,3.8668,30,3,2,1.0,1,34,60.0,17
200700014785,2007-03-29,43.6035,3.88782,28,1,1,1.0,1,34,76.0,18
200700014785,2007-03-29,43.6035,3.88782,74,3,2,1.0,1,34,76.0,18
200700018383,2007-04-17,50.301,3.517,12,3,1,1.0,1,59,58.0,15
200700018444,2007-04-13,49.698,2.791,19,3,1,1.0,1,80,50.0,13
200700018529,2007-04-10,49.481,0.765,77,3,2,5.0,1,76,60.0,10
200700018572,2007-04-09,49.1,1.38,9,3,1,1.0,1,27,50.0,13
200700018640,2007-04-23,48.231,-3.733,6,3,1,1.0,1,29,40.0,19
200700018647,2007-04-22,47.6,-2.89,63,4,1,1.0,1,56,61.0,10
200700018663,2007-04-21,47.849,-2.714,55,3,1,1.0,1,56,70.0,15
200700018740,2007-04-19,48.781,-0.769,62,3,1,1.0,1,61,89.0,17
200700018754,2007-04-17,47.43,-1.483,62,3,1,1.0,1,44,60.0,11
200700018843,2007-04-22,46.63,-1.68,60,3,1,1.0,1,85,63.0,10
200700018856,2007-04-14,45.044,-0.549,62,2,1,1.0,1,33,60.0,17
200700018877,2007-04-16,44.978,-0.199,20,2,1,1.0,1,33,66.0,9
200700018987,2007-04-23,45.981,-1.369,71,4,1,1.0,1,17,40.0,19
200700019045,2007-04-20,43.301,1.202,48,3,2,1.0,1,31,82.0,14
200700019104,2007-04-24,44.169,1.552,54,3,2,1.0,1,82,77.0,7
200700019175,2007-04-20,44.821,4.57,46,2,1,1.0,1,07,60.0,16
200700019176,2007-04-10,44.574,4.693,47,3,1,1.0,1,07,74.0,18
200700019200,2007-04-06,44.87,4.96,14,2,1,1.0,1,26,54.0,15
200700019275,2007-04-28,45.738,4.289,39,4,1,1.0,1,42,52.0,17
200700019279,2007-04-25,45.627,4.25,83,4,1,1.0,1,42,120.0,9
200700019377,2007-04-01,45.188,3.91,57,4,1,1.0,1,43,60.0,11
200700019419,2007-04-13,48.965,6.798,38,3,1,1.0,1,57,68.0,18
200700019420,2007-04-11,49.099,6.777,12,3,1,1.0,1,57,35.0,16
200700019491,2007-04-03,48.649,7.452,50,4,1,1.0,1,67,40.0,12
200700019507,2007-04-09,49.036,7.957,51,3,1,1.0,1,67,65.0,11
200700019523,2007-04-26,48.13,7.29,10,3,2,1.0,1,68,56.0,17
200700019528,2007-04-17,48.065,7.291,15,3,1,7.0,1,68,50.0,17
200700019529,2007-04-17,48.08,7.277,16,4,1,1.0,1,68,60.0,15
200700019566,2007-04-08,49.2,3.976,58,3,2,7.0,1,51,50.0,20
200700019592,2007-04-14,48.203,3.996,12,3,1,1.0,1,10,53.0,10
200700019662,2007-04-13,47.747,3.639,22,3,2,1.0,1,89,80.0,17
200700019662,2007-04-13,47.747,3.639,21,1,2,1.0,1,89,80.0,17
200700019698,2007-04-11,46.842,6.398,67,3,2,1.0,1,25,50.0,17
200700019716,2007-04-19,47.8,5.93,10,3,1,1.0,1,70,65.0,16
200700019846,2007-04-17,44.009,5.057,42,3,1,1.0,1,84,70.0,19
200700019877,2007-04-25,43.28,2.58,78,3,1,1.0,1,11,60.0,8
200700020003,2007-04-09,48.985,3.22,16,3,1,1.0,1,77,44.0,15
200700020093,2007-04-03,47.298,0.356,11,3,1,1.0,1,37,37.0,19
200700020107,2007-04-08,45.229,-1.094,82,2,1,1.0,1,33,22.0,17
200700020138,2007-04-29,48.377,-4.368,53,3,1,1.0,1,29,70.0,10
200700020200,2007-04-20,45.785,4.79,19,3,2,1.0,1,69,35.0,18
200700020253,2007-04-05,49.207,4.234,79,2,1,1.0,1,51,73.0,9
200700020356,2007-04-08,43.658,3.879,56,3,1,1.0,1,34,70.0,18
200700021627,2007-04-23,43.61078,3.8762,15,3,1,1.0,1,34,90.0,20
200700021920,2007-04-16,47.89773,3.45699,41,4,1,1.0,4,45,28.0,18
200700025201,2007-05-19,50.534,2.928,57,3,1,1.0,1,59,56.0,17
200700025206,2007-05-30,50.54,3.176,21,1,1,1.0,1,59,60.0,11
200700025238,2007-05-06,50.323,2.017,43,2,1,1.0,3,62,75.0,1
200700025380,2007-05-02,48.413,-1.75,59,3,1,1.0,1,35,73.0,8
200700025424,2007-05-08,47.71,-2.74,14,3,1,2.0,1,56,57.0,18
200700025432,2007-05-22,47.68,-3.175,20,3,1,1.0,1,56,60.0,21
200700025490,2007-05-24,48.695,-0.114,66,3,2,1.0,1,61,56.0,14
200700025542,2007-05-07,47.442,0.16,13,3,1,1.0,1,49,54.0,18
200700025567,2007-05-22,47.877,-0.101,12,3,1,1.0,1,72,60.0,18
200700025608,2007-05-24,44.659,-0.361,40,3,1,1.0,1,33,60.0,17
200700025617,2007-05-02,45.04,-0.13,14,4,1,1.0,1,33,73.0,13
200700025815,2007-05-09,43.284,1.352,11,4,2,1.0,2,09,65.0,21
200700025815,2007-05-09,43.284,1.352,11,3,2,1.0,2,09,65.0,21
200700025827,2007-05-08,43.562,0.799,10,3,1,1.0,2,32,60.0,20
200700025837,2007-05-18,44.014,0.55,47,4,1,1.0,1,32,55.0,15
200700025856,2007-05-07,43.022,0.157,66,2,2,1.0,1,65,50.0,11
200700025961,2007-05-18,44.539,5.508,25,3,1,7.0,1,26,35.0,12
200700026025,2007-05-06,45.738,4.225,12,1,2,1.0,1,42,32.0,15
200700026051,2007-05-30,45.704,6.653,51,2,1,1.0,1,73,62.0,14
200700026051,2007-05-30,45.704,6.653,22,1,1,1.0,1,73,62.0,14
200700026067,2007-05-09,45.979,6.64,18,3,2,1.0,1,74,30.0,14
200700026067,2007-05-09,45.979,6.64,17,3,2,1.0,1,74,30.0,14
200700026099,2007-05-09,45.667,3.297,54,3,1,1.0,1,63,50.0,6
200700026105,2007-05-12,45.517,3.452,8,3,1,1.0,1,63,47.0,19
200700026112,2007-05-21,45.824,3.483,51,3,1,1.0,1,63,30.0,16
200700026134,2007-05-20,44.932,3.812,7,3,1,1.0,1,43,60.0,11
200700026296,2007-05-06,49.256,3.871,19,3,1,1.0,1,51,70.0,17
200700026306,2007-05-30,49.938,4.645,10,3,1,1.0,1,08,71.0,15
200700026353,2007-05-30,47.374,2.904,24,3,1,1.0,1,58,48.0,10
200700026382,2007-05-04,48.006,3.716,21,3,1,1.0,1,89,60.0,18
200700026394,2007-05-22,48.175,3.101,40,3,1,1.0,1,89,60.0,19
200700026461,2007-05-08,44.523,6.745,49,3,1,1.0,1,04,120.0,13
200700026555,2007-05-26,44.032,5.117,26,3,1,1.0,1,84,80.0,12
200700026632,2007-05-25,43.979,3.589,37,4,1,1.0,1,30,30.0,7
200700026765,2007-05-13,47.155,2.221,15,3,1,1.0,1,18,50.0,17
200700026778,2007-05-05,48.63,1.578,62,3,1,1.0,1,28,55.0,17
200700026778,2007-05-05,48.63,1.578,64,3,1,1.0,1,28,55.0,17
200700026778,2007-05-05,48.63,1.578,58,3,1,1.0,1,28,55.0,17
200700026797,2007-05-25,46.987,1.972,74,4,2,1.0,1,36,70.0,10
200700026804,2007-05-19,47.505,0.777,63,3,1,1.0,1,37,52.0,8
200700026822,2007-05-13,44.825,-0.519,55,3,1,1.0,1,33,40.0,8
200700027990,2007-05-07,43.84227,4.3863,24,4,1,1.0,1,30,121.0,11
200700028293,2007-05-04,43.61278,3.86756,23,1,1,2.0,1,34,60.0,15
200700028323,2007-05-23,43.57906,3.91639,63,4,1,1.0,1,34,76.0,7
200700031980,2007-06-19,50.168,3.66,37,3,2,7.0,1,59,60.0,13
200700032104,2007-06-06,49.262,2.568,41,4,1,1.0,1,60,70.0,14
200700032171,2007-06-02,47.966,-1.706,64,2,1,1.0,1,35,41.0,10
200700032176,2007-06-28,47.99,-1.9,75,3,1,1.0,1,35,70.0,11
200700032225,2007-06-03,48.065,-2.218,9,3,1,1.0,1,56,43.0,19
200700032225,2007-06-03,48.065,-2.218,36,1,1,1.0,1,56,43.0,19
200700032232,2007-06-09,47.96,-2.569,68,3,1,1.0,1,56,75.0,15
200700032301,2007-06-28,47.365,-1.176,74,3,2,1.0,1,44,60.0,8
200700032335,2007-06-06,47.376,-0.859,45,3,1,1.0,1,49,60.0,21
200700032409,2007-06-06,46.854,-1.887,48,3,2,1.0,1,85,50.0,12
200700032414,2007-06-07,46.443,-1.511,79,4,1,1.0,1,85,60.0,9
200700032432,2007-06-22,44.564,-0.247,66,3,1,1.0,1,33,81.0,13
200700032569,2007-06-21,46.214,-1.163,18,3,2,1.0,1,17,80.0,18
200700032630,2007-06-29,46.144,1.921,13,4,1,1.0,1,23,53.0,19
200700032770,2007-06-06,45.672,4.697,44,3,2,2.0,1,69,60.0,17
200700032779,2007-06-28,46.1,4.73,13,3,1,1.0,1,69,90.0,13
200700032820,2007-06-22,44.736,4.35,56,2,1,1.0,1,07,75.0,13
200700032868,2007-06-28,45.39,5.634,58,3,1,1.0,1,38,73.0,12
200700032891,2007-06-04,45.436,5.212,53,3,1,1.0,1,38,53.0,16
200700033020,2007-06-30,44.925,3.708,22,3,1,1.0,1,43,60.0,14
200700033032,2007-06-18,45.353,4.296,14,3,1,1.0,1,43,60.0,18
200700033060,2007-06-09,48.797,7.037,12,3,1,1.0,1,57,60.0,17
200700033101,2007-06-19,49.51,5.46,49,3,1,1.0,1,55,60.0,19
200700033102,2007-06-22,49.505,5.327,50,4,1,1.0,1,55,50.0,17
200700033131,2007-06-11,48.492,7.712,12,4,1,1.0,1,67,60.0,7
200700033150,2007-06-19,49.041,7.951,9,3,2,1.0,1,67,55.0,19
200700033150,2007-06-19,49.041,7.951,7,1,1,1.0,1,67,55.0,19
200700033171,2007-06-09,47.617,7.572,43,4,1,1.0,1,68,80.0,15
200700033174,2007-06-06,49.13,4.53,9,4,2,1.0,1,51,68.0,13
200700033179,2007-06-19,48.738,3.558,52,3,2,1.0,1,51,73.0,11
200700033208,2007-06-19,48.054,4.276,15,4,1,1.0,1,10,60.0,18
200700033215,2007-06-10,47.945,5.837,47,3,1,1.0,1,52,63.0,14
200700033227,2007-06-27,47.549,4.459,12,3,2,1.0,1,21,89.0,7
200700033286,2007-06-07,47.27,6.072,54,3,1,1.0,1,25,80.0,19
200700033452,2007-06-15,43.763,5.196,33,3,1,1.0,1,84,31.0,11
200700033542,2007-06-10,43.959,4.652,77,3,1,1.0,1,30,185.0,17
200700033565,2007-06-24,42.663,2.684,11,4,2,1.0,1,66,60.0,14
200700033573,2007-06-29,42.552,2.748,59,4,1,1.0,1,66,45.0,11
200700033754,2007-06-07,47.117,0.622,13,3,1,1.0,1,37,40.0,8
200700033764,2007-06-01,47.394,1.265,31,3,2,1.0,1,41,57.0,13
200700033781,2007-06-23,44.789,-0.505,76,3,1,1.0,1,33,92.0,20
200700033785,2007-06-14,44.084,0.366,77,3,1,1.0,1,47,76.0,8
200700033785,2007-06-14,44.084,0.366,58,1,1,1.0,1,47,76.0,8
200700033799,2007-06-03,44.789,-0.919,28,3,1,1.0,1,33,75.0,12
200700033835,2007-06-10,47.759,7.392,62,3,1,3.0,3,68,95.0,22
200700033949,2007-06-22,43.645,7.026,41,3,1,1.0,2,06,55.0,22
200700033986,2007-06-24,48.646,7.721,12,4,1,1.0,1,67,70.0,11
200700035143,2007-06-22,43.85414,4.38113,57,3,1,1.0,1,30,54.0,8
200700035437,2007-06-02,43.60833,3.86856,21,4,1,1.0,1,34,140.0,9
200700039315,2007-07-12,50.525,3.114,51,3,2,1.0,1,59,52.0,10
200700039424,2007-07-17,49.5,2.85,58,4,2,1.0,2,60,60.0,19
200700039572,2007-07-24,47.721,-2.186,12,3,1,1.0,1,56,46.0,18
200700039577,2007-07-06,47.592,-3.017,52,3,1,1.0,1,56,70.0,11
200700039583,2007-07-07,47.655,-3.092,14,3,1,1.0,1,56,42.0,18
200700039644,2007-07-04,47.62,-1.38,61,3,1,1.0,1,44,56.0,11
200700039674,2007-07-04,47.264,-1.654,62,3,1,1.0,1,44,40.0,11
200700039732,2007-07-19,47.845,-0.33,82,4,2,1.0,1,72,60.0,11
200700039809,2007-07-07,45.222,0.598,44,3,1,1.0,1,24,71.0,17
200700039840,2007-07-29,43.667,-1.039,54,3,1,8.0,1,40,63.0,8
200700039872,2007-07-17,44.181,0.563,73,3,1,1.0,1,47,55.0,10
200700039893,2007-07-17,43.312,-0.274,14,3,1,1.0,1,64,70.0,16
200700039893,2007-07-17,43.312,-0.274,8,3,1,1.0,1,64,70.0,16
200700039900,2007-07-22,42.968,-0.35,45,3,1,1.0,1,64,54.0,12
200700039937,2007-07-08,46.18,-0.92,61,3,1,1.0,1,17,50.0,21
200700039947,2007-07-10,45.994,-1.343,9,4,1,1.0,1,17,35.0,13
200700040094,2007-07-31,44.881,1.828,53,3,2,7.0,1,46,70.0,19
200700040111,2007-07-05,43.108,0.34,74,3,1,1.0,1,65,66.0,12
200700040126,2007-07-31,43.541,2.263,30,3,1,1.0,1,81,53.0,9
200700040134,2007-07-25,44.157,1.752,63,3,2,1.0,1,82,60.0,12
200700040318,2007-07-31,45.853,5.806,55,3,1,1.0,1,73,70.0,15
200700040326,2007-07-14,45.737,6.549,52,2,1,7.0,1,73,66.0,8
200700040465,2007-07-01,49.041,6.368,51,3,1,1.0,2,57,59.0,6
200700040534,2007-07-18,48.099,6.614,23,3,1,1.0,1,88,30.0,16
200700040557,2007-07-15,48.718,7.684,51,3,1,1.0,1,67,60.0,11
200700040599,2007-07-07,47.837,7.079,29,4,1,1.0,1,68,42.0,17
200700040626,2007-07-25,48.624,4.72,55,3,2,1.0,1,51,58.0,15
200700040636,2007-07-23,48.54,4.149,68,3,1,2.0,1,10,68.0,8
200700040678,2007-07-13,47.087,4.671,16,3,1,1.0,1,21,51.0,14
200700040688,2007-07-13,47.604,4.409,80,3,1,1.0,1,21,73.0,15
200700040693,2007-07-22,47.41,4.333,49,3,1,1.0,1,21,67.0,9
200700040763,2007-07-19,48.183,3.095,68,4,1,1.0,1,89,50.0,10
200700040866,2007-07-27,44.395,6.674,45,4,2,1.0,1,04,63.0,11
200700040867,2007-07-22,44.412,6.755,49,3,1,1.0,1,04,72.0,12
200700040914,2007-07-31,43.848,7.047,18,2,2,1.0,1,06,61.0,12
200700040965,2007-07-08,43.928,5.316,12,3,2,1.0,1,84,50.0,17
200700040975,2007-07-08,44.01,5.037,58,2,2,1.0,1,84,54.0,10
200700040975,2007-07-08,44.01,5.037,64,1,1,1.0,1,84,54.0,10
200700041089,2007-07-07,44.546,3.837,15,3,1,1.0,1,48,32.0,21
200700041091,2007-07-14,44.505,3.918,71,4,1,1.0,1,48,65.0,10
200700041113,2007-07-04,42.535,2.363,15,3,1,1.0,2,66,70.0,21
200700041187,2007-07-11,48.737,2.201,40,3,1,1.0,2,91,67.0,20
200700041214,2007-07-31,48.244,2.903,33,3,1,1.0,1,77,60.0,14
200700041251,2007-07-19,46.729,2.507,71,3,1,1.0,1,18,110.0,11
200700041269,2007-07-19,48.078,1.374,13,3,1,1.0,1,28,54.0,18
200700041480,2007-07-27,43.648,7.014,56,3,1,1.0,1,06,100.0,10
200700042610,2007-07-02,43.81922,4.34353,42,3,1,1.0,1,30,100.0,17
200700042651,2007-07-30,43.82662,4.36617,80,3,1,1.0,1,30,60.0,17
200700046447,2007-08-04,50.931,2.238,56,3,1,1.0,1,59,60.0,8
200700046450,2007-08-05,50.757,2.456,12,3,1,1.0,1,59,30.0,11
200700046612,2007-08-18,49.261,1.016,15,3,2,1.0,1,27,30.0,14
200700046734,2007-08-27,48.957,-1.035,49,3,2,1.0,1,14,29.0,11
200700046784,2007-08-10,47.476,-1.736,60,2,1,1.0,1,44,65.0,17
200700046825,2007-08-13,47.257,-0.894,12,3,1,1.0,1,49,44.0,14
200700046864,2007-08-31,48.033,0.244,57,3,2,1.0,1,72,97.0,18
200700046886,2007-08-20,46.457,-1.172,83,3,2,1.0,1,85,60.0,10
200700046932,2007-08-08,45.038,-0.666,18,3,1,1.0,1,33,70.0,14
200700046943,2007-08-25,45.025,-0.356,36,3,1,1.0,3,33,40.0,22
200700046951,2007-08-21,44.87,0.268,14,3,1,1.0,1,33,39.0,12
200700047038,2007-08-09,43.359,-1.437,13,3,1,1.0,1,64,43.0,15
200700047050,2007-08-03,46.575,0.22,57,3,1,1.0,1,86,53.0,16
200700047109,2007-08-29,45.952,-0.52,25,3,1,1.0,1,17,100.0,20
200700047131,2007-08-18,46.131,1.091,44,3,1,1.0,1,87,60.0,10
200700047152,2007-08-03,46.264,1.94,12,3,1,1.0,1,23,56.0,13
200700047228,2007-08-01,42.902,0.072,44,2,1,1.0,1,65,82.0,11
200700047246,2007-08-01,43.495,2.329,10,3,1,1.0,1,81,70.0,18
200700047358,2007-08-02,44.195,5.488,11,4,1,1.0,1,26,50.0,15
200700047410,2007-08-25,45.429,4.638,44,3,1,1.0,1,42,48.0,10
200700047423,2007-08-11,45.527,5.699,68,3,1,1.0,1,73,61.0,10
200700047498,2007-08-30,45.852,3.533,38,3,1,1.0,1,63,105.0,17
200700047505,2007-08-26,46.525,3.319,19,2,1,1.0,3,03,73.0,0
200700047641,2007-08-24,48.363,7.469,17,3,1,1.0,1,67,40.0,13
200700047646,2007-08-31,48.974,7.765,8,3,1,1.0,1,67,50.0,12
200700047677,2007-08-13,48.695,4.696,52,3,2,1.0,1,51,30.0,19
200700047677,2007-08-13,48.695,4.696,55,2,2,1.0,1,51,30.0,19
200700047783,2007-08-24,47.418,6.84,17,3,1,1.0,1,25,62.0,15
200700047898,2007-08-10,43.811,7.298,28,3,1,1.0,1,06,48.0,17
200700048013,2007-08-07,43.28,3.322,76,2,1,1.0,1,34,57.0,7
200700048079,2007-08-28,44.389,3.94,57,3,1,1.0,1,30,60.0,15
200700048148,2007-08-14,42.638,8.936,48,4,1,1.0,1,2B,80.0,16
200700048207,2007-08-01,47.773,1.818,50,4,1,1.0,1,45,62.0,15
200700048207,2007-08-01,47.773,1.818,61,3,1,1.0,1,45,62.0,15
200700048207,2007-08-01,47.773,1.818,54,3,1,1.0,1,45,62.0,15
200700048322,2007-08-01,45.864,2.151,13,4,1,1.0,1,23,42.0,15
200700048425,2007-08-29,49.081,4.166,13,4,1,1.0,1,51,69.0,15
200700048425,2007-08-29,49.081,4.166,14,1,1,1.0,1,51,69.0,15
200700048451,2007-08-12,47.547,-2.725,84,2,1,1.0,1,56,160.0,10
200700048483,2007-08-29,50.919,1.727,22,3,1,1.0,1,62,77.0,16
200700048511,2007-08-20,47.808,7.238,10,3,1,1.0,1,68,120.0,17
200700048540,2007-08-10,48.442,2.561,67,3,1,1.0,1,77,58.0,9
200700049471,2007-08-30,43.83264,4.35949,16,4,1,1.0,1,30,30.0,17
200700052616,2007-09-16,50.526,3.114,61,3,1,8.0,1,59,90.0,10
200700052640,2007-09-02,50.25,4.153,13,3,1,1.0,1,59,40.0,12
200700052641,2007-09-22,50.133,2.876,3,3,1,1.0,1,62,55.0,14
200700052897,2007-09-22,48.059,-3.213,71,3,1,1.0,1,56,74.0,11
200700052922,2007-09-29,48.84,-1.23,11,3,1,1.0,1,50,50.0,16
200700052937,2007-09-03,48.73,-0.901,45,3,1,7.0,2,50,45.0,19
200700053095,2007-09-24,45.119,-0.734,4,3,1,1.0,1,33,45.0,18
200700053121,2007-09-14,43.759,-0.981,70,2,1,9.0,2,40,84.0,7
200700053122,2007-09-04,43.887,-1.148,68,2,1,1.0,1,40,76.0,10
200700053217,2007-09-04,46.663,-0.6,11,3,1,1.0,1,79,34.0,18
200700053336,2007-09-20,44.129,1.308,71,3,1,1.0,1,82,41.0,10
200700053439,2007-09-03,44.751,4.888,45,3,1,1.0,2,26,72.0,6
200700053465,2007-09-28,45.296,5.631,48,3,1,2.0,1,38,55.0,12
200700053500,2007-09-16,45.537,4.179,41,4,2,1.0,1,42,65.0,18
200700053500,2007-09-16,45.537,4.179,9,4,1,1.0,1,42,65.0,18
200700053516,2007-09-13,45.667,5.85,40,3,1,1.0,1,73,115.0,8
200700053538,2007-09-07,45.836,5.98,53,4,1,1.0,1,74,70.0,12
200700053558,2007-09-04,46.164,6.262,10,3,1,1.0,1,74,70.0,11
200700053599,2007-09-09,45.858,3.393,53,3,1,1.0,1,63,65.0,14
200700053612,2007-09-16,44.961,3.772,45,3,1,1.0,1,43,48.0,11
200700053705,2007-09-09,48.231,6.974,25,3,2,1.0,1,88,60.0,17
200700053710,2007-09-30,48.495,7.674,19,3,2,1.0,1,67,69.0,18
200700053717,2007-09-07,48.482,7.442,47,3,1,1.0,1,67,68.0,17
200700053776,2007-09-01,49.312,3.681,13,3,1,1.0,5,51,79.0,22
200700053855,2007-09-08,46.567,4.918,58,3,1,1.0,1,71,93.0,17
200700053855,2007-09-08,46.567,4.918,56,1,2,1.0,1,71,93.0,17
200700053862,2007-09-22,46.199,4.352,54,3,1,1.0,1,71,32.0,13
200700054030,2007-09-11,43.52,6.162,49,1,1,1.0,1,83,60.0,11
200700054030,2007-09-11,43.52,6.162,64,3,1,1.0,1,83,60.0,11
200700054130,2007-09-18,43.582,4.189,36,3,1,1.0,1,30,43.0,19
200700054187,2007-09-21,42.066,8.934,14,3,1,1.0,1,2A,54.0,18
200700054272,2007-09-05,47.896,1.706,6,3,2,1.0,1,45,69.0,17
200700054279,2007-09-04,47.643,2.716,69,3,1,6.0,1,45,65.0,12
200700054279,2007-09-04,47.643,2.716,66,3,1,6.0,1,45,65.0,12
200700054296,2007-09-20,47.569,2.453,70,3,1,1.0,1,18,80.0,14
200700054299,2007-09-01,47.355,2.586,11,4,2,1.0,1,18,55.0,18
200700054338,2007-09-30,47.243,0.248,14,3,1,1.0,1,37,54.0,12
200700054360,2007-09-08,43.377,5.186,46,3,1,1.0,1,13,65.0,13
200700054385,2007-09-24,49.349,4.218,56,3,1,1.0,1,51,62.0,11
200700054475,2007-09-07,50.211,3.418,64,2,1,1.0,1,59,55.0,14
200700054486,2007-09-08,48.89,1.89,58,3,1,1.0,1,78,62.0,8
200700054610,2007-07-13,44.559,-0.244,75,4,1,1.0,1,33,60.0,9
200700055671,2007-09-04,43.83738,4.32917,35,4,1,1.0,2,30,90.0,7
200700055684,2007-09-11,43.85513,4.35844,23,4,2,1.0,1,30,90.0,14
200700055699,2007-09-30,43.3838,4.35178,17,4,1,1.0,5,30,40.0,19
200700056091,2007-09-29,43.6066,3.87615,17,4,1,8.0,1,34,90.0,17
200700056413,2007-09-10,47.91479,3.45699,45,4,1,1.0,1,45,116.0,13
200700056415,2007-09-11,47.88685,3.45699,22,4,1,1.0,1,45,109.0,7
200700056417,2007-09-12,47.90616,3.45699,12,4,2,1.0,1,45,55.0,17
200700059924,2007-10-18,50.567,3.126,49,4,1,1.0,1,59,60.0,17
200700059965,2007-10-03,49.763,2.172,18,4,1,1.0,1,80,60.0,14
200700060065,2007-10-19,49.712,0.721,47,3,1,1.0,1,76,58.0,11
200700060071,2007-10-31,48.965,1.424,48,3,2,7.0,1,27,58.0,16
200700060174,2007-10-30,49.133,-0.163,71,4,1,1.0,1,14,60.0,16
200700060187,2007-10-24,49.042,-0.973,12,3,2,1.0,1,50,65.0,17
200700060295,2007-10-29,48.19,0.643,38,4,1,2.0,1,72,45.0,12
200700060307,2007-10-18,46.443,-0.802,40,3,1,1.0,2,85,57.0,7
200700060345,2007-10-19,44.912,-0.108,61,3,1,1.0,1,33,51.0,14
200700060361,2007-10-07,43.565,-0.612,53,2,1,8.0,2,40,44.0,7
200700060519,2007-10-05,42.934,1.853,23,4,1,8.0,2,09,83.0,7
200700060648,2007-10-17,46.101,4.85,58,3,1,1.0,1,01,77.0,17
200700060737,2007-10-09,45.556,6.127,68,3,1,1.0,1,73,57.0,18
200700060811,2007-10-27,45.259,3.198,74,3,2,7.0,1,15,66.0,15
200700060851,2007-10-03,49.281,6.143,49,2,1,5.0,3,57,70.0,6
200700060916,2007-10-04,48.59,7.649,47,3,1,1.0,1,67,49.0,16
200700060933,2007-10-26,47.92,7.53,12,3,1,1.0,1,68,73.0,14
200700060999,2007-10-06,47.87,4.404,59,3,1,1.0,1,21,32.0,15
200700061019,2007-10-24,46.71,5.02,74,3,2,1.0,1,71,54.0,9
200700061076,2007-10-11,47.085,5.42,5,3,1,1.0,1,39,35.0,17
200700061179,2007-10-06,43.388,5.807,62,3,1,1.0,1,83,30.0,11
200700061269,2007-10-19,44.038,4.099,44,3,1,1.0,1,30,45.0,18
200700061375,2007-10-19,49.059,2.717,54,3,1,1.0,2,77,60.0,18
200700061420,2007-10-08,46.999,2.256,14,1,2,1.0,1,18,38.0,14
200700061539,2007-10-11,47.327,1.029,76,3,1,1.0,1,37,72.0,14
200700061551,2007-10-16,48.829,8.034,77,3,2,1.0,1,67,76.0,11
200700061614,2007-10-04,45.504,4.24,72,3,1,7.0,1,42,66.0,18
200700062961,2007-10-01,43.84042,4.36536,32,4,1,1.0,5,30,70.0,20
200700062986,2007-10-31,43.83807,4.37688,52,4,2,1.0,1,30,117.0,10
200700068632,2007-11-07,43.82457,4.34495,62,3,1,1.0,1,30,57.0,8
200700068644,2007-11-10,43.83699,4.3877,12,4,2,1.0,1,30,80.0,9
200700068979,2007-11-20,43.60908,3.86706,19,4,2,8.0,5,34,90.0,19
200700072978,2007-11-10,49.714,3.162,14,3,1,1.0,1,02,70.0,15
200700073127,2007-11-10,48.458,-4.248,53,1,2,1.0,1,29,70.0,9
200700073127,2007-11-10,48.458,-4.248,46,3,2,1.0,1,29,70.0,9
200700073155,2007-11-13,47.959,-2.979,61,3,1,1.0,1,56,46.0,16
200700073359,2007-11-08,44.039,-1.259,64,3,2,1.0,1,40,55.0,15
200700073426,2007-11-23,45.694,-0.997,70,3,1,1.0,1,17,74.0,16
200700073443,2007-11-14,46.261,-0.339,11,3,1,1.0,1,79,68.0,14
200700073472,2007-11-27,43.516,1.372,46,3,1,1.0,3,31,140.0,4
200700073521,2007-11-26,44.162,2.111,66,3,1,1.0,2,81,45.0,17
200700073535,2007-11-23,44.03,1.246,23,3,1,8.0,3,82,73.0,21
200700073660,2007-11-08,46.131,6.34,22,3,1,1.0,1,74,83.0,15
200700073722,2007-11-07,49.078,6.207,29,4,1,1.0,1,57,82.0,8
200700073788,2007-11-24,48.308,6.135,86,3,1,1.0,1,88,68.0,14
200700073816,2007-11-06,48.284,7.434,48,3,1,1.0,3,67,60.0,22
200700073843,2007-11-06,49.014,4.177,17,1,2,1.0,3,51,75.0,18
200700073950,2007-11-12,47.937,3.667,72,3,1,1.0,1,89,47.0,16
200700074005,2007-11-29,43.91,4.815,84,3,1,1.0,1,13,36.0,14
200700074075,2007-11-25,43.941,4.996,61,3,2,1.0,2,84,127.0,16
200700074389,2007-11-21,47.624,1.407,57,3,1,1.0,2,41,53.0,15
200700074420,2007-11-07,45.231,5.799,62,3,1,1.0,1,38,134.0,12
200700074733,2007-12-18,49.332,0.346,74,3,2,1.0,1,27,47.0,13
200700074968,2007-12-11,46.342,-0.824,79,3,1,1.0,1,85,62.0,9
200700074972,2007-12-11,46.726,-2.347,29,3,1,1.0,1,85,40.0,14
200700075002,2007-12-21,45.439,-1.038,75,3,2,1.0,1,33,59.0,9
200700075024,2007-12-09,45.292,0.542,42,2,1,3.0,1,24,58.0,13
200700075065,2007-12-22,43.33,-1.029,29,1,1,7.0,1,64,72.0,9
200700075209,2007-12-11,44.63,1.85,67,2,1,1.0,1,46,60.0,15
200700075219,2007-12-19,43.481,0.096,17,3,2,1.0,1,65,52.0,15
200700075354,2007-12-31,45.746,4.229,72,4,2,1.0,1,42,75.0,11
200700075401,2007-12-24,45.723,3.335,50,3,2,7.0,1,63,60.0,11
200700075413,2007-12-05,45.939,3.222,76,4,1,1.0,1,63,63.0,13
200700075570,2007-12-04,47.964,7.297,75,3,2,1.0,1,68,59.0,16
200700075574,2007-12-10,47.57,7.539,21,3,1,2.0,2,68,70.0,17
200700075653,2007-12-20,46.279,4.046,82,4,1,9.0,2,71,40.0,6
200700075854,2007-12-03,43.027,3.041,69,2,1,1.0,1,11,95.0,15
200700075874,2007-12-13,43.892,4.554,63,3,1,1.0,1,30,55.0,11
200700075938,2007-12-06,48.545,2.271,60,3,1,2.0,1,91,80.0,11
200700076009,2007-12-18,46.942,1.23,59,3,1,1.0,3,36,60.0,18
200700084142,2007-11-17,15.901,-61.226,58,1,1,1.0,1,971,55.0,10
200800000004,2008-01-20,44.914,-0.199,77,3,1,1.0,1,33,67.0,11
200800000004,2008-01-20,44.914,-0.199,52,3,2,1.0,1,33,67.0,11
200800000064,2008-01-29,44.4,0.495,79,2,1,1.0,1,47,55.0,17
200800000140,2008-01-01,45.46,1.458,49,3,1,1.0,1,19,65.0,14
200800000140,2008-01-01,45.46,1.458,46,1,1,1.0,1,19,65.0,14
200800000140,2008-01-01,45.46,1.458,39,4,1,1.0,1,19,65.0,14
200800000140,2008-01-01,45.46,1.458,27,1,1,1.0,1,19,65.0,14
200800000157,2008-01-30,43.607,1.234,14,3,1,1.0,1,31,65.0,8
200800000314,2008-01-17,45.106,5.798,49,3,1,1.0,3,38,75.0,18
200800000316,2008-01-11,45.158,5.315,15,3,1,1.0,2,38,55.0,17
200800000329,2008-01-21,45.676,5.489,63,2,1,2.0,3,38,70.0,18
200800000362,2008-01-04,45.977,4.109,22,3,1,1.0,2,42,69.0,16
200800000425,2008-01-19,48.995,7.983,59,3,1,1.0,3,67,65.0,7
200800000426,2008-01-24,48.995,8.04,81,3,1,1.0,2,67,67.0,8
200800000463,2008-01-27,49.691,4.989,35,3,1,1.0,1,08,80.0,12
200800000465,2008-01-03,49.741,4.892,55,3,1,1.0,3,08,61.0,7
200800000491,2008-01-04,46.449,2.817,77,3,1,1.0,1,03,60.0,14
200800000563,2008-01-21,50.822,2.216,15,3,1,1.0,1,59,65.0,13
200800000587,2008-01-03,50.597,2.762,17,2,1,2.0,5,62,56.0,17
200800001120,2008-01-13,43.717,4.005,15,3,1,1.0,1,34,60.0,14
200800001236,2008-01-07,47.784,1.629,39,3,1,1.0,1,45,21.0,10
200800001300,2008-01-31,44.646,-1.061,28,3,1,1.0,2,33,44.0,8
200800001458,2008-01-23,45.65,4.817,44,4,1,1.0,2,69,55.0,7
200800001896,2008-01-10,45.15963,4.53621,73,3,2,1.0,1,19,29.0,17
200800003013,2008-01-11,43.59084,3.86602,16,3,1,1.0,1,34,125.0,8
200800005851,2008-02-08,50.305,3.069,59,3,1,1.0,1,59,55.0,16
200800005851,2008-02-08,50.305,3.069,58,4,1,1.0,1,59,55.0,16
200800005851,2008-02-08,50.305,3.069,17,4,1,1.0,1,59,55.0,16
200800005851,2008-02-08,50.305,3.069,63,4,1,1.0,1,59,55.0,16
200800005856,2008-02-02,50.374,2.888,62,3,1,1.0,1,62,86.0,16
200800005891,2008-02-14,49.761,2.365,57,3,1,9.0,1,80,58.0,15
200800005967,2008-02-18,49.527,0.714,34,3,1,1.0,1,76,70.0,9
200800006013,2008-02-06,48.553,-1.755,67,4,1,7.0,1,35,60.0,16
200800006055,2008-02-19,47.69,-2.749,17,3,1,2.0,1,56,53.0,17
200800006091,2008-02-09,48.789,-1.192,71,2,1,1.0,1,50,62.0,13
200800006311,2008-02-18,46.11,-0.92,53,3,2,7.0,1,17,60.0,9
200800006329,2008-02-27,45.276,1.665,65,2,1,1.0,1,19,75.0,15
200800006353,2008-02-11,43.62,1.293,38,3,1,7.0,1,31,52.0,9
200800006394,2008-02-21,43.433,0.579,82,3,2,1.0,1,32,60.0,14
200800006395,2008-02-07,44.392,1.368,12,4,1,1.0,1,46,30.0,15
200800006423,2008-02-13,45.739,4.713,19,3,1,1.0,1,69,64.0,17
200800006423,2008-02-13,45.739,4.713,16,3,1,1.0,1,69,64.0,17
200800006505,2008-02-12,47.37,-1.605,59,3,2,7.0,2,44,60.0,16
200800006610,2008-02-24,49.123,6.893,24,3,1,1.0,1,57,65.0,16
200800006745,2008-02-02,47.437,5.218,38,3,1,1.0,1,21,64.0,12
200800006745,2008-02-02,47.437,5.218,48,4,1,1.0,1,21,64.0,12
200800006994,2008-02-16,48.528,2.013,19,3,2,1.0,1,91,29.0,17
200800006994,2008-02-16,48.528,2.013,25,1,1,1.0,1,91,29.0,17
200800007009,2008-02-10,48.19,2.592,60,3,1,1.0,2,77,58.0,18
200800007009,2008-02-10,48.19,2.592,51,4,2,1.0,2,77,58.0,18
200800007138,2008-02-06,43.754,4.834,81,2,1,1.0,1,13,75.0,12
200800007188,2008-02-23,45.888,6.178,55,3,1,1.0,1,74,72.0,13
200800007192,2008-02-06,48.153,-1.756,76,2,1,1.0,1,35,140.0,15
200800008545,2008-02-23,45.28466,4.26535,62,4,1,1.0,1,42,60.0,9
200800012367,2008-03-06,43.6102,3.8843,36,3,1,1.0,1,34,155.0,15
200800015697,2008-03-29,49.317,1.159,43,3,1,1.0,1,27,72.0,11
200800015755,2008-03-05,48.456,-4.248,33,3,1,1.0,1,29,83.0,16
200800015791,2008-03-29,48.866,-0.091,22,3,1,1.0,1,14,65.0,15
200800015867,2008-03-01,48.268,-0.985,72,3,1,1.0,1,53,67.0,14
200800015870,2008-03-20,47.948,0.195,17,3,2,1.0,1,72,60.0,15
200800015906,2008-03-05,45.102,-0.543,13,2,1,1.0,1,33,52.0,16
200800016017,2008-03-30,45.889,-1.227,76,2,1,8.0,1,17,60.0,9
200800016066,2008-03-29,43.321,1.241,9,1,1,1.0,1,31,58.0,10
200800016066,2008-03-29,43.321,1.241,47,3,2,1.0,1,31,58.0,10
200800016066,2008-03-29,43.321,1.241,67,4,1,1.0,1,31,58.0,10
200800016073,2008-03-30,43.455,1.531,51,3,1,1.0,1,31,55.0,15
200800016226,2008-03-15,45.343,4.785,64,4,1,1.0,1,38,60.0,8
200800016247,2008-03-16,45.663,5.701,67,3,1,3.0,3,73,76.0,3
200800016376,2008-03-05,48.374,7.59,80,3,2,1.0,1,67,54.0,9
200800016498,2008-03-30,46.413,4.034,16,3,1,2.0,1,71,65.0,18
200800016504,2008-03-01,47.691,2.979,57,4,1,1.0,1,89,69.0,16
200800016716,2008-03-27,44.186,4.105,57,3,2,1.0,1,30,50.0,13
200800016734,2008-03-28,42.566,2.906,81,2,1,8.0,1,66,64.0,8
200800017088,2008-04-01,44.811,-0.794,16,3,1,1.0,1,33,90.0,9
200800017276,2008-04-02,45.052,-0.949,57,1,1,1.0,1,33,61.0,9
200800017356,2008-04-25,48.729,2.19,78,3,1,1.0,1,91,80.0,11
200800017363,2008-04-16,48.456,2.365,11,3,2,1.0,1,91,66.0,20
200800017384,2008-04-07,41.992,9.295,17,4,1,1.0,1,2B,44.0,18
200800017478,2008-04-13,43.469,3.462,14,3,1,1.0,1,34,40.0,14
200800017640,2008-04-01,47.163,5.93,12,4,1,1.0,1,25,61.0,17
200800017697,2008-04-17,48.946,3.924,53,2,1,1.0,1,51,58.0,18
200800017702,2008-04-28,47.808,7.177,11,3,1,1.0,1,68,135.0,13
200800017888,2008-04-19,45.3,4.813,22,4,1,1.0,1,26,60.0,13
200800017901,2008-04-06,44.708,5.256,42,3,1,1.0,1,26,23.0,15
200800017977,2008-04-12,44.163,1.543,27,3,1,1.0,1,82,74.0,10
200800017985,2008-04-29,43.791,2.094,45,3,2,1.0,1,81,50.0,15
200800017988,2008-04-27,43.887,2.226,19,2,2,1.0,1,81,57.0,11
200800018152,2008-04-03,43.91,-1.225,81,3,1,1.0,1,40,60.0,9
200800018166,2008-04-24,44.791,0.645,13,3,2,1.0,1,24,50.0,16
200800018195,2008-04-05,44.687,-0.527,62,3,1,1.0,1,33,59.0,16
200800018217,2008-04-20,46.438,-0.684,44,4,1,1.0,1,85,53.0,11
200800018221,2008-04-25,46.708,-1.503,40,2,1,1.0,1,85,76.0,17
200800018240,2008-04-21,48.441,-0.209,58,3,1,1.0,1,53,59.0,17
200800018282,2008-04-30,47.742,-1.303,15,3,1,1.0,1,44,53.0,18
200800018325,2008-04-24,49.035,-0.025,50,4,1,1.0,1,14,104.0,17
200800018346,2008-04-17,48.526,-3.946,21,3,1,1.0,1,29,60.0,9
200800018375,2008-04-05,48.148,-2.699,61,3,1,1.0,1,22,70.0,19
200800018421,2008-04-07,49.715,0.888,79,3,1,1.0,1,76,48.0,15
200800018430,2008-04-25,49.416,1.3,55,3,1,1.0,1,76,55.0,13
200800018530,2008-04-03,50.286,3.319,34,3,1,1.0,1,59,70.0,10
200800018531,2008-04-30,50.812,2.583,62,3,2,1.0,1,59,59.0,9
200800018546,2008-04-05,50.563,2.903,86,3,1,1.0,1,59,70.0,16
200800019711,2008-04-19,43.60339,3.88295,66,4,1,1.0,1,34,30.0,18
200800023971,2008-05-18,43.84082,4.36297,19,3,2,1.0,5,30,59.0,21
200800023975,2008-05-21,43.8343,4.3591,38,4,2,1.0,1,30,300.0,18
200800024261,2008-05-23,43.58575,3.91995,28,3,1,1.0,1,34,150.0,9
200800024410,2008-05-07,45.24579,4.14201,76,4,1,1.0,1,42,60.0,14
200800024412,2008-05-14,45.23671,4.179,10,4,1,1.0,1,42,45.0,17
200800025798,2008-05-05,48.14879,6.45925,26,4,1,1.0,1,88,82.0,13
200800027818,2008-05-25,49.187,0.53,47,4,1,1.0,2,27,50.0,20
200800027886,2008-05-12,48.208,-4.081,73,2,1,1.0,1,29,80.0,13
200800027909,2008-05-21,47.912,-2.979,16,3,1,1.0,1,56,50.0,15
200800027924,2008-05-02,49.23,-0.043,12,3,1,1.0,1,14,47.0,13
200800027961,2008-05-24,47.719,-1.384,69,3,1,2.0,1,44,40.0,10
200800027969,2008-05-04,47.111,-2.064,47,3,1,1.0,1,44,56.0,13
200800028042,2008-05-10,44.982,-0.56,41,3,1,1.0,1,33,50.0,20
200800028049,2008-05-26,44.918,-0.411,75,2,2,1.0,1,33,66.0,9
200800028145,2008-05-07,46.579,0.267,15,3,2,1.0,1,86,60.0,17
200800028157,2008-05-23,46.818,0.391,15,2,1,1.0,2,86,60.0,21
200800028173,2008-05-04,45.746,0.189,15,2,1,1.0,3,16,106.0,1
200800028263,2008-05-31,44.126,3.253,23,3,1,1.0,1,12,60.0,10
200800028286,2008-05-25,43.012,-0.101,47,2,1,3.0,1,65,106.0,15
200800028313,2008-05-06,45.65,5.018,4,3,1,1.0,1,69,45.0,17
200800028386,2008-05-07,44.569,4.939,13,2,2,1.0,1,26,21.0,16
200800028386,2008-05-07,44.569,4.939,11,1,1,1.0,1,26,21.0,16
200800028437,2008-05-24,45.534,4.47,71,3,1,1.0,1,42,60.0,10
200800028453,2008-05-08,45.855,4.359,11,3,1,1.0,1,42,50.0,10
200800028514,2008-05-22,46.595,3.49,9,3,1,1.0,1,03,50.0,8
200800028671,2008-05-24,47.875,7.33,80,3,2,2.0,1,68,75.0,13
200800028680,2008-05-06,47.812,6.943,61,4,1,1.0,1,68,112.0,14
200800028720,2008-05-31,48.217,4.92,52,3,1,8.0,1,52,75.0,15
200800028726,2008-05-04,47.868,5.123,16,3,2,1.0,1,52,40.0,16
200800028781,2008-05-12,47.739,3.295,21,3,1,1.0,1,89,67.0,11
200800028812,2008-05-03,46.862,6.341,56,3,1,1.0,1,25,80.0,16
200800028947,2008-05-30,43.67,3.98,11,3,1,1.0,1,34,59.0,8
200800029165,2008-05-07,47.475,1.062,62,3,2,1.0,1,37,65.0,11
200800029189,2008-05-14,45.767,1.241,45,3,1,1.0,1,87,63.0,17
200800029189,2008-05-14,45.767,1.241,16,4,1,1.0,1,87,63.0,17
200800029194,2008-05-10,44.8,-0.51,31,4,1,1.0,1,33,39.0,16
200800029239,2008-05-30,48.239,-0.865,79,2,1,1.0,1,53,54.0,9
200800029324,2008-05-06,49.081,2.312,6,3,2,1.0,2,95,38.0,20
200800029458,2008-06-04,50.863,2.063,14,3,1,1.0,1,62,50.0,17
200800029487,2008-06-11,49.86,2.647,46,3,2,1.0,1,80,64.0,16
200800029502,2008-06-21,49.39,3.41,11,3,1,1.0,1,02,55.0,17
200800029526,2008-06-04,49.229,2.505,13,3,1,1.0,1,60,50.0,16
200800029528,2008-06-18,49.324,2.937,51,3,1,1.0,1,60,58.0,15
200800029581,2008-06-23,48.309,-1.718,17,3,1,1.0,1,35,64.0,20
200800029608,2008-06-11,48.272,-2.791,86,3,1,1.0,1,22,92.0,8
200800029611,2008-06-26,48.472,-2.761,12,3,1,1.0,1,22,48.0,14
200800029637,2008-06-07,48.47,-3.745,12,3,2,1.0,1,29,70.0,13
200800029639,2008-06-10,48.496,-4.165,14,3,2,1.0,1,29,60.0,13
200800029640,2008-06-10,48.518,-4.114,53,3,1,1.0,1,29,50.0,17
200800029668,2008-06-30,49.023,0.411,69,3,1,1.0,1,14,50.0,18
200800029682,2008-06-22,49.339,-1.696,82,3,2,1.0,1,50,58.0,10
200800029713,2008-06-14,47.531,-1.951,49,4,1,1.0,1,44,60.0,11
200800029713,2008-06-14,47.531,-1.951,43,3,1,1.0,1,44,60.0,11
200800029751,2008-06-05,47.516,-0.942,65,3,1,1.0,1,49,42.0,15
200800029840,2008-06-28,45.203,-0.749,40,4,1,1.0,1,33,70.0,10
200800029842,2008-06-10,44.926,-0.271,40,3,2,1.0,1,33,50.0,9
200800029899,2008-06-24,43.335,-1.465,32,3,1,1.0,1,64,70.0,10
200800029899,2008-06-24,43.335,-1.465,39,4,1,1.0,1,64,70.0,10
200800029917,2008-06-21,46.214,0.702,47,3,1,1.0,3,86,76.0,22
200800029917,2008-06-21,46.214,0.702,47,3,1,1.0,3,86,76.0,22
200800029917,2008-06-21,46.214,0.702,47,3,1,1.0,3,86,76.0,22
200800029980,2008-06-08,46.204,1.359,36,3,1,1.0,1,87,69.0,16
200800029999,2008-06-19,43.625,1.287,23,3,1,1.0,1,31,55.0,7
200800030046,2008-06-09,43.938,0.601,66,3,1,1.0,1,32,76.0,13
200800030172,2008-06-21,44.88,4.261,61,3,1,1.0,1,07,42.0,8
200800030179,2008-06-22,44.455,5.372,48,3,2,1.0,1,26,58.0,11
200800030180,2008-06-23,44.441,5.37,71,3,2,1.0,1,26,50.0,8
200800030213,2008-06-22,45.598,5.477,48,4,1,1.0,1,38,65.0,11
200800030222,2008-06-04,45.405,3.324,71,3,1,2.0,1,42,76.0,12
200800030325,2008-06-07,45.159,2.48,17,3,1,1.0,1,15,56.0,18
200800030327,2008-06-25,44.968,3.163,60,3,2,1.0,1,15,55.0,15
200800030403,2008-06-20,47.982,6.637,60,3,1,1.0,1,88,55.0,15
200800030405,2008-06-11,47.958,6.629,9,3,1,1.0,1,88,54.0,17
200800030430,2008-06-10,49.033,7.923,20,4,1,1.0,1,67,58.0,15
200800030453,2008-06-22,47.947,6.963,49,3,2,1.0,1,68,65.0,17
200800030524,2008-06-20,47.408,2.951,19,2,1,1.0,3,58,60.0,23
200800030558,2008-06-14,47.983,3.424,15,2,1,1.0,1,89,68.0,18
200800030558,2008-06-14,47.983,3.424,9,3,1,1.0,1,89,68.0,18
200800030582,2008-06-14,47.367,6.121,52,3,1,1.0,1,25,100.0,9
200800030618,2008-06-13,43.482,5.506,32,3,1,1.0,1,13,80.0,8
200800030643,2008-06-13,43.861,5.563,67,4,1,1.0,1,04,64.0,14
200800030647,2008-06-11,44.215,5.965,42,4,1,1.0,1,04,55.0,15
200800030760,2008-06-08,43.398,3.102,52,3,1,1.0,1,34,54.0,11
200800030764,2008-06-23,43.297,3.293,62,3,1,1.0,1,34,107.0,9
200800030779,2008-06-18,43.09,2.62,34,4,2,1.0,1,11,80.0,15
200800030779,2008-06-18,43.09,2.62,5,4,1,1.0,1,11,80.0,15
200800030779,2008-06-18,43.09,2.62,3,1,1,1.0,1,11,80.0,15
200800030811,2008-06-27,44.276,4.18,27,2,2,1.0,1,30,71.0,8
200800030822,2008-06-26,44.559,3.504,57,3,1,1.0,1,48,63.0,19
200800030904,2008-06-25,48.93,3.124,10,4,2,1.0,1,77,32.0,12
200800030904,2008-06-25,48.93,3.124,4,4,1,1.0,1,77,32.0,12
200800030906,2008-06-12,48.708,2.869,13,3,1,1.0,1,77,40.0,17
200800030913,2008-06-22,49.03,2.768,53,4,1,1.0,1,77,65.0,11
200800030949,2008-06-01,48.596,1.551,31,4,2,1.0,1,28,55.0,11
200800030963,2008-06-29,46.482,1.94,14,3,2,1.0,1,36,50.0,20
200800031139,2008-06-01,46.089,6.534,8,3,2,1.0,1,74,47.0,17
200800031143,2008-06-30,46.116,6.503,54,1,1,1.0,1,74,72.0,17
200800031143,2008-06-30,46.116,6.503,40,3,1,1.0,1,74,72.0,17
200800032172,2008-06-13,43.84583,3.45699,20,4,1,1.0,1,30,44.0,15
200800032185,2008-06-26,43.81795,4.34795,50,4,1,1.0,1,30,85.0,8
200800032439,2008-06-12,43.59151,3.87363,19,3,1,1.0,1,34,94.0,14
200800032444,2008-06-14,43.60071,3.89766,35,3,1,1.0,1,34,147.0,15
200800032446,2008-06-15,43.56555,3.94113,19,3,2,1.0,5,34,60.0,0
200800032468,2008-06-27,43.62578,3.87172,55,3,2,1.0,1,34,60.0,15
200800036050,2008-07-25,50.37,2.04,46,3,2,1.0,1,62,70.0,16
200800036066,2008-07-28,50.19,1.636,45,4,1,1.0,1,80,30.0,15
200800036129,2008-07-12,49.189,2.414,63,2,1,1.0,1,60,60.0,16
200800036148,2008-07-17,49.682,0.433,45,3,1,1.0,1,76,59.0,12
200800036231,2008-07-20,48.701,-3.217,63,3,2,1.0,1,22,90.0,9
200800036232,2008-07-23,48.672,-3.204,64,4,1,1.0,1,22,65.0,13
200800036388,2008-07-31,47.383,-0.497,15,4,1,2.0,1,49,50.0,16
200800036399,2008-07-09,47.338,-1.263,36,3,1,1.0,1,49,50.0,16
200800036400,2008-07-29,47.291,-1.19,3,3,2,1.0,1,49,45.0,18
200800036447,2008-07-19,46.627,-0.777,88,3,1,1.0,1,85,70.0,12
200800036471,2008-07-19,44.871,-0.498,53,4,1,1.0,1,33,60.0,12
200800036480,2008-07-01,45.304,-0.789,56,3,1,1.0,1,33,57.0,8
200800036545,2008-07-17,43.966,-0.314,55,3,1,1.0,1,40,178.0,17
200800036563,2008-07-17,44.54,0.759,14,3,2,1.0,1,47,48.0,18
200800036589,2008-07-18,46.404,0.725,15,3,1,1.0,1,86,68.0,13
200800036711,2008-07-19,43.672,0.323,9,3,1,1.0,2,32,60.0,21
200800036752,2008-07-03,44.301,1.818,62,3,2,7.0,1,82,55.0,19
200800036810,2008-07-28,45.83,5.787,61,3,2,1.0,1,01,70.0,10
200800036854,2008-07-11,44.657,5.414,21,4,1,1.0,1,26,75.0,15
200800036889,2008-07-10,45.213,5.404,69,3,1,1.0,1,38,50.0,11
200800036897,2008-07-30,45.505,5.544,63,3,1,1.0,1,38,60.0,12
200800036942,2008-07-15,45.547,5.763,23,4,1,7.0,1,73,63.0,7
200800036942,2008-07-15,45.547,5.763,22,4,1,7.0,1,73,63.0,7
200800036961,2008-07-25,45.897,6.691,44,3,1,1.0,1,74,70.0,19
200800036981,2008-07-18,46.198,6.432,69,3,1,1.0,1,74,60.0,9
200800036993,2008-07-12,45.55,3.249,66,3,1,1.0,1,63,90.0,11
200800037024,2008-07-28,45.087,2.671,24,3,1,1.0,1,15,58.0,18
200800037027,2008-07-17,45.234,3.127,16,3,1,1.0,1,15,58.0,19
200800037062,2008-07-27,49.063,6.983,31,2,1,1.0,1,57,70.0,17
200800037100,2008-07-13,48.863,5.524,78,3,1,1.0,1,55,68.0,10
200800037135,2008-07-19,48.072,7.022,41,3,1,8.0,1,88,60.0,16
200800037289,2008-07-10,48.001,3.767,20,4,2,1.0,1,89,76.0,17
200800037333,2008-07-26,46.36,5.77,44,1,1,1.0,1,39,27.0,9
200800037333,2008-07-26,46.36,5.77,48,3,1,1.0,1,39,27.0,9
200800037347,2008-07-19,47.657,5.578,57,3,1,1.0,1,70,52.0,12
200800037373,2008-07-22,43.505,5.152,82,3,1,1.0,1,13,54.0,12
200800037526,2008-07-29,43.756,3.359,17,3,1,1.0,2,34,69.0,21
200800037560,2008-07-16,43.651,4.199,47,3,1,1.0,3,30,144.0,22
200800037668,2008-07-15,49.163,1.94,44,3,1,1.0,1,95,70.0,18
200800037783,2008-07-25,47.998,-3.893,11,4,1,2.0,1,29,53.0,14
200800037977,2008-07-12,47.544,-2.873,70,3,1,1.0,1,56,80.0,16
200800038023,2008-07-31,43.125,0.728,19,3,2,1.0,1,31,60.0,18
200800038099,2008-07-03,51.066,2.512,14,3,1,1.0,1,59,74.0,17
200800039068,2008-07-08,43.8272,4.37429,45,4,2,1.0,1,30,91.0,18
200800039072,2008-07-10,43.84015,4.36281,28,4,2,1.0,1,30,73.0,18
200800039092,2008-07-25,43.87625,4.31438,28,4,1,1.0,1,30,110.0,12
200800039338,2008-07-06,43.5716,3.91502,61,3,1,1.0,1,34,34.0,11
200800044342,2008-08-29,45.24561,4.21913,44,4,1,1.0,1,42,50.0,19
200800044357,2008-08-14,44.5234,3.48336,28,4,1,1.0,1,48,90.0,19
200800045179,2008-08-03,43.8562,4.38571,14,4,2,1.0,1,30,35.0,12
200800045395,2008-08-08,43.63078,3.82258,41,3,1,1.0,1,34,90.0,16
200800045414,2008-08-19,43.6046,3.86513,32,4,1,1.0,1,34,40.0,12
200800046209,2008-08-30,45.129,4.819,20,2,1,1.0,3,26,70.0,1
200800046236,2008-08-21,45.442,5.093,71,4,1,1.0,1,38,52.0,8
200800046302,2008-08-11,46.245,6.397,70,3,1,1.0,1,74,61.0,9
200800046318,2008-08-28,45.498,3.254,73,2,1,1.0,1,63,78.0,13
200800046330,2008-08-03,45.718,5.802,15,3,1,1.0,5,73,65.0,21
200800046338,2008-08-27,45.737,6.142,30,3,1,1.0,1,73,60.0,14
200800046339,2008-08-13,45.543,6.469,5,3,1,1.0,1,73,70.0,13
200800046386,2008-08-06,45.124,2.647,53,3,1,1.0,1,15,50.0,11
200800046388,2008-08-16,45.162,2.569,68,3,1,1.0,1,15,41.0,12
200800046416,2008-08-06,49.103,6.087,55,3,2,1.0,1,57,55.0,7
200800046430,2008-08-14,48.914,6.743,40,4,1,7.0,1,57,65.0,11
200800046457,2008-08-12,48.816,5.109,58,3,1,3.0,1,55,70.0,8
200800046462,2008-08-03,48.468,5.434,17,3,1,1.0,3,55,60.0,23
200800046493,2008-08-03,48.642,7.446,6,3,1,1.0,1,67,60.0,15
200800046605,2008-08-08,49.67,2.423,31,1,2,1.0,1,60,64.0,17
200800046748,2008-08-30,47.893,-4.015,80,3,2,1.0,1,29,80.0,10
200800046756,2008-08-17,48.324,-3.963,14,4,1,1.0,1,29,120.0,15
200800046771,2008-08-14,47.588,-3.092,17,4,1,1.0,1,56,58.0,19
200800046900,2008-08-01,48.288,0.024,75,3,1,1.0,1,72,40.0,11
200800046923,2008-08-13,46.794,-2.039,70,3,2,1.0,1,85,84.0,16
200800046957,2008-08-17,45.015,0.033,24,4,1,1.0,3,33,75.0,1
200800047012,2008-08-13,44.325,0.858,49,3,1,1.0,1,47,40.0,10
200800047020,2008-08-29,43.365,-0.287,19,3,1,1.0,1,64,57.0,11
200800047053,2008-08-09,46.108,0.709,58,2,2,1.0,1,16,61.0,15
200800047126,2008-08-27,45.509,1.494,61,3,1,1.0,1,19,30.0,15
200800047133,2008-08-23,45.426,1.448,14,3,1,1.0,1,19,42.0,14
200800047161,2008-08-24,43.024,1.337,6,3,1,1.0,1,09,73.0,18
200800047289,2008-08-05,47.95,7.139,66,1,1,1.0,1,68,67.0,18
200800047336,2008-08-19,49.734,4.841,20,3,1,1.0,1,08,65.0,12
200800047337,2008-08-06,49.311,4.748,79,3,1,7.0,1,08,101.0,18
200800047396,2008-08-24,46.632,5.227,59,3,1,1.0,1,71,65.0,10
200800047418,2008-08-28,48.078,3.097,63,3,2,1.0,1,89,75.0,11
200800047445,2008-08-26,46.939,5.341,77,3,2,1.0,1,39,60.0,13
200800047463,2008-08-06,43.43,5.62,82,3,1,1.0,1,13,50.0,8
200800047463,2008-08-06,43.43,5.62,72,4,1,1.0,1,13,50.0,8
200800047578,2008-08-02,44.281,4.775,56,3,1,1.0,1,84,55.0,8
200800047593,2008-08-28,43.469,3.183,66,2,1,1.0,1,34,63.0,10
200800047593,2008-08-28,43.469,3.183,65,3,1,1.0,1,34,63.0,10
200800047603,2008-08-18,43.277,3.286,39,4,1,1.0,1,34,70.0,19
200800047603,2008-08-18,43.277,3.286,13,4,1,1.0,1,34,70.0,19
200800047603,2008-08-18,43.277,3.286,7,4,1,1.0,1,34,70.0,19
200800047630,2008-08-13,43.26,3.006,57,2,1,1.0,3,11,62.0,22
200800047653,2008-08-03,44.02,4.426,58,3,1,1.0,1,30,75.0,12
200800047653,2008-08-03,44.02,4.426,43,1,1,1.0,1,30,75.0,12
200800047653,2008-08-03,44.02,4.426,36,1,1,1.0,1,30,75.0,12
200800047676,2008-08-02,44.741,3.838,57,4,1,1.0,1,48,63.0,16
200800047706,2008-08-10,41.805,8.988,48,3,1,1.0,1,2A,55.0,15
200800047757,2008-08-28,47.975,1.965,14,4,1,1.0,1,45,70.0,17
200800047761,2008-08-05,47.77,1.611,32,2,1,1.0,2,45,70.0,6
200800047789,2008-08-06,48.206,1.881,76,2,1,1.0,1,28,76.0,18
200800047910,2008-08-04,45.071,6.043,35,3,1,1.0,1,38,61.0,9
200800047911,2008-08-12,45.07,6.043,25,2,1,2.0,1,38,90.0,18
200800047974,2008-08-18,47.521,-2.78,22,3,2,1.0,1,56,54.0,19
200800047994,2008-08-28,48.611,7.679,61,3,1,1.0,1,67,70.0,17
200800048262,2008-09-19,45.74,5.462,52,3,1,1.0,1,38,73.0,14
200800048299,2008-09-23,45.719,5.919,42,3,1,1.0,1,73,124.0,8
200800048307,2008-09-17,45.458,6.295,59,3,1,1.0,1,73,47.0,15
200800048307,2008-09-17,45.458,6.295,10,3,1,1.0,1,73,47.0,15
200800048346,2008-09-17,45.732,3.242,38,1,1,1.0,1,63,50.0,17
200800048491,2008-09-26,48.68,7.69,52,3,1,1.0,1,67,60.0,16
200800048492,2008-09-01,48.76,7.584,81,3,1,1.0,1,67,79.0,17
200800048504,2008-09-13,48.089,7.29,60,4,1,2.0,1,68,73.0,10
200800048509,2008-09-02,47.908,7.358,58,3,1,1.0,1,68,71.0,17
200800048541,2008-09-11,49.668,4.882,12,3,1,1.0,1,08,48.0,19
200800048685,2008-09-15,50.556,2.86,59,1,1,1.0,1,59,60.0,15
200800048935,2008-09-28,49.342,-1.693,62,3,1,1.0,1,50,69.0,11
200800048973,2008-09-18,47.469,-0.633,18,2,1,1.0,3,49,111.0,6
200800049053,2008-09-18,44.925,-0.453,79,3,1,1.0,1,33,77.0,14
200800049069,2008-09-13,45.22,-0.832,63,4,1,2.0,1,33,60.0,11
200800049105,2008-09-27,43.879,-1.302,77,2,1,1.0,1,40,49.0,16
200800049223,2008-09-14,45.17,1.565,53,3,2,1.0,1,19,75.0,11
200800049256,2008-09-25,43.57,1.22,16,3,1,1.0,1,31,60.0,18
200800049261,2008-09-12,43.592,1.693,10,3,1,1.0,1,31,40.0,18
200800049263,2008-09-10,43.496,1.518,14,3,2,1.0,1,31,45.0,17
200800049263,2008-09-10,43.496,1.518,10,3,2,1.0,1,31,45.0,17
200800049316,2008-09-24,43.723,5.25,9,3,1,1.0,1,13,67.0,18
200800049379,2008-09-06,48.648,-1.328,56,3,1,1.0,1,50,70.0,8
200800049545,2008-09-01,48.666,2.249,14,3,1,1.0,1,91,56.0,15
200800049622,2008-09-26,47.45,0.725,41,3,1,1.0,1,37,120.0,12
200800049634,2008-09-29,47.369,1.269,72,3,1,1.0,1,41,51.0,18
200800050405,2008-09-08,43.62164,3.85546,52,4,2,1.0,1,34,60.0,9
200800050408,2008-09-08,43.62084,3.87717,40,3,1,1.0,1,34,56.0,18
200800051897,2008-09-14,48.19765,6.43899,84,4,2,1.0,1,88,84.0,18
200800052185,2008-09-08,43.81429,4.32877,17,4,1,1.0,1,30,64.0,17
200800054691,2008-01-15,44.56,6.237,55,3,1,7.0,1,05,70.0,10
200800054935,2008-10-14,50.802,2.568,52,4,1,1.0,3,59,60.0,20
200800054949,2008-10-03,50.279,2.835,35,2,1,2.0,3,62,146.0,5
200800054971,2008-10-10,50.501,1.627,63,3,2,1.0,1,62,62.0,15
200800055152,2008-10-25,48.387,-2.33,15,3,1,1.0,1,22,52.0,9
200800055166,2008-10-10,48.09,-4.33,40,3,1,7.0,1,29,100.0,10
200800055185,2008-10-17,47.677,-2.117,60,3,1,1.0,1,56,131.0,16
200800055195,2008-10-19,47.797,-3.417,10,3,2,1.0,1,56,60.0,15
200800055299,2008-10-21,47.936,-0.836,60,2,1,1.0,1,53,60.0,15
200800055437,2008-10-15,43.344,-1.471,61,3,1,1.0,1,64,60.0,12
200800055548,2008-10-29,43.205,1.062,32,3,1,1.0,1,31,55.0,15
200800055595,2008-10-10,44.613,2.038,21,3,2,1.0,2,46,110.0,19
200800055924,2008-10-20,48.059,5.84,60,3,1,7.0,1,88,55.0,16
200800056056,2008-10-07,47.316,4.71,37,2,1,1.0,1,21,55.0,15
200800056137,2008-10-12,46.827,5.694,52,3,1,1.0,1,39,50.0,9
200800056167,2008-10-12,43.483,5.356,58,4,1,1.0,1,13,80.0,9
200800056180,2008-10-10,43.23,5.586,52,3,1,1.0,1,13,57.0,15
200800056195,2008-10-11,43.755,6.1,64,3,1,1.0,1,04,48.0,14
200800056291,2008-10-15,44.001,5.063,15,4,2,1.0,1,84,133.0,14
200800056311,2008-10-20,43.314,3.162,42,3,1,1.0,1,34,64.0,17
200800056347,2008-10-03,44.233,4.169,11,3,1,1.0,1,30,48.0,17
200800056351,2008-10-01,43.962,4.522,65,3,1,1.0,1,30,60.0,8
200800056360,2008-10-18,43.997,3.712,17,4,1,1.0,1,30,42.0,16
200800056387,2008-10-03,41.725,8.839,33,3,1,1.0,1,2A,60.0,9
200800056430,2008-10-19,48.789,2.824,51,3,1,1.0,1,77,55.0,9
200800056430,2008-10-19,48.789,2.824,61,3,1,1.0,1,77,55.0,9
200800056443,2008-10-18,47.972,1.93,78,3,1,1.0,1,45,35.0,12
200800056635,2008-10-09,43.544,1.34,14,3,2,1.0,1,31,70.0,9
200800056701,2008-10-20,47.249,5.946,70,2,1,1.0,1,25,72.0,14
200800058038,2008-10-15,43.61864,3.89353,51,4,1,1.0,1,34,60.0,15
200800059977,2008-10-23,48.20364,6.45824,42,3,2,1.0,1,88,85.0,12
200800059977,2008-10-23,48.20364,6.45824,35,3,1,1.0,1,88,85.0,12
200800062330,2008-11-08,45.378,4.795,29,4,2,1.0,1,38,30.0,15
200800062332,2008-11-20,45.324,4.813,58,2,1,1.0,1,38,40.0,15
200800062416,2008-11-21,45.208,3.991,64,3,2,1.0,1,43,60.0,14
200800062435,2008-11-06,49.219,6.695,16,3,1,1.0,5,57,80.0,14
200800062486,2008-11-25,48.41,7.64,23,1,2,4.0,3,67,70.0,3
200800062547,2008-11-21,49.635,5.029,51,3,1,8.0,1,08,66.0,13
200800062561,2008-11-08,48.017,5.17,46,4,1,1.0,1,52,50.0,14
200800062561,2008-11-08,48.017,5.17,23,1,1,1.0,1,52,50.0,14
200800062561,2008-11-08,48.017,5.17,47,3,1,1.0,1,52,50.0,14
200800062561,2008-11-08,48.017,5.17,55,1,1,1.0,1,52,50.0,14
200800062561,2008-11-08,48.017,5.17,48,1,1,1.0,1,52,50.0,14
200800062561,2008-11-08,48.017,5.17,44,3,1,1.0,1,52,50.0,14
200800062561,2008-11-08,48.017,5.17,65,4,1,1.0,1,52,50.0,14
200800062561,2008-11-08,48.017,5.17,48,1,1,1.0,1,52,50.0,14
200800062561,2008-11-08,48.017,5.17,39,3,1,1.0,1,52,50.0,14
200800062561,2008-11-08,48.017,5.17,24,1,1,1.0,1,52,50.0,14
200800062561,2008-11-08,48.017,5.17,49,1,1,1.0,1,52,50.0,14
200800062561,2008-11-08,48.017,5.17,59,4,1,1.0,1,52,50.0,14
200800062561,2008-11-08,48.017,5.17,52,1,1,1.0,1,52,50.0,14
200800062561,2008-11-08,48.017,5.17,62,4,1,1.0,1,52,50.0,14
200800062561,2008-11-08,48.017,5.17,37,1,1,1.0,1,52,50.0,14
200800062561,2008-11-08,48.017,5.17,31,1,1,1.0,1,52,50.0,14
200800062561,2008-11-08,48.017,5.17,55,1,1,1.0,1,52,50.0,14
200800062561,2008-11-08,48.017,5.17,36,4,1,1.0,1,52,50.0,14
200800062561,2008-11-08,48.017,5.17,52,1,1,1.0,1,52,50.0,14
200800062561,2008-11-08,48.017,5.17,51,4,1,1.0,1,52,50.0,14
200800062561,2008-11-08,48.017,5.17,51,1,1,1.0,1,52,50.0,14
200800062561,2008-11-08,48.017,5.17,26,4,1,1.0,1,52,50.0,14
200800062561,2008-11-08,48.017,5.17,58,1,1,1.0,1,52,50.0,14
200800062818,2008-11-20,50.57,1.6,62,3,2,2.0,3,62,70.0,19
200800062890,2008-11-13,49.519,0.726,8,2,1,1.0,2,76,50.0,17
200800062893,2008-11-29,49.656,0.553,5,3,1,1.0,1,76,59.0,17
200800062918,2008-11-15,49.227,1.068,27,3,1,1.0,5,27,59.0,20
200800062967,2008-11-27,48.003,-4.164,32,3,1,2.0,3,29,88.0,18
200800063055,2008-11-26,47.705,-1.352,24,4,1,1.0,3,44,70.0,18
200800063165,2008-11-24,45.509,-1.121,13,3,2,2.0,5,33,123.0,18
200800063165,2008-11-24,45.509,-1.121,15,3,2,2.0,5,33,123.0,18
200800063194,2008-11-04,44.093,-0.024,57,3,1,1.0,1,40,74.0,9
200800063208,2008-11-02,44.639,0.735,83,3,2,1.0,1,47,60.0,15
200800063338,2008-11-10,44.484,2.496,51,3,1,1.0,1,12,40.0,16
200800063440,2008-11-13,42.98,2.648,78,2,1,6.0,1,66,60.0,13
200800063505,2008-11-07,46.718,2.534,75,3,1,2.0,3,18,45.0,18
200800063568,2008-11-24,44.171,0.318,13,3,1,3.0,2,47,35.0,17
200800063618,2008-11-25,48.769,7.954,9,3,1,1.0,1,67,55.0,13
200800063623,2008-11-15,47.629,1.434,81,2,2,1.0,1,41,60.0,16
200800063672,2008-11-21,43.545,3.851,63,4,1,6.0,1,34,20.0,11
200800063746,2008-11-13,47.918,7.262,49,3,1,1.0,3,68,60.0,17
200800064298,2008-11-10,43.62175,3.87446,40,4,1,1.0,5,34,60.0,17
200800064518,2008-11-10,46.0403,4.05354,17,4,1,1.0,1,42,70.0,13
200800066226,2008-11-08,43.85291,4.39785,72,4,1,1.0,5,30,51.0,8
200800068505,2008-12-30,50.679,3.018,21,4,1,1.0,5,59,64.0,22
200800068535,2008-12-20,50.86,1.97,18,3,1,1.0,1,62,51.0,11
200800068564,2008-12-05,50.006,2.647,16,3,1,3.0,1,80,62.0,14
200800068691,2008-12-24,48.511,-1.998,76,3,1,1.0,1,22,54.0,16
200800068699,2008-12-03,48.607,-3.539,47,3,2,8.0,2,22,50.0,17
200800068733,2008-12-07,49.083,-0.495,57,3,2,7.0,1,14,60.0,12
200800068850,2008-12-30,47.819,0.072,56,3,1,1.0,1,72,50.0,11
200800068972,2008-12-10,46.195,-1.413,80,3,1,1.0,1,17,63.0,9
200800069017,2008-12-21,45.552,1.582,61,3,1,1.0,1,19,57.0,14
200800069301,2008-12-18,48.762,5.61,35,4,1,2.0,3,55,75.0,18
200800069301,2008-12-18,48.762,5.61,13,3,1,2.0,3,55,75.0,18
200800069615,2008-12-07,43.458,3.655,47,2,1,1.0,1,34,72.0,10
200800071357,2008-12-17,46.03721,4.06469,51,4,2,4.0,5,42,68.0,19
200900002247,2009-01-13,4e-05,0.0,69,3,2,1.0,1,68,84.0,10
200900002272,2009-01-27,4e-05,0.0,59,4,1,1.0,1,68,60.0,14
200900002301,2009-01-03,4e-05,0.0,14,1,1,1.0,5,14,70.0,18
200900002301,2009-01-03,4e-05,0.0,14,4,1,1.0,5,14,70.0,18
200900003287,2009-01-22,4e-05,0.0,74,3,1,1.0,1,30,37.0,10
200900003300,2009-01-16,4e-05,0.0,9,3,2,1.0,1,30,55.0,14
200900003318,2009-01-11,4e-05,0.0,75,4,1,1.0,1,30,87.0,9
200900003349,2009-01-11,4e-05,0.0,62,3,1,1.0,1,30,74.0,15
200900003360,2009-01-21,4e-05,0.0,25,3,1,1.0,1,30,77.0,16
200900003413,2009-02-06,4e-05,0.0,32,3,1,3.0,1,30,707.0,14
200900003869,2009-01-16,4e-05,0.0,59,3,1,1.0,1,54,75.0,12
200900003950,2009-02-01,4e-05,0.0,58,3,1,1.0,1,43,60.0,15
200900004006,2009-02-28,4e-05,0.0,75,3,1,1.0,1,27,69.0,14
200900004184,2009-02-20,4e-05,0.0,75,3,1,1.0,1,90,48.0,15
200900004200,2009-03-28,4e-05,0.0,54,3,1,1.0,1,86,62.0,9
200900004339,2009-03-03,4e-05,0.0,55,3,1,1.0,2,81,50.0,18
200900004420,2009-03-17,4e-05,0.0,48,3,1,1.0,1,27,75.0,10
200900004465,2009-01-06,4e-05,0.0,28,4,1,4.0,3,95,60.0,18
200900004523,2009-01-01,4e-05,0.0,50,3,1,1.0,3,34,75.0,18
200900004558,2009-01-11,4e-05,0.0,60,4,1,1.0,1,34,80.0,9
200900004558,2009-01-11,4e-05,0.0,48,1,1,1.0,1,34,80.0,9
200900004563,2009-01-13,4e-05,0.0,54,4,2,1.0,1,34,30.0,9
200900004569,2009-01-14,4e-05,0.0,37,4,1,1.0,1,34,70.0,13
200900004575,2009-01-19,4e-05,0.0,64,3,1,2.0,5,34,94.0,18
200900004592,2009-01-20,4e-05,0.0,62,4,1,1.0,1,34,60.0,12
200900004594,2009-01-20,4e-05,0.0,23,1,1,1.0,1,34,30.0,11
200900004624,2009-01-27,4e-05,0.0,14,3,1,1.0,1,34,77.0,8
200900004629,2009-02-09,4e-05,0.0,16,4,1,2.0,1,52,80.0,7
200900004674,2009-01-27,4e-05,0.0,38,4,1,1.0,1,31,51.0,8
200900004968,2009-02-01,4e-05,0.0,60,4,2,1.0,1,28,50.0,10
200900004971,2009-02-25,4e-05,0.0,18,3,1,1.0,1,28,50.0,17
200900005143,2009-03-17,4e-05,0.0,58,3,1,1.0,1,30,126.0,11
200900005163,2009-01-08,4e-05,0.0,39,3,1,1.0,5,01,100.0,18
200900005192,2009-01-19,4e-05,0.0,31,4,1,8.0,1,01,55.0,10
200900005194,2009-01-07,4e-05,0.0,54,3,2,1.0,5,01,114.0,20
200900005221,2009-03-21,4e-05,0.0,22,2,1,1.0,3,01,67.0,0
200900006140,2009-02-01,4e-05,0.0,41,3,1,8.0,3,31,60.0,20
200900006451,2009-01-09,4e-05,0.0,18,4,2,1.0,5,67,79.0,17
200900006451,2009-01-09,4e-05,0.0,18,1,1,1.0,5,67,79.0,17
200900006453,2009-01-30,4e-05,0.0,22,4,2,1.0,1,67,60.0,8
200900006457,2009-01-08,4e-05,0.0,16,4,2,1.0,1,67,60.0,12
200900006503,2009-01-28,4e-05,0.0,61,4,1,1.0,5,67,53.0,20
200900006552,2009-02-05,4e-05,0.0,43,3,2,1.0,3,37,70.0,18
200900006603,2009-04-01,4e-05,0.0,60,2,1,6.0,1,39,81.0,13
200900006913,2009-03-23,4e-05,0.0,6,4,1,1.0,1,12,57.0,17
200900007385,2009-02-04,4e-05,0.0,40,3,1,1.0,1,38,100.0,11
200900007711,2009-02-14,4e-05,0.0,73,4,2,1.0,1,36,60.0,9
200900007735,2009-03-31,4e-05,0.0,20,4,1,1.0,1,36,115.0,14
200900007896,2009-04-20,4e-05,0.0,52,3,1,1.0,1,36,60.0,18
200900007910,2009-02-02,4e-05,0.0,12,4,1,2.0,5,95,40.0,18
200900008046,2009-03-08,4e-05,0.0,44,3,1,8.0,1,32,69.0,9
200900008046,2009-03-08,4e-05,0.0,48,4,1,8.0,1,32,69.0,9
200900008046,2009-03-08,4e-05,0.0,55,2,1,8.0,1,32,69.0,9
200900008046,2009-03-08,4e-05,0.0,73,3,1,8.0,1,32,69.0,9
200900008046,2009-03-08,4e-05,0.0,43,3,1,8.0,1,32,69.0,9
200900008046,2009-03-08,4e-05,0.0,54,3,1,8.0,1,32,69.0,9
200900008046,2009-03-08,4e-05,0.0,37,3,1,8.0,1,32,69.0,9
200900008046,2009-03-08,4e-05,0.0,46,4,1,8.0,1,32,69.0,9
200900008046,2009-03-08,4e-05,0.0,51,3,1,8.0,1,32,69.0,9
200900008050,2009-03-16,4e-05,0.0,60,4,1,1.0,1,32,70.0,8
200900008132,2009-03-07,4e-05,0.0,38,3,1,1.0,3,28,70.0,20
200900008282,2009-04-29,4e-05,0.0,55,3,1,1.0,1,88,35.0,17
200900008355,2009-04-14,4e-05,0.0,65,2,1,1.0,1,81,71.0,17
200900008396,2009-01-30,4e-05,0.0,78,3,1,1.0,3,25,60.0,18
200900008466,2009-02-20,4e-05,0.0,13,3,2,1.0,1,25,93.0,13
200900008487,2009-04-10,4e-05,0.0,56,4,1,1.0,1,01,40.0,19
200900008503,2009-04-03,4e-05,0.0,60,3,2,1.0,1,01,76.0,17
200900008687,2009-04-09,4e-05,0.0,54,3,1,1.0,1,25,59.0,18
200900008691,2009-04-25,4e-05,0.0,13,3,1,1.0,1,25,45.0,13
200900009674,2009-03-21,4e-05,0.0,41,4,1,1.0,1,45,77.0,11
200900009675,2009-03-30,4e-05,0.0,41,4,2,1.0,1,45,80.0,18
200900010228,2009-05-20,4e-05,0.0,48,3,1,1.0,1,12,72.0,14
200900010418,2009-05-07,4e-05,0.0,21,3,1,1.0,1,21,75.0,8
200900010440,2009-04-05,4e-05,0.0,57,4,1,1.0,5,45,70.0,21
200900010442,2009-04-09,4e-05,0.0,14,4,1,1.0,1,45,55.0,8
200900010470,2009-04-21,4e-05,0.0,15,3,1,1.0,1,45,35.0,20
200900010496,2009-04-28,4e-05,0.0,84,3,2,1.0,1,52,90.0,11
200900010624,2009-05-16,4e-05,0.0,65,3,1,1.0,1,52,50.0,18
200900010993,2009-04-22,4e-05,0.0,64,3,1,7.0,1,27,60.0,18
200900011125,2009-01-20,4e-05,0.0,59,3,2,1.0,1,71,74.0,12
200900011177,2009-02-06,4e-05,0.0,50,3,1,8.0,3,71,120.0,5
200900011207,2009-02-11,4e-05,0.0,43,1,1,1.0,1,67,220.0,8
200900011207,2009-02-11,4e-05,0.0,48,4,1,1.0,1,67,220.0,8
200900011218,2009-02-12,4e-05,0.0,24,4,1,9.0,1,67,60.0,7
200900011220,2009-02-13,4e-05,0.0,42,4,2,1.0,1,67,80.0,9
200900011237,2009-02-16,4e-05,0.0,35,4,2,4.0,4,67,122.0,18
200900011239,2009-02-18,4e-05,0.0,23,4,2,1.0,1,67,110.0,12
200900011243,2009-02-24,4e-05,0.0,74,4,2,1.0,5,67,40.0,20
200900011246,2009-02-27,4e-05,0.0,16,4,1,1.0,5,67,119.0,23
200900011336,2009-05-17,4e-05,0.0,7,3,2,1.0,1,43,58.0,16
200900011365,2009-05-17,4e-05,0.0,48,3,1,1.0,1,68,72.0,19
200900011371,2009-05-23,4e-05,0.0,36,4,1,1.0,1,68,50.0,14
200900011397,2009-03-18,4e-05,0.0,11,4,1,1.0,1,67,45.0,16
200900011403,2009-03-25,4e-05,0.0,19,4,2,3.0,5,67,60.0,19
200900011407,2009-03-05,4e-05,0.0,22,4,2,2.0,5,67,92.0,21
200900011416,2009-03-30,4e-05,0.0,22,4,2,2.0,5,67,90.0,20
200900011417,2009-03-16,4e-05,0.0,23,4,1,1.0,1,67,80.0,9
200900011418,2009-03-20,4e-05,0.0,41,4,1,1.0,1,67,80.0,7
200900011419,2009-03-30,4e-05,0.0,63,4,1,1.0,1,67,140.0,8
200900011420,2009-03-10,4e-05,0.0,14,4,2,8.0,1,67,80.0,17
200900011424,2009-03-16,4e-05,0.0,43,1,1,1.0,1,67,30.0,16
200900011426,2009-03-17,4e-05,0.0,35,4,1,1.0,1,67,70.0,8
200900011430,2009-03-19,4e-05,0.0,44,4,2,1.0,1,67,100.0,8
200900011606,2009-03-23,4e-05,0.0,55,3,2,1.0,1,31,70.0,7
200900011620,2009-03-12,4e-05,0.0,48,3,1,1.0,1,31,60.0,18
200900011658,2009-05-07,4e-05,0.0,58,4,2,1.0,1,45,57.0,11
200900011661,2009-05-10,4e-05,0.0,13,3,1,1.0,1,45,74.0,16
200900011664,2009-05-21,4e-05,0.0,9,3,2,1.0,1,45,93.0,16
200900011669,2009-05-19,4e-05,0.0,67,3,2,1.0,1,45,32.0,8
200900011669,2009-05-19,4e-05,0.0,46,1,1,1.0,1,45,32.0,8
200900011732,2009-05-18,4e-05,0.0,73,3,1,1.0,1,28,70.0,17
200900011734,2009-05-22,4e-05,0.0,70,3,1,1.0,1,28,60.0,13
200900013042,2009-04-03,4e-05,0.0,20,2,1,1.0,5,31,155.0,2
200900013183,2009-06-26,4e-05,0.0,60,3,2,1.0,1,04,52.0,8
200900013398,2009-03-31,4e-05,0.0,16,3,1,1.0,1,70,61.0,18
200900013404,2009-04-18,4e-05,0.0,53,3,1,8.0,1,70,80.0,16
200900013437,2009-05-27,4e-05,0.0,63,2,1,1.0,1,73,108.0,13
200900013677,2009-01-08,4e-05,0.0,16,4,1,1.0,2,78,60.0,8
200900013718,2009-01-19,4e-05,0.0,63,4,1,1.0,1,78,72.0,12
200900013720,2009-01-19,4e-05,0.0,26,3,1,2.0,2,78,47.0,17
200900014298,2009-05-20,4e-05,0.0,13,4,1,1.0,1,27,90.0,15
200900014351,2009-03-11,4e-05,0.0,14,3,1,1.0,1,95,87.0,14
200900014520,2009-01-14,4e-05,0.0,36,3,1,5.0,3,77,70.0,5
200900014810,2009-04-13,4e-05,0.0,58,3,1,1.0,1,30,66.0,15
200900014828,2009-05-08,4e-05,0.0,7,3,1,1.0,1,30,12.0,20
200900014924,2009-01-14,4e-05,0.0,40,3,1,1.0,1,82,42.0,14
200900014924,2009-01-14,4e-05,0.0,47,3,1,1.0,1,82,42.0,14
200900014939,2009-02-04,4e-05,0.0,47,3,2,1.0,2,82,60.0,7
200900015155,2009-06-04,4e-05,0.0,41,4,1,1.0,1,28,100.0,18
200900015248,2009-06-14,4e-05,0.0,47,3,2,1.0,1,73,89.0,11
200900015492,2009-04-06,4e-05,0.0,14,4,1,1.0,1,38,163.0,16
200900015577,2009-06-17,5e-05,0.0,9,3,1,1.0,1,16,51.0,14
200900015627,2009-06-22,4e-05,0.0,75,3,2,1.0,1,36,81.0,12
200900015663,2009-05-31,4e-05,0.0,12,3,1,1.0,1,81,55.0,17
200900015792,2009-04-24,4e-05,0.0,11,3,1,1.0,1,84,56.0,19
200900015817,2009-04-25,4e-05,0.0,50,3,1,1.0,1,84,100.0,16
200900016361,2009-05-29,4e-05,0.0,40,3,2,7.0,1,82,59.0,8
200900016361,2009-05-29,4e-05,0.0,11,3,1,7.0,1,82,59.0,8
200900016447,2009-06-14,4e-05,0.0,86,3,1,1.0,1,25,50.0,8
200900016497,2009-05-30,4e-05,0.0,9,4,2,1.0,1,30,52.0,12
200900016874,2009-06-19,4e-05,0.0,55,3,2,1.0,1,52,60.0,21
200900016874,2009-06-19,4e-05,0.0,55,3,1,1.0,1,52,60.0,21
200900016940,2009-05-07,4e-05,0.0,82,3,1,1.0,1,19,46.0,18
200900016971,2009-07-20,5e-05,0.0,13,3,1,1.0,1,16,43.0,13
200900017004,2009-01-21,4e-05,0.0,66,3,1,1.0,1,13,70.0,15
200900017415,2009-07-26,4e-05,0.0,72,3,1,1.0,1,73,60.0,9
200900017595,2009-07-14,4e-05,0.0,48,3,2,1.0,1,02,60.0,18
200900017615,2009-05-19,4e-05,0.0,13,4,1,1.0,1,88,69.0,19
200900017624,2009-05-04,4e-05,0.0,36,3,1,1.0,1,88,80.0,17
200900017640,2009-06-14,4e-05,0.0,55,3,1,1.0,1,88,70.0,11
200900017647,2009-06-13,4e-05,0.0,79,3,1,1.0,1,88,70.0,16
200900017764,2009-06-25,4e-05,0.0,64,3,1,1.0,1,27,60.0,16
200900017764,2009-06-25,4e-05,0.0,58,2,1,1.0,1,27,60.0,16
200900018170,2009-06-05,4e-05,0.0,52,3,1,1.0,1,01,60.0,19
200900018171,2009-06-02,4e-05,0.0,32,4,1,1.0,1,01,120.0,18
200900018185,2009-06-13,4e-05,0.0,67,3,1,1.0,1,01,54.0,10
200900018290,2009-06-24,4e-05,0.0,48,3,1,1.0,1,68,62.0,20
200900018305,2009-07-29,4e-05,0.0,16,4,2,1.0,1,88,63.0,14
200900018313,2009-07-24,4e-05,0.0,62,4,1,1.0,1,88,40.0,13
200900018326,2009-07-31,4e-05,0.0,50,3,1,1.0,1,88,63.0,18
200900018382,2009-01-09,4e-05,0.0,32,4,1,1.0,5,94,40.0,6
200900018404,2009-01-12,4e-05,0.0,14,4,2,8.0,1,94,65.0,16
200900018429,2009-01-19,4e-05,0.0,25,3,2,2.0,3,94,60.0,8
200900018551,2009-02-10,4e-05,0.0,56,4,2,2.0,1,94,75.0,12
200900018594,2009-02-18,4e-05,0.0,70,4,2,1.0,1,94,25.0,14
200900018820,2009-05-10,4e-05,0.0,48,3,1,1.0,1,66,60.0,8
200900018959,2009-03-19,4e-05,0.0,25,4,1,1.0,1,94,120.0,7
200900018998,2009-03-24,4e-05,0.0,19,4,1,1.0,1,94,50.0,10
200900019002,2009-03-25,4e-05,0.0,30,4,1,2.0,1,94,60.0,10
200900019007,2009-03-25,4e-05,0.0,13,4,1,1.0,1,94,60.0,13
200900019076,2009-04-02,4e-05,0.0,36,4,2,1.0,1,94,60.0,8
200900019106,2009-04-05,4e-05,0.0,16,3,2,1.0,1,94,50.0,18
200900019112,2009-04-06,4e-05,0.0,66,4,1,1.0,1,94,55.0,14
200900019130,2009-04-09,4e-05,0.0,24,1,1,1.0,1,94,70.0,17
200900019150,2009-04-11,4e-05,0.0,30,4,1,1.0,1,94,80.0,13
200900019170,2009-04-16,4e-05,0.0,16,1,2,1.0,1,94,20.0,14
200900019170,2009-04-16,4e-05,0.0,16,1,2,1.0,1,94,20.0,14
200900019210,2009-04-24,4e-05,0.0,49,4,2,1.0,1,94,60.0,16
200900019234,2009-04-29,4e-05,0.0,58,3,1,8.0,1,94,60.0,12
200900019279,2009-04-12,4e-05,0.0,15,4,2,1.0,1,95,130.0,19
200900019328,2009-04-26,4e-05,0.0,59,4,1,1.0,1,95,70.0,12
200900019452,2009-05-15,4e-05,0.0,13,4,1,1.0,1,95,72.0,15
200900019454,2009-05-18,4e-05,0.0,16,4,1,1.0,1,95,70.0,7
200900019481,2009-05-01,4e-05,0.0,20,3,1,1.0,5,95,76.0,1
200900019485,2009-05-13,4e-05,0.0,45,4,1,1.0,1,95,62.0,9
200900019491,2009-05-30,4e-05,0.0,8,4,1,1.0,1,95,310.0,14
200900019510,2009-07-12,4e-05,0.0,43,3,1,1.0,1,83,41.0,10
200900019533,2009-07-05,4e-05,0.0,85,2,1,1.0,1,83,120.0,7
200900019676,2009-06-26,4e-05,0.0,50,4,1,1.0,1,10,65.0,8
200900019763,2009-05-29,4e-05,0.0,51,3,1,1.0,1,67,60.0,17
200900019772,2009-05-22,4e-05,0.0,53,3,1,1.0,1,67,27.0,15
200900019772,2009-05-22,4e-05,0.0,8,1,1,1.0,1,67,27.0,15
200900019788,2009-05-18,4e-05,0.0,84,3,1,1.0,1,67,30.0,17
200900019819,2009-07-02,4e-05,0.0,19,3,1,1.0,1,27,60.0,19
200900020005,2009-08-07,4e-05,0.0,28,3,1,1.0,1,04,70.0,9
200900020214,2009-07-24,4e-05,0.0,13,3,1,8.0,1,37,34.0,10
200900021084,2009-06-04,4e-05,0.0,18,4,1,1.0,1,45,100.0,11
200900021124,2009-06-25,4e-05,0.0,12,4,1,1.0,1,45,90.0,8
200900021136,2009-06-18,4e-05,0.0,33,3,2,2.0,5,45,66.0,23
200900021136,2009-06-18,4e-05,0.0,32,2,2,2.0,5,45,66.0,23
200900021144,2009-06-29,4e-05,0.0,49,4,1,1.0,1,45,70.0,21
200900021145,2009-06-21,4e-05,0.0,18,1,1,1.0,1,45,35.0,15
200900021145,2009-06-21,4e-05,0.0,17,4,2,1.0,1,45,35.0,15
200900021183,2009-06-30,4e-05,0.0,75,3,2,1.0,1,67,45.0,8
200900021194,2009-06-28,4e-05,0.0,46,4,1,1.0,1,67,52.0,10
200900021197,2009-06-17,4e-05,0.0,45,3,2,1.0,1,67,90.0,12
200900021440,2009-02-25,4e-05,0.0,57,3,1,1.0,1,34,50.0,16
200900021471,2009-02-04,4e-05,0.0,68,4,1,1.0,1,34,66.0,13
200900021473,2009-02-04,4e-05,0.0,13,3,2,1.0,1,34,60.0,16
200900021521,2009-02-19,4e-05,0.0,14,4,1,1.0,1,34,120.0,15
200900021552,2009-05-26,4e-05,0.0,4,3,2,1.0,2,24,48.0,20
200900021596,2009-06-19,4e-05,0.0,57,4,1,1.0,1,24,100.0,14
200900021614,2009-07-25,4e-05,0.0,56,3,1,1.0,1,24,50.0,11
200900021627,2009-07-17,4e-05,0.0,59,3,2,2.0,1,24,53.0,12
200900021644,2009-07-29,4e-05,0.0,15,3,2,1.0,1,41,75.0,18
200900021726,2009-07-30,4e-05,0.0,62,4,1,1.0,1,04,63.0,17
200900021746,2009-07-28,4e-05,0.0,11,2,2,1.0,1,32,48.0,12
200900021956,2009-06-24,4e-05,0.0,63,3,2,1.0,1,72,60.0,12
200900022054,2009-06-12,4e-05,0.0,38,4,1,1.0,1,30,33.0,16
200900022107,2009-06-02,4e-05,0.0,68,4,1,1.0,1,30,29.0,12
200900022183,2009-07-19,4e-05,0.0,25,3,1,1.0,1,72,48.0,11
200900022238,2009-05-18,4e-05,0.0,26,4,1,1.0,1,54,48.0,16
200900022286,2009-07-20,4e-05,0.0,10,2,1,1.0,1,52,108.0,19
200900022297,2009-07-13,4e-05,0.0,15,3,1,1.0,1,52,51.0,17
200900022459,2009-08-31,4e-05,0.0,12,3,1,1.0,1,72,45.0,18
200900022540,2009-06-17,4e-05,0.0,30,3,1,1.0,1,46,28.0,20
200900022599,2009-07-11,4e-05,0.0,48,3,1,1.0,1,70,58.0,19
200900022760,2009-03-23,4e-05,0.0,45,3,1,1.0,1,06,40.0,13
200900023188,2009-08-27,4e-05,0.0,49,2,1,1.0,1,43,62.0,10
200900023589,2009-02-17,4e-05,0.0,10,4,1,1.0,1,78,140.0,18
200900023625,2009-02-26,4e-05,0.0,61,4,1,1.0,1,78,75.0,9
200900023932,2009-07-04,4e-05,0.0,11,2,1,1.0,1,10,57.0,14
200900024388,2009-07-07,4e-05,0.0,79,4,2,1.0,1,67,40.0,14
200900024390,2009-07-31,4e-05,0.0,11,3,1,1.0,1,67,40.0,12
200900024395,2009-07-11,4e-05,0.0,78,3,2,1.0,1,67,60.0,17
200900024471,2009-03-20,4e-05,0.0,52,3,1,1.0,1,61,72.0,13
200900024473,2009-02-06,4e-05,0.0,18,4,2,2.0,3,52,70.0,18
200900024487,2009-07-09,4e-05,0.0,59,4,1,1.0,1,30,65.0,18
200900024746,2009-07-02,4e-05,0.0,14,3,1,1.0,1,45,70.0,20
200900024746,2009-07-02,4e-05,0.0,14,4,1,1.0,1,45,70.0,20
200900024752,2009-07-18,4e-05,0.0,12,3,1,2.0,1,45,60.0,18
200900024762,2009-06-25,4e-05,0.0,47,3,2,1.0,1,52,56.0,11
200900024814,2009-08-05,4e-05,0.0,42,4,1,1.0,1,45,54.0,11
200900024814,2009-08-05,4e-05,0.0,62,2,1,1.0,1,45,54.0,11
200900024861,2009-08-31,4e-05,0.0,10,3,1,1.0,2,45,60.0,20
200900024861,2009-08-31,4e-05,0.0,10,3,1,1.0,2,45,60.0,20
200900024884,2009-06-30,4e-05,0.0,13,4,1,1.0,1,28,60.0,13
200900024934,2009-07-01,4e-05,0.0,4,3,1,1.0,1,28,60.0,18
200900025056,2009-03-27,4e-05,0.0,58,3,1,1.0,1,34,105.0,13
200900025062,2009-03-06,4e-05,0.0,35,4,1,1.0,2,34,30.0,18
200900025067,2009-03-06,4e-05,0.0,23,4,1,8.0,1,34,47.0,14
200900025077,2009-03-13,4e-05,0.0,59,4,2,1.0,1,34,120.0,8
200900025215,2009-03-20,4e-05,0.0,26,3,1,1.0,1,78,110.0,15
200900025245,2009-03-26,4e-05,0.0,33,3,1,1.0,3,78,50.0,5
200900025270,2009-03-21,4e-05,0.0,41,3,1,1.0,1,78,80.0,17
200900025308,2009-08-31,4e-05,0.0,17,4,2,1.0,1,88,70.0,16
200900025312,2009-08-05,4e-05,0.0,76,3,2,1.0,1,88,122.0,10
200900025313,2009-06-13,4e-05,0.0,12,3,1,1.0,1,21,55.0,17
200900025374,2009-06-12,4e-05,0.0,60,3,1,7.0,1,19,67.0,17
200900025379,2009-06-16,4e-05,0.0,50,4,1,1.0,1,19,75.0,9
200900025400,2009-07-05,4e-05,0.0,50,3,1,1.0,1,21,87.0,11
200900025406,2009-07-25,4e-05,0.0,39,3,1,1.0,1,21,80.0,20
200900025409,2009-07-27,4e-05,0.0,64,3,1,1.0,1,21,127.0,7
200900025578,2009-06-24,4e-05,0.0,43,4,1,1.0,1,31,90.0,7
200900025655,2009-07-29,4e-05,0.0,14,3,1,1.0,1,31,70.0,18
200900025659,2009-07-01,4e-05,0.0,14,3,2,1.0,2,31,41.0,22
200900025719,2009-07-13,4e-05,0.0,44,3,1,1.0,1,31,137.0,10
200900025779,2009-06-25,4e-05,0.0,15,4,1,1.0,1,95,120.0,21
200900025784,2009-06-30,4e-05,0.0,42,4,1,1.0,1,95,122.0,17
200900025804,2009-06-25,4e-05,0.0,14,4,1,1.0,1,95,50.0,13
200900025810,2009-06-29,4e-05,0.0,65,4,1,1.0,1,95,60.0,18
200900025852,2009-08-25,4e-05,0.0,26,3,1,1.0,1,16,70.0,14
200900026006,2009-08-22,4e-05,0.0,21,3,1,1.0,1,67,61.0,14
200900026016,2009-08-08,4e-05,0.0,14,3,1,1.0,1,67,63.0,17
200900026128,2009-08-21,4e-05,0.0,60,3,1,1.0,1,31,70.0,10
200900026150,2009-08-28,4e-05,0.0,40,4,1,1.0,2,31,71.0,7
200900026151,2009-08-19,4e-05,0.0,82,4,2,1.0,1,31,100.0,9
200900026163,2009-07-25,4e-05,0.0,28,4,1,1.0,1,88,80.0,17
200900026179,2009-08-16,4e-05,0.0,46,4,2,7.0,1,12,70.0,8
200900026233,2009-04-25,4e-05,0.0,47,3,1,1.0,1,26,60.0,14
200900026241,2009-04-11,4e-05,0.0,75,3,1,8.0,1,26,71.0,14
200900026254,2009-04-09,4e-05,0.0,51,2,2,1.0,1,26,60.0,17
200900026255,2009-04-07,4e-05,0.0,13,3,1,1.0,1,26,70.0,14
200900026482,2009-06-27,4e-05,0.0,66,2,1,1.0,3,38,66.0,0
200900027531,2009-05-18,4e-05,0.0,11,4,2,3.0,1,31,65.0,18
200900027537,2009-07-28,4e-05,0.0,17,3,1,1.0,5,01,229.0,22
200900027802,2009-08-08,4e-05,0.0,65,3,2,1.0,1,27,65.0,15
200900027840,2009-08-31,4e-05,0.0,25,4,1,1.0,1,27,70.0,8
200900027840,2009-08-31,4e-05,0.0,24,4,1,1.0,1,27,70.0,8
200900027960,2009-07-08,4e-05,0.0,9,4,2,1.0,1,38,60.0,17
200900028158,2009-04-04,4e-05,0.0,59,3,1,1.0,1,55,70.0,12
200900028268,2009-06-11,4e-05,0.0,48,3,2,1.0,1,26,54.0,14
200900028543,2009-08-03,4e-05,0.0,52,4,2,1.0,1,01,70.0,14
200900028764,2009-07-26,4e-05,0.0,11,3,1,1.0,1,95,97.0,17
200900028767,2009-07-16,4e-05,0.0,16,4,1,1.0,1,95,50.0,11
200900028785,2009-07-19,4e-05,0.0,65,3,2,1.0,1,95,40.0,14
200900028818,2009-07-05,4e-05,0.0,71,3,1,1.0,1,74,60.0,11
200900028818,2009-07-05,4e-05,0.0,67,1,1,1.0,1,74,60.0,11
200900029008,2009-03-18,4e-05,0.0,78,2,1,1.0,1,13,35.0,14
200900029571,2009-07-05,4e-05,0.0,69,3,1,1.0,1,84,45.0,9
200900029578,2009-07-29,4e-05,0.0,36,3,1,1.0,1,84,49.0,19
200900029614,2009-07-24,4e-05,0.0,52,3,1,1.0,1,84,80.0,8
200900029645,2009-09-29,4e-05,0.0,42,3,1,1.0,1,81,47.0,15
200900029942,2009-04-24,4e-05,0.0,55,4,1,1.0,1,69,99.0,14
200900030811,2009-08-17,4e-05,0.0,43,3,1,1.0,1,70,70.0,10
200900030946,2009-07-29,4e-05,0.0,39,3,1,1.0,1,71,70.0,14
200900030989,2009-08-07,4e-05,0.0,21,3,2,1.0,1,71,73.0,10
200900031088,2009-08-05,4e-05,0.0,36,3,2,1.0,1,36,111.0,10
200900031089,2009-08-09,4e-05,0.0,21,4,1,1.0,5,36,75.0,3
200900031091,2009-08-11,4e-05,0.0,18,4,2,1.0,1,36,62.0,8
200900031103,2009-08-28,4e-05,0.0,49,4,1,1.0,5,36,110.0,22
200900031439,2009-08-04,4e-05,0.0,78,2,1,1.0,1,37,124.0,7
200900031453,2009-08-27,4e-05,0.0,68,3,1,1.0,1,37,50.0,11
200900031502,2009-05-27,4e-05,0.0,58,4,1,1.0,1,31,65.0,14
200900031504,2009-08-18,4e-05,0.0,81,3,1,1.0,1,47,125.0,9
200900031603,2009-08-10,4e-05,0.0,49,3,2,1.0,1,30,56.0,12
200900031616,2009-08-14,4e-05,0.0,46,3,1,7.0,1,30,42.0,9
200900031643,2009-08-27,4e-05,0.0,51,3,2,1.0,1,30,30.0,8
200900031643,2009-08-27,4e-05,0.0,52,1,2,1.0,1,30,30.0,8
200900031644,2009-08-27,4e-05,0.0,42,4,1,1.0,1,30,49.0,11
200900031990,2009-06-30,4e-05,0.0,12,4,1,1.0,1,88,105.0,20
200900031991,2009-08-27,4e-05,0.0,13,3,1,1.0,1,88,105.0,19
200900032036,2009-09-29,4e-05,0.0,60,3,1,1.0,1,47,80.0,17
200900032173,2009-09-23,4e-05,0.0,10,4,1,1.0,1,27,80.0,15
200900032179,2009-09-04,4e-05,0.0,18,4,1,1.0,1,27,157.0,16
200900033020,2009-09-18,4e-05,0.0,22,3,2,1.0,1,71,70.0,17
200900033286,2009-09-14,4e-05,0.0,27,2,1,1.0,1,41,45.0,10
200900033289,2009-09-05,4e-05,0.0,45,3,1,1.0,3,41,63.0,17
200900033295,2009-09-24,4e-05,0.0,14,2,1,1.0,2,41,57.0,7
200900033843,2009-09-29,4e-05,0.0,57,3,1,1.0,1,66,55.0,10
200900034430,2009-10-16,4e-05,0.0,65,3,1,1.0,3,27,73.0,6
200900034471,2009-08-11,4e-05,0.0,70,2,1,1.0,1,57,81.0,12
200900034715,2009-08-18,4e-05,0.0,13,3,1,1.0,1,73,60.0,12
200900034717,2009-08-09,4e-05,0.0,77,3,1,8.0,2,73,87.0,18
200900034720,2009-08-26,4e-05,0.0,13,4,1,1.0,1,73,35.0,14
200900034721,2009-08-12,4e-05,0.0,60,4,1,1.0,1,73,70.0,16
200900034726,2009-08-15,4e-05,0.0,42,3,1,1.0,1,73,70.0,15
200900034728,2009-08-04,4e-05,0.0,73,3,2,1.0,1,73,100.0,8
200900034730,2009-08-27,4e-05,0.0,64,4,1,1.0,1,73,52.0,11
200900034896,2009-09-30,4e-05,0.0,52,4,1,1.0,1,67,20.0,18
200900034896,2009-09-30,4e-05,0.0,42,1,1,1.0,1,67,20.0,18
200900034947,2009-01-24,5e-05,0.0,37,3,1,8.0,3,62,54.0,17
200900035303,2009-08-17,4e-05,0.0,48,2,1,1.0,2,02,70.0,6
200900035373,2009-10-01,4e-05,0.0,78,3,1,1.0,1,72,53.0,8
200900035387,2009-09-30,4e-05,0.0,57,3,1,1.0,1,72,70.0,17
200900035467,2009-08-04,4e-05,0.0,69,2,1,1.0,1,52,70.0,9
200900035470,2009-08-13,4e-05,0.0,69,4,1,1.0,1,52,79.0,15
200900035517,2009-04-12,4e-05,0.0,7,3,1,1.0,1,78,60.0,15
200900035613,2009-02-11,4e-05,0.0,39,3,1,9.0,2,77,60.0,7
200900035673,2009-03-20,4e-05,0.0,75,4,2,1.0,1,55,75.0,10
200900035718,2009-08-19,4e-05,0.0,7,3,2,1.0,1,28,60.0,11
200900035749,2009-09-02,4e-05,0.0,10,3,1,1.0,1,28,50.0,17
200900035764,2009-09-28,4e-05,0.0,3,4,2,1.0,1,28,100.0,17
200900035766,2009-09-22,4e-05,0.0,43,4,2,1.0,1,28,50.0,11
200900035785,2009-10-23,4e-05,0.0,29,2,1,1.0,5,43,73.0,20
200900035912,2009-08-11,4e-05,0.0,8,3,1,7.0,1,10,54.0,9
200900035925,2009-09-03,4e-05,0.0,80,4,1,1.0,1,10,70.0,10
200900035939,2009-09-11,4e-05,0.0,32,3,1,1.0,1,10,81.0,7
200900036277,2009-06-18,4e-05,0.0,62,3,1,1.0,1,06,47.0,18
200900036476,2009-09-05,4e-05,0.0,63,4,2,1.0,1,52,72.0,16
200900036482,2009-09-22,4e-05,0.0,13,4,1,7.0,1,52,60.0,17
200900036497,2009-09-29,4e-05,0.0,37,4,2,1.0,1,52,54.0,8
200900036965,2009-11-21,4e-05,0.0,56,4,2,1.0,1,04,62.0,16
200900036965,2009-11-21,4e-05,0.0,53,4,2,1.0,1,04,62.0,16
200900036982,2009-10-16,4e-05,0.0,32,3,2,1.0,1,52,108.0,17
200900037308,2009-10-20,4e-05,0.0,11,4,1,1.0,2,36,60.0,18
200900037389,2009-06-17,4e-05,0.0,70,4,1,1.0,1,55,70.0,18
200900037571,2009-09-01,4e-05,0.0,48,4,1,1.0,1,95,160.0,16
200900037573,2009-09-04,4e-05,0.0,66,4,1,1.0,1,95,120.0,17
200900037580,2009-09-14,4e-05,0.0,21,4,2,1.0,1,95,180.0,17
200900037582,2009-09-15,4e-05,0.0,46,4,1,1.0,1,95,84.0,19
200900037583,2009-09-21,4e-05,0.0,57,3,1,1.0,5,95,86.0,6
200900037616,2009-09-28,4e-05,0.0,12,4,1,1.0,5,95,120.0,19
200900037623,2009-09-22,4e-05,0.0,67,4,2,1.0,1,95,90.0,12
200900037627,2009-09-21,4e-05,0.0,54,4,1,1.0,2,95,90.0,18
200900037629,2009-09-26,4e-05,0.0,46,4,1,1.0,5,95,68.0,7
200900037630,2009-09-08,4e-05,0.0,40,4,2,1.0,1,95,110.0,19
200900037663,2009-10-07,4e-05,0.0,39,2,1,8.0,3,95,70.0,20
200900037681,2009-10-26,4e-05,0.0,36,4,1,1.0,1,95,70.0,14
200900037852,2009-10-09,4e-05,0.0,22,3,2,1.0,1,84,160.0,16
200900038312,2009-02-28,4e-05,0.0,36,3,1,1.0,1,42,105.0,17
200900038376,2009-03-14,4e-05,0.0,39,3,1,1.0,1,42,60.0,10
200900038408,2009-03-31,4e-05,0.0,64,2,1,1.0,1,42,44.0,16
200900038433,2009-07-25,4e-05,0.0,71,3,1,1.0,1,26,64.0,9
200900038563,2009-11-04,4e-05,0.0,14,3,1,7.0,2,51,79.0,16
200900038569,2009-09-01,4e-05,0.0,47,3,1,1.0,1,30,65.0,17
200900038575,2009-09-02,4e-05,0.0,50,3,2,1.0,1,30,88.0,15
200900038633,2009-09-21,4e-05,0.0,11,4,1,1.0,1,30,48.0,7
200900038654,2009-09-26,4e-05,0.0,67,2,1,1.0,1,30,60.0,12
200900038681,2009-07-01,4e-05,0.0,72,2,2,1.0,1,46,67.0,10
200900038732,2009-09-28,4e-05,0.0,58,2,1,1.0,1,31,85.0,14
200900038748,2009-09-15,4e-05,0.0,59,4,2,1.0,1,31,90.0,8
200900038887,2009-07-09,4e-05,0.0,18,2,1,1.0,3,18,76.0,3
200900038926,2009-09-13,4e-05,0.0,10,4,2,1.0,1,18,55.0,16
200900039070,2009-07-26,4e-05,0.0,14,3,1,1.0,1,65,40.0,11
200900039165,2009-08-21,4e-05,0.0,72,3,2,1.0,1,74,58.0,18
200900039184,2009-08-29,4e-05,0.0,54,3,1,1.0,1,74,57.0,11
200900039191,2009-08-13,4e-05,0.0,67,3,1,1.0,1,74,105.0,17
200900039408,2009-09-22,4e-05,0.0,80,2,1,1.0,1,21,37.0,17
200900039416,2009-09-11,4e-05,0.0,12,3,2,1.0,1,21,58.0,17
200900039454,2009-10-09,4e-05,0.0,15,1,1,1.0,5,21,51.0,21
200900039454,2009-10-09,4e-05,0.0,16,3,2,1.0,5,21,51.0,21
200900039859,2009-07-16,4e-05,0.0,64,4,2,1.0,1,63,60.0,10
200900040061,2009-09-07,4e-05,0.0,65,2,1,1.0,1,12,116.0,9
200900040088,2009-10-13,4e-05,0.0,80,4,2,1.0,1,32,86.0,14
200900040292,2009-08-30,4e-05,0.0,21,3,1,8.0,3,55,63.0,21
200900040308,2009-09-07,4e-05,0.0,17,3,2,7.0,1,55,69.0,17
200900040572,2009-08-03,4e-05,0.0,13,2,1,8.0,1,54,76.0,13
200900041310,2009-04-10,4e-05,0.0,32,4,1,1.0,1,13,81.0,16
200900041833,2009-07-31,4e-05,0.0,42,3,2,1.0,1,69,60.0,10
200900042297,2009-10-01,4e-05,0.0,55,3,1,1.0,2,30,60.0,18
200900042343,2009-10-23,4e-05,0.0,20,4,1,1.0,1,30,55.0,16
200900042405,2009-05-17,4e-05,0.0,31,3,1,1.0,1,42,66.0,11
200900042431,2009-05-15,4e-05,0.0,78,4,2,1.0,1,94,75.0,17
200900042438,2009-05-04,4e-05,0.0,24,3,1,1.0,1,94,119.0,17
200900042448,2009-05-06,4e-05,0.0,77,4,2,1.0,1,94,35.0,10
200900042477,2009-05-14,4e-05,0.0,16,1,1,1.0,1,94,40.0,16
200900042484,2009-05-18,4e-05,0.0,29,3,1,2.0,5,94,55.0,21
200900042504,2009-05-25,4e-05,0.0,50,4,1,1.0,1,94,66.0,21
200900042531,2009-05-26,4e-05,0.0,37,4,2,1.0,1,94,70.0,16
200900042564,2009-05-04,4e-05,0.0,52,4,1,1.0,1,94,142.0,11
200900042565,2009-05-13,4e-05,0.0,37,4,1,1.0,1,94,51.0,17
200900042593,2009-05-27,4e-05,0.0,7,4,2,1.0,1,94,50.0,11
200900042601,2009-05-28,4e-05,0.0,25,4,1,8.0,1,94,71.0,17
200900042627,2009-05-24,4e-05,0.0,10,4,1,1.0,1,94,60.0,18
200900042662,2009-05-19,4e-05,0.0,13,3,1,1.0,1,42,36.0,18
200900042686,2009-05-31,4e-05,0.0,63,3,2,1.0,1,42,38.0,14
200900042821,2009-05-20,4e-05,0.0,25,4,1,1.0,1,78,100.0,11
200900042838,2009-05-08,4e-05,0.0,48,4,1,1.0,1,78,68.0,8
200900042897,2009-05-10,4e-05,0.0,58,3,1,1.0,1,78,70.0,10
200900042933,2009-06-06,4e-05,0.0,80,3,1,1.0,1,94,60.0,19
200900042937,2009-06-08,4e-05,0.0,56,4,2,2.0,1,94,60.0,13
200900042972,2009-06-23,4e-05,0.0,46,4,1,1.0,1,94,119.0,13
200900042992,2009-06-29,4e-05,0.0,13,4,1,1.0,1,94,73.0,16
200900043000,2009-06-22,4e-05,0.0,12,4,2,1.0,1,94,68.0,14
200900043008,2009-06-20,4e-05,0.0,9,4,1,1.0,1,94,30.0,20
200900043013,2009-06-01,4e-05,0.0,52,4,1,1.0,1,94,70.0,12
200900043062,2009-06-20,4e-05,0.0,34,4,1,1.0,5,94,80.0,0
200900043063,2009-06-20,4e-05,0.0,32,4,1,1.0,1,94,70.0,12
200900043087,2009-06-03,4e-05,0.0,53,4,1,1.0,1,94,25.0,16
200900043112,2009-06-17,4e-05,0.0,21,4,1,1.0,1,94,75.0,14
200900043144,2009-06-29,4e-05,0.0,22,3,1,1.0,1,94,66.0,15
200900043214,2009-07-15,4e-05,0.0,13,3,1,1.0,1,94,55.0,17
200900043214,2009-07-15,4e-05,0.0,14,3,1,1.0,1,94,55.0,17
200900043289,2009-07-30,4e-05,0.0,40,4,2,1.0,1,94,109.0,9
200900043351,2009-07-27,4e-05,0.0,78,4,1,1.0,1,94,25.0,9
200900044021,2009-05-26,4e-05,0.0,78,2,2,1.0,1,39,56.0,10
200900044023,2009-05-22,4e-05,0.0,70,3,2,1.0,1,39,64.0,18
200900044047,2009-09-08,4e-05,0.0,26,4,2,1.0,1,74,90.0,19
200900044286,2009-11-10,4e-05,0.0,70,2,1,1.0,1,30,130.0,15
200900044305,2009-11-27,4e-05,0.0,33,3,2,1.0,2,30,73.0,7
200900044525,2009-05-19,4e-05,0.0,32,4,1,1.0,1,13,64.0,11
200900044546,2009-05-24,4e-05,0.0,62,3,1,1.0,1,13,104.0,10
200900044573,2009-05-12,4e-05,0.0,14,3,1,1.0,1,13,60.0,8
200900044575,2009-05-16,4e-05,0.0,56,3,1,1.0,1,13,74.0,17
200900044861,2009-06-09,4e-05,0.0,37,4,1,1.0,1,42,87.0,16
200900045123,2009-10-05,4e-05,0.0,19,2,1,1.0,3,87,96.0,7
200900045158,2009-10-13,4e-05,0.0,24,4,1,1.0,1,87,150.0,16
200900045283,2009-10-09,4e-05,0.0,11,4,2,1.0,1,31,89.0,17
200900045422,2009-11-24,4e-05,0.0,60,4,1,1.0,1,87,60.0,16
200900045427,2009-06-18,4e-05,0.0,50,4,1,1.0,1,42,30.0,17
200900045428,2009-06-22,4e-05,0.0,38,4,1,1.0,1,42,71.0,11
200900045447,2009-07-26,4e-05,0.0,75,3,1,1.0,1,91,72.0,10
200900045537,2009-06-29,4e-05,0.0,60,4,1,1.0,1,42,70.0,16
200900045553,2009-06-21,4e-05,0.0,63,3,1,1.0,1,42,60.0,6
200900045702,2009-10-06,4e-05,0.0,15,3,1,8.0,1,67,68.0,7
200900045788,2009-11-16,4e-05,0.0,74,3,2,1.0,1,66,59.0,10
200900046020,2009-10-20,4e-05,0.0,39,4,1,2.0,2,28,80.0,17
200900046040,2009-10-03,4e-05,0.0,12,4,2,1.0,1,28,60.0,13
200900046342,2009-01-08,4e-05,0.0,22,3,1,1.0,1,93,60.0,9
200900046736,2009-10-30,4e-05,0.0,8,3,1,1.0,1,55,70.0,14
200900047233,2009-02-16,4e-05,0.0,67,3,1,1.0,1,93,180.0,17
200900047274,2009-02-11,4e-05,0.0,54,1,1,1.0,1,93,60.0,16
200900047569,2009-03-21,4e-05,0.0,17,3,1,1.0,1,93,50.0,8
200900047708,2009-03-19,4e-05,0.0,79,4,1,7.0,1,93,75.0,15
200900047953,2009-11-24,4e-05,0.0,68,2,1,1.0,1,07,33.0,15
200900048703,2009-11-11,4e-05,0.0,88,2,1,7.0,1,55,59.0,16
200900049375,2009-09-26,5e-05,0.0,54,3,1,1.0,1,59,60.0,10
200900049375,2009-09-26,5e-05,0.0,55,3,1,1.0,1,59,60.0,10
200900049443,2009-10-25,5e-05,0.0,31,3,1,1.0,1,59,59.0,11
200900049601,2009-11-06,5e-05,0.0,39,3,1,8.0,3,59,60.0,20
200900049883,2009-11-09,4e-05,0.0,68,3,1,8.0,1,31,34.0,15
200900050213,2009-12-23,4e-05,0.0,45,3,1,1.0,1,72,54.0,11
200900050238,2009-12-02,4e-05,0.0,12,4,1,8.0,2,31,48.0,8
200900050258,2009-04-16,4e-05,0.0,66,2,1,1.0,1,34,65.0,14
200900050271,2009-04-27,4e-05,0.0,66,3,1,1.0,1,34,69.0,18
200900050277,2009-04-22,4e-05,0.0,43,3,2,6.0,1,34,70.0,16
200900050500,2009-10-15,4e-05,0.0,75,2,1,7.0,1,14,55.0,15
200900050514,2009-10-29,4e-05,0.0,88,4,1,1.0,1,14,75.0,9
200900050535,2009-11-08,4e-05,0.0,70,3,1,1.0,1,14,36.0,11
200900050535,2009-11-08,4e-05,0.0,67,4,1,1.0,1,14,36.0,11
200900050791,2009-03-19,5e-05,0.0,64,3,1,1.0,1,62,50.0,8
200900050957,2009-05-19,5e-05,0.0,68,2,2,1.0,1,62,69.0,15
200900051230,2009-04-29,4e-05,0.0,10,3,2,1.0,1,93,70.0,18
200900051236,2009-04-24,4e-05,0.0,10,4,1,1.0,1,93,120.0,14
200900051337,2009-05-04,4e-05,0.0,21,4,2,1.0,5,78,80.0,21
200900051345,2009-05-19,4e-05,0.0,50,4,2,1.0,1,78,180.0,8
200900051368,2009-06-04,4e-05,0.0,12,4,1,1.0,1,78,61.0,8
200900051423,2009-06-17,4e-05,0.0,39,2,1,1.0,2,78,35.0,6
200900051436,2009-06-26,4e-05,0.0,73,3,2,2.0,1,78,59.0,9
200900051455,2009-06-17,4e-05,0.0,17,3,1,1.0,1,78,30.0,18
200900051459,2009-06-22,4e-05,0.0,37,4,1,1.0,1,78,100.0,18
200900051647,2009-05-27,4e-05,0.0,78,4,1,1.0,1,34,90.0,8
200900051655,2009-05-27,4e-05,0.0,24,4,1,1.0,1,34,60.0,17
200900051658,2009-05-06,4e-05,0.0,15,4,2,1.0,1,34,60.0,19
200900051668,2009-05-15,4e-05,0.0,57,3,2,8.0,1,34,110.0,7
200900051716,2009-07-06,4e-05,0.0,28,3,2,1.0,1,39,80.0,18
200900051820,2009-05-19,4e-05,0.0,76,3,1,1.0,1,93,60.0,11
200900051821,2009-05-25,4e-05,0.0,41,1,1,1.0,1,93,50.0,17
200900051863,2009-05-15,4e-05,0.0,16,4,1,1.0,5,93,50.0,22
200900051910,2009-05-01,4e-05,0.0,66,4,1,1.0,1,93,200.0,15
200900051934,2009-11-16,4e-05,0.0,80,3,1,1.0,1,19,42.0,9
200900052062,2009-11-05,4e-05,0.0,62,3,1,1.0,1,26,70.0,9
200900052241,2009-06-17,4e-05,0.0,17,4,1,1.0,1,34,60.0,15
200900052283,2009-06-23,4e-05,0.0,31,4,1,1.0,1,34,60.0,11
200900052286,2009-06-16,4e-05,0.0,15,2,1,8.0,1,34,108.0,18
200900052340,2009-06-20,4e-05,0.0,22,1,1,1.0,1,13,63.0,15
200900052506,2009-06-19,4e-05,0.0,32,4,1,1.0,1,13,60.0,12
200900052661,2009-12-07,4e-05,0.0,75,4,1,2.0,1,52,105.0,16
200900052774,2009-07-22,4e-05,0.0,41,3,1,1.0,3,13,63.0,22
200900052879,2009-07-21,4e-05,0.0,9,2,1,1.0,1,13,90.0,9
200900053163,2009-07-07,4e-05,0.0,22,4,1,1.0,1,34,110.0,10
200900053179,2009-07-09,4e-05,0.0,30,4,1,1.0,1,34,60.0,20
200900053207,2009-07-29,4e-05,0.0,74,4,1,1.0,1,34,75.0,8
200900053212,2009-07-29,4e-05,0.0,72,3,1,7.0,1,34,75.0,8
200900053241,2009-07-31,4e-05,0.0,18,3,1,1.0,3,34,43.0,2
200900053241,2009-07-31,4e-05,0.0,18,3,1,1.0,3,34,43.0,2
200900053246,2009-07-22,4e-05,0.0,45,3,1,1.0,1,34,70.0,18
200900053360,2009-06-14,4e-05,0.0,31,4,1,1.0,1,93,25.0,11
200900053360,2009-06-14,4e-05,0.0,59,4,1,1.0,1,93,25.0,11
200900053379,2009-06-08,4e-05,0.0,48,3,1,1.0,1,93,30.0,7
200900053463,2009-06-22,4e-05,0.0,77,4,1,1.0,1,93,60.0,8
200900053503,2009-06-20,4e-05,0.0,57,4,1,1.0,1,93,35.0,20
200900054024,2009-12-09,4e-05,0.0,15,4,1,1.0,1,48,46.0,12
200900054234,2009-08-03,4e-05,0.0,48,3,1,2.0,1,34,120.0,10
200900054826,2009-10-29,4e-05,0.0,16,3,2,1.0,1,47,32.0,15
200900054890,2009-12-07,4e-05,0.0,77,3,1,2.0,1,47,78.0,11
200900054896,2009-12-21,4e-05,0.0,25,4,1,1.0,5,47,85.0,18
200900054922,2009-11-05,4e-05,0.0,76,3,1,8.0,5,88,54.0,18
200900054931,2009-11-17,4e-05,0.0,66,4,1,3.0,5,88,47.0,18
200900054959,2009-09-28,4e-05,0.0,44,4,1,1.0,5,34,170.0,6
200900054960,2009-09-15,4e-05,0.0,14,4,1,1.0,1,34,30.0,11
200900054973,2009-09-25,4e-05,0.0,55,4,1,1.0,1,34,39.0,8
200900054977,2009-09-12,4e-05,0.0,17,4,1,1.0,1,34,50.0,10
200900054982,2009-09-02,4e-05,0.0,63,4,2,1.0,1,34,60.0,13
200900054982,2009-09-02,4e-05,0.0,39,1,1,1.0,1,34,60.0,13
200900054986,2009-09-15,4e-05,0.0,16,3,1,1.0,1,34,30.0,16
200900055027,2009-09-02,4e-05,0.0,37,4,2,1.0,1,34,60.0,13
200900055029,2009-09-03,4e-05,0.0,28,4,1,1.0,5,34,60.0,20
200900055041,2009-09-10,4e-05,0.0,16,4,1,1.0,1,34,30.0,14
200900055211,2009-10-07,4e-05,0.0,47,3,1,1.0,1,25,72.0,14
200900055356,2009-09-26,4e-05,0.0,57,2,2,1.0,1,45,79.0,9
200900055365,2009-09-08,4e-05,0.0,19,4,1,1.0,1,45,50.0,18
200900055373,2009-09-18,4e-05,0.0,18,3,1,1.0,1,45,104.0,16
200900055426,2009-11-05,4e-05,0.0,11,4,1,2.0,5,95,80.0,17
200900055598,2009-10-25,4e-05,0.0,60,3,1,7.0,1,45,70.0,16
200900055609,2009-10-06,4e-05,0.0,40,4,1,1.0,5,45,70.0,20
200900055619,2009-10-19,4e-05,0.0,45,3,1,1.0,1,45,70.0,8
200900055623,2009-10-21,4e-05,0.0,19,4,2,2.0,1,45,90.0,8
200900056222,2009-12-01,4e-05,0.0,13,3,1,1.0,1,10,40.0,12
200900056821,2009-08-12,4e-05,0.0,70,3,1,1.0,1,77,55.0,7
200900056959,2009-08-29,4e-05,0.0,71,3,1,1.0,1,13,89.0,9
200900057652,2009-10-06,4e-05,0.0,30,3,2,1.0,5,13,70.0,20
200900058001,2009-11-09,4e-05,0.0,36,3,2,1.0,1,13,75.0,9
200900058593,2009-10-26,4e-05,0.0,61,3,1,1.0,1,34,120.0,9
200900058707,2009-11-13,4e-05,0.0,47,4,2,8.0,5,34,60.0,17
200900058721,2009-11-12,4e-05,0.0,12,4,2,1.0,1,34,75.0,7
200900058728,2009-11-07,4e-05,0.0,4,4,1,1.0,1,34,75.0,14
200900058742,2009-11-20,4e-05,0.0,9,3,1,1.0,1,34,30.0,13
200900058766,2009-12-25,4e-05,0.0,52,3,1,7.0,1,34,75.0,10
200900058825,2009-12-26,4e-05,0.0,16,3,1,1.0,5,34,60.0,0
200900059412,2009-11-25,4e-05,0.0,87,3,1,2.0,1,36,115.0,12
200900059666,2009-10-30,4e-05,0.0,30,4,2,1.0,1,51,100.0,10
200900060421,2009-09-05,4e-05,0.0,38,1,2,1.0,1,68,43.0,15
200900060421,2009-09-05,4e-05,0.0,82,3,1,1.0,1,68,43.0,15
200900060461,2009-10-29,4e-05,0.0,75,2,2,7.0,1,68,60.0,8
200900060511,2009-12-02,4e-05,0.0,54,4,1,1.0,2,28,70.0,7
200900060559,2009-12-09,4e-05,0.0,16,3,1,1.0,2,30,45.0,17
200900060668,2009-11-27,4e-05,0.0,44,3,1,1.0,5,68,61.0,18
200900060798,2009-08-04,5e-05,0.0,65,3,1,1.0,1,62,80.0,7
200900061330,2009-05-29,4e-05,0.0,20,3,1,1.0,1,14,41.0,18
200900061910,2009-06-30,4e-05,0.0,19,3,1,1.0,1,76,63.0,17
200900062193,2009-07-16,4e-05,0.0,55,4,1,1.0,1,42,30.0,17
200900062675,2009-07-29,4e-05,0.0,7,3,2,1.0,1,78,20.0,21
200900062682,2009-07-14,4e-05,0.0,50,3,2,1.0,1,78,70.0,16
200900062764,2009-08-30,4e-05,0.0,14,4,1,1.0,1,78,64.0,19
200900062768,2009-08-23,4e-05,0.0,32,4,1,1.0,1,78,70.0,10
200900062778,2009-08-06,4e-05,0.0,34,3,1,1.0,1,78,50.0,17
200900062785,2009-08-21,4e-05,0.0,15,3,1,1.0,2,78,93.0,20
200900062790,2009-08-27,4e-05,0.0,5,3,1,1.0,1,78,53.0,16
200900062800,2009-08-31,4e-05,0.0,73,3,2,1.0,1,78,106.0,18
200900062824,2009-09-02,4e-05,0.0,54,4,2,1.0,1,78,120.0,16
200900062881,2009-09-08,4e-05,0.0,43,4,1,1.0,1,78,60.0,8
200900062907,2009-10-23,4e-05,0.0,7,2,1,1.0,1,78,52.0,16
200900062910,2009-10-11,4e-05,0.0,36,3,1,1.0,1,78,49.0,14
200900062955,2009-10-27,4e-05,0.0,36,4,1,1.0,2,78,70.0,6
200900062957,2009-10-29,4e-05,0.0,57,4,1,1.0,3,78,35.0,19
200900062968,2009-10-13,4e-05,0.0,28,4,2,1.0,1,78,108.0,18
200900063177,2009-06-14,4e-05,0.0,50,3,1,1.0,1,78,52.0,9
200900063762,2009-12-14,5e-05,0.0,67,3,1,7.0,1,62,90.0,10
200900063790,2009-10-15,5e-05,0.0,62,3,1,1.0,1,62,93.0,17
200900064057,2009-07-15,4e-05,0.0,9,3,1,1.0,1,42,39.0,13
200900064088,2009-08-08,4e-05,0.0,78,4,1,8.0,1,42,105.0,9
200900064089,2009-08-03,4e-05,0.0,62,4,1,1.0,1,42,120.0,12
200900064132,2009-08-30,4e-05,0.0,60,3,1,1.0,1,42,78.0,18
200900064152,2009-11-07,4e-05,0.0,43,3,1,1.0,1,26,70.0,12
200900064536,2009-01-15,4e-05,0.0,21,4,1,1.0,1,30,85.0,15
200900064622,2009-10-14,4e-05,0.0,61,3,1,1.0,1,57,50.0,12
200900064623,2009-10-10,4e-05,0.0,80,4,2,1.0,1,57,76.0,17
200900064623,2009-10-10,4e-05,0.0,83,3,2,1.0,1,57,76.0,17
200900065156,2009-08-31,4e-05,0.0,65,4,1,1.0,1,91,124.0,17
200900065658,2009-08-30,4e-05,0.0,48,3,1,1.0,1,14,70.0,19
200900065823,2009-08-25,4e-05,0.0,8,4,1,1.0,1,94,30.0,20
200900065838,2009-08-27,4e-05,0.0,53,4,1,1.0,1,94,60.0,7
200900065862,2009-08-23,4e-05,0.0,13,3,1,1.0,1,94,43.0,19
200900065880,2009-08-30,4e-05,0.0,30,4,1,1.0,2,94,75.0,20
200900065890,2009-08-17,4e-05,0.0,16,3,1,1.0,5,94,58.0,0
200900065976,2009-09-24,4e-05,0.0,18,4,1,1.0,1,94,60.0,15
200900065997,2009-09-08,4e-05,0.0,51,3,1,1.0,5,94,148.0,6
200900066012,2009-09-11,4e-05,0.0,12,4,1,1.0,1,94,54.0,18
200900066031,2009-09-22,4e-05,0.0,57,4,1,1.0,2,94,25.0,18
200900066048,2009-09-03,4e-05,0.0,57,3,1,1.0,1,94,50.0,10
200900066061,2009-09-16,4e-05,0.0,35,3,1,1.0,2,94,69.0,7
200900066084,2009-09-02,4e-05,0.0,11,4,1,1.0,1,94,58.0,15
200900066156,2009-10-27,4e-05,0.0,38,3,1,7.0,1,94,50.0,9
200900066277,2009-10-01,4e-05,0.0,34,3,1,1.0,1,94,60.0,18
200900066287,2009-10-13,4e-05,0.0,35,4,2,1.0,2,94,59.0,7
200900066336,2009-10-15,4e-05,0.0,54,4,1,1.0,1,94,125.0,10
200900066449,2009-10-10,4e-05,0.0,13,4,1,1.0,1,78,30.0,18
200900066452,2009-06-02,4e-05,0.0,36,3,1,1.0,1,78,69.0,19
200900066480,2009-09-28,4e-05,0.0,13,3,1,1.0,1,78,80.0,16
200900066482,2009-10-01,4e-05,0.0,18,4,2,1.0,1,78,260.0,10
200900066488,2009-10-07,4e-05,0.0,15,3,2,1.0,1,78,71.0,8
200900066550,2009-09-09,4e-05,0.0,54,3,1,1.0,1,38,70.0,10
200900066679,2009-11-24,4e-05,0.0,44,2,1,8.0,1,38,50.0,14
200900066801,2009-08-29,4e-05,0.0,77,3,1,1.0,1,38,70.0,10
200900066823,2009-08-21,4e-05,0.0,16,2,1,1.0,1,38,60.0,12
200900066951,2009-09-07,4e-05,0.0,68,3,2,7.0,1,42,67.0,18
200900066952,2009-09-08,4e-05,0.0,39,3,1,1.0,1,42,63.0,12
200900066961,2009-09-14,4e-05,0.0,50,4,2,1.0,1,42,65.0,9
200900066970,2009-09-17,4e-05,0.0,61,3,1,1.0,1,42,64.0,15
200900066977,2009-09-17,4e-05,0.0,52,3,1,1.0,1,42,60.0,16
200900067026,2009-09-05,4e-05,0.0,79,3,1,1.0,1,42,58.0,17
200900067438,2009-10-08,4e-05,0.0,69,4,1,1.0,1,42,120.0,17
200900067506,2009-10-13,4e-05,0.0,30,4,1,1.0,1,42,61.0,12
200900067509,2009-10-06,4e-05,0.0,84,4,1,1.0,1,42,80.0,8
200900067525,2009-10-22,4e-05,0.0,14,3,1,3.0,5,42,70.0,19
200900067841,2009-11-18,4e-05,0.0,59,4,1,1.0,1,42,68.0,9
200900067876,2009-11-17,4e-05,0.0,78,3,1,1.0,1,42,90.0,13
200900068267,2009-09-04,4e-05,0.0,52,3,1,1.0,5,27,60.0,21
200900068354,2009-10-04,4e-05,0.0,42,3,1,1.0,1,89,65.0,12
200900068371,2009-10-28,4e-05,0.0,72,3,2,1.0,1,89,100.0,14
200900068530,2009-04-04,4e-05,0.0,58,1,2,1.0,1,93,6.0,11
200900068538,2009-05-30,4e-05,0.0,9,4,2,1.0,1,93,40.0,20
200900068555,2009-06-21,4e-05,0.0,26,3,2,1.0,1,93,60.0,15
200900068560,2009-10-29,4e-05,0.0,86,3,2,1.0,1,14,80.0,13
200900068671,2009-10-19,4e-05,0.0,41,4,2,8.0,1,93,50.0,9
200900068721,2009-10-12,4e-05,0.0,59,3,2,1.0,1,93,80.0,8
200900068824,2009-10-01,4e-05,0.0,48,1,1,1.0,1,93,60.0,11
200900068900,2009-07-02,4e-05,0.0,56,4,1,1.0,1,93,120.0,17
200900068955,2009-07-09,4e-05,0.0,31,4,1,1.0,1,93,35.0,14
200900068960,2009-07-16,4e-05,0.0,18,4,1,1.0,2,93,60.0,21
200900068984,2009-07-28,4e-05,0.0,42,3,1,1.0,1,93,120.0,8
200900068991,2009-07-04,4e-05,0.0,64,3,1,1.0,1,93,30.0,19
200900069043,2009-07-16,4e-05,0.0,28,3,1,1.0,1,93,90.0,19
200900069071,2009-08-13,4e-05,0.0,31,3,1,1.0,1,93,120.0,8
200900069136,2009-08-18,4e-05,0.0,9,4,1,1.0,1,93,60.0,15
200900069160,2009-08-29,4e-05,0.0,14,3,1,1.0,2,93,60.0,16
200900069174,2009-08-29,4e-05,0.0,17,4,1,1.0,1,93,80.0,13
200900069180,2009-08-26,4e-05,0.0,40,4,2,1.0,1,93,40.0,18
200900069218,2009-09-10,4e-05,0.0,30,3,1,1.0,1,93,30.0,8
200900069219,2009-09-07,4e-05,0.0,56,4,1,1.0,1,93,50.0,6
200900069223,2009-09-26,4e-05,0.0,11,3,1,1.0,1,93,40.0,16
200900069242,2009-09-18,4e-05,0.0,13,4,1,1.0,1,93,100.0,14
200900069300,2009-09-26,4e-05,0.0,16,3,2,1.0,1,93,50.0,16
200900069392,2009-09-10,4e-05,0.0,50,3,1,1.0,1,93,180.0,8
200900069417,2009-09-24,4e-05,0.0,37,3,2,1.0,1,93,60.0,18
200900069553,2009-11-09,4e-05,0.0,73,4,1,1.0,5,93,60.0,23
200900069604,2009-12-04,4e-05,0.0,11,3,1,1.0,1,93,50.0,12
200900069730,2009-10-05,4e-05,0.0,13,3,1,1.0,1,61,71.0,16
200900069863,2009-12-31,4e-05,0.0,84,3,1,1.0,1,42,40.0,16
200900069868,2009-02-10,4e-05,0.0,78,3,1,1.0,1,42,80.0,16
200900069936,2009-03-20,4e-05,0.0,51,3,1,1.0,1,93,20.0,17
200900070315,2009-09-22,4e-05,0.0,18,3,1,1.0,5,91,61.0,21
200900070778,2009-11-01,4e-05,0.0,14,4,1,2.0,1,93,20.0,11
200900070931,2009-11-04,4e-05,0.0,11,4,1,2.0,5,94,81.0,17
200900071002,2009-11-02,4e-05,0.0,59,4,1,1.0,1,94,60.0,11
200900071073,2009-11-29,4e-05,0.0,36,4,1,1.0,1,94,150.0,10
200900071092,2009-11-09,4e-05,0.0,12,4,1,1.0,2,94,60.0,17
200900071126,2009-11-23,4e-05,0.0,13,4,1,8.0,1,94,60.0,10
200900071256,2009-12-08,4e-05,0.0,32,4,2,1.0,1,94,113.0,9
200900071320,2009-12-11,4e-05,0.0,13,4,1,1.0,1,94,60.0,8
200900071416,2009-12-11,4e-05,0.0,35,1,1,1.0,1,94,120.0,11
200900071421,2009-12-15,4e-05,0.0,15,4,1,1.0,1,94,30.0,12
200900071442,2009-06-03,4e-05,0.0,36,3,1,1.0,1,78,84.0,13
200900071637,2009-06-13,4e-05,0.0,15,4,1,1.0,5,94,48.0,0
200900071897,2009-07-27,4e-05,0.0,14,3,1,1.0,1,88,36.0,15
200900071906,2009-09-25,4e-05,0.0,61,2,1,1.0,1,88,67.0,17
200900072018,2009-01-28,4e-05,0.0,41,3,1,1.0,3,67,70.0,4
200900072081,2009-06-28,4e-05,0.0,68,3,1,1.0,1,67,66.0,15
200900072098,2009-07-20,4e-05,0.0,63,2,1,1.0,1,67,60.0,15
200900072119,2009-09-07,4e-05,0.0,35,3,1,1.0,1,67,90.0,19
200900072243,2009-04-05,4e-05,0.0,29,3,1,1.0,1,01,100.0,17
200900072274,2009-07-26,4e-05,0.0,44,4,1,1.0,1,01,80.0,12
200900072280,2009-08-25,4e-05,0.0,85,3,1,1.0,1,01,65.0,8
201000000004,2010-09-22,50.518,2.925,14,3,2,1.0,1,59,68.0,16
201000000025,2010-09-08,50.469,3.029,49,2,1,3.0,3,59,75.0,5
201000000052,2010-06-02,50.705,2.765,13,4,2,1.0,1,59,56.0,15
201000000070,2010-08-20,50.813,2.488,79,3,1,1.0,1,59,69.0,9
201000000181,2010-03-04,50.457,3.239,60,3,1,1.0,2,59,30.0,6
201000000189,2010-02-06,50.279,3.801,8,3,2,1.0,1,59,59.0,15
201000000223,2010-02-28,50.326,2.701,67,2,1,2.0,1,62,60.0,10
201000000278,2010-07-23,50.676,1.659,25,4,1,1.0,1,62,52.0,16
201000000292,2010-10-24,50.587,1.984,11,3,1,1.0,1,62,60.0,15
201000000351,2010-05-23,50.652,2.137,8,1,1,1.0,1,62,62.0,14
201000000351,2010-05-23,50.652,2.137,14,1,1,1.0,1,62,62.0,14
201000000351,2010-05-23,50.652,2.137,11,1,2,1.0,1,62,62.0,14
201000000351,2010-05-23,50.652,2.137,10,3,1,1.0,1,62,62.0,14
201000000351,2010-05-23,50.652,2.137,14,3,1,1.0,1,62,62.0,14
201000000351,2010-05-23,50.652,2.137,8,3,1,1.0,1,62,62.0,14
201000000845,2010-09-16,49.462,2.0,44,2,1,1.0,1,60,65.0,18
201000000859,2010-09-01,49.347,1.775,23,4,1,1.0,1,60,65.0,14
201000001165,2010-09-01,49.501,1.139,14,3,1,1.0,1,76,67.0,13
201000001247,2010-04-10,49.757,1.404,21,3,1,1.0,1,76,61.0,17
201000001385,2010-06-01,48.8996,1.45223,12,4,1,2.0,1,27,60.0,19
201000001582,2010-01-19,48.281,-1.711,38,2,1,1.0,1,35,61.0,10
201000001590,2010-07-23,48.23,-1.785,13,3,1,1.0,1,35,54.0,14
201000001820,2010-11-16,48.62499,-2.86119,76,2,1,1.0,1,22,57.0,8
201000001826,2010-10-08,48.436,-2.606,12,3,1,1.0,5,22,48.0,18
201000001850,2010-06-07,48.15733,-2.69757,63,3,2,1.0,1,22,30.0,15
201000001876,2010-09-20,48.46982,-2.88391,71,3,1,1.0,1,22,84.0,14
201000001888,2010-05-09,48.45651,-1.97552,60,3,1,1.0,1,22,58.0,19
201000001926,2010-12-21,48.53823,-2.14443,65,3,1,9.0,1,22,60.0,12
201000001926,2010-12-21,48.53823,-2.14443,63,4,1,9.0,1,22,60.0,12
201000001929,2010-05-02,48.31548,-2.50367,75,3,1,1.0,1,22,65.0,14
201000001995,2010-07-11,47.91491,-4.3605,52,1,1,1.0,1,29,60.0,9
201000001998,2010-09-08,47.98556,-4.42581,69,3,1,1.0,1,29,56.0,10
201000002008,2010-07-11,47.89821,-4.01453,60,3,1,1.0,1,29,30.0,8
201000002059,2010-07-12,48.56449,-4.3437,63,3,1,8.0,1,29,60.0,10
201000002059,2010-07-12,48.56449,-4.3437,66,3,1,8.0,1,29,60.0,10
201000002077,2010-07-05,48.43688,-4.669,67,3,1,1.0,1,29,60.0,10
201000002087,2010-10-06,48.27736,-4.04796,9,3,1,1.0,1,29,56.0,15
201000002108,2010-06-30,48.18644,-3.82473,71,3,1,1.0,1,29,60.0,10
201000002137,2010-09-12,48.49383,-3.90264,14,3,1,1.0,1,29,50.0,16
201000002239,2010-07-16,47.49095,-3.12141,49,3,1,1.0,1,56,66.0,17
201000002239,2010-07-16,47.49095,-3.12141,50,1,1,1.0,1,56,66.0,17
201000002241,2010-08-15,47.56931,-3.07922,64,3,2,1.0,1,56,70.0,9
201000002242,2010-08-25,47.58622,-3.02696,21,3,1,8.0,5,56,100.0,5
201000002250,2010-04-08,47.78782,-3.42224,50,3,1,1.0,1,56,70.0,17
201000002272,2010-04-20,47.64344,-3.1593,16,4,1,1.0,1,56,60.0,14
201000002279,2010-07-10,47.71994,-3.31787,14,3,1,1.0,1,56,60.0,18
201000002347,2010-04-20,48.05563,-2.94643,39,3,1,1.0,1,56,80.0,18
201000002371,2010-08-14,47.95767,-2.97242,76,3,1,1.0,1,56,75.0,12
201000002376,2010-09-12,47.90774,-2.97954,19,4,1,1.0,1,56,45.0,10
201000002443,2010-09-20,49.293,-0.719,82,2,1,1.0,1,14,66.0,16
201000002622,2010-09-11,48.6985,-1.36175,67,3,1,1.0,1,50,74.0,14
201000002641,2010-10-23,48.8217,-1.38629,14,3,1,8.0,3,50,62.0,19
201000002697,2010-03-31,49.5499,-1.55904,15,3,1,1.0,1,50,68.0,14
201000002729,2010-10-20,49.0548,-1.50359,15,2,1,1.0,1,50,58.0,9
201000002737,2010-04-27,48.8852,-1.51759,11,3,2,1.0,1,50,40.0,12
201000002757,2010-08-28,49.3381,-1.42989,39,3,1,1.0,1,50,60.0,12
201000002766,2010-05-14,48.672,-0.99426,54,3,1,1.0,1,50,60.0,17
201000002779,2010-09-18,48.5552,-1.11874,15,3,1,1.0,1,50,62.0,15
201000002919,2010-10-07,48.5062,0.37003,13,3,1,1.0,1,61,75.0,17
201000002934,2010-06-18,48.739,0.3871,8,4,1,1.0,1,61,43.0,17
201000002966,2010-06-15,48.841,-0.49404,11,3,1,1.0,1,61,53.0,19
201000002973,2010-01-21,48.5207,0.54469,60,4,1,1.0,1,61,50.0,16
201000002985,2010-07-05,48.3128,0.7386,8,3,2,1.0,1,61,50.0,19
201000002987,2010-12-03,48.302,0.71236,43,3,1,4.0,3,61,50.0,4
201000002997,2010-10-08,48.784,0.66153,35,3,1,1.0,1,61,61.0,18
201000003005,2010-02-27,48.4237,0.80185,38,4,1,2.0,1,61,50.0,17
201000003021,2010-10-31,47.292,-1.463,48,3,1,1.0,1,44,60.0,15
201000003021,2010-10-31,47.292,-1.463,46,1,2,1.0,1,44,60.0,15
201000003110,2010-03-28,47.462,-1.692,20,3,1,8.0,1,44,55.0,10
201000003130,2010-09-11,47.433,-1.681,87,2,2,1.0,1,44,45.0,17
201000003137,2010-04-11,47.681,-1.565,60,3,1,1.0,1,44,65.0,9
201000003187,2010-02-19,47.189,-1.858,21,2,1,1.0,1,44,75.0,11
201000003209,2010-01-17,47.324,-2.414,70,3,1,8.0,1,44,63.0,17
201000003298,2010-09-01,47.4284,-0.61454,34,3,1,1.0,1,49,106.0,18
201000003310,2010-08-17,47.4354,-0.21485,70,3,2,1.0,1,49,121.0,15
201000003340,2010-05-17,47.4973,-0.52559,16,3,1,1.0,1,49,57.0,15
201000003360,2010-06-02,47.3254,-0.74086,24,3,1,1.0,1,49,62.0,19
201000003360,2010-06-02,47.3254,-0.74086,11,1,2,1.0,1,49,62.0,19
201000003363,2010-07-16,47.3557,-0.6619,11,2,2,1.0,1,49,65.0,13
201000003375,2010-01-27,47.5681,-0.36284,12,3,1,1.0,1,49,70.0,15
201000003375,2010-01-27,47.5681,-0.36284,12,4,1,1.0,1,49,70.0,15
201000003378,2010-04-09,47.5391,-0.32826,51,3,1,1.0,1,49,58.0,17
201000003380,2010-05-22,47.5544,-0.21698,15,2,1,1.0,1,49,70.0,12
201000003389,2010-04-15,47.1747,-1.04509,55,3,1,1.0,1,49,72.0,18
201000003390,2010-04-20,47.2119,-0.71992,50,3,2,1.0,1,49,91.0,13
201000003395,2010-07-28,47.1958,-0.71381,53,3,2,1.0,3,49,60.0,5
201000003473,2010-05-09,47.3655,-0.24096,40,3,1,1.0,1,49,37.0,16
201000003478,2010-07-16,47.2476,-0.00559,66,2,2,1.0,1,49,64.0,12
201000003501,2010-07-27,47.168,-0.21334,63,2,1,1.0,1,49,75.0,18
201000003547,2010-11-25,47.5666,-0.50243,18,3,1,1.0,2,49,58.0,17
201000003688,2010-07-31,48.155,0.153,43,3,1,1.0,1,72,67.0,18
201000003719,2010-11-13,47.709,-0.09,78,3,1,2.0,1,72,77.0,11
201000003741,2010-11-15,47.978,-0.23,34,3,1,1.0,3,72,65.0,20
201000003813,2010-03-28,48.3,0.016,55,2,1,1.0,1,72,60.0,11
201000004076,2010-07-04,44.951,-0.589,25,2,2,1.0,1,33,30.0,21
201000004076,2010-07-04,44.951,-0.589,25,2,1,1.0,1,33,30.0,21
201000004146,2010-08-23,45.059,-0.598,46,3,1,1.0,1,33,70.0,12
201000004171,2010-04-24,44.572,-0.228,16,3,1,1.0,1,33,60.0,10
201000004188,2010-05-26,44.625,0.502,55,3,1,1.0,1,33,35.0,19
201000004223,2010-11-24,44.721,-0.527,48,3,1,1.0,3,33,42.0,18
201000004236,2010-09-28,44.618,-0.408,66,3,1,1.0,1,33,46.0,14
201000004270,2010-07-16,44.494,-0.226,50,3,1,1.0,1,33,110.0,17
201000004314,2010-11-06,45.318,-0.925,5,3,1,1.0,1,33,60.0,14
201000004456,2010-08-07,45.137,1.097,66,2,2,1.0,1,24,50.0,18
201000004821,2010-08-11,44.2548,0.56178,69,3,1,1.0,1,47,51.0,18
201000004821,2010-08-11,44.2548,0.56178,34,1,1,1.0,1,47,51.0,18
201000004884,2010-07-06,44.312,0.079,84,2,1,1.0,1,47,79.0,9
201000004933,2010-07-18,44.487,0.969,66,4,1,1.0,1,47,80.0,12
201000004933,2010-07-18,44.487,0.969,60,4,1,1.0,1,47,80.0,12
201000004959,2010-01-24,43.3509,-0.26365,77,3,2,2.0,1,64,70.0,11
201000004974,2010-04-07,43.1775,-0.26209,17,3,1,1.0,1,64,65.0,11
201000004999,2010-01-20,43.3105,-1.5724,49,4,1,1.0,1,64,50.0,15
201000005004,2010-05-13,43.3724,-1.51792,48,3,1,2.0,1,64,75.0,11
201000005006,2010-07-30,43.3201,-1.53948,45,4,2,1.0,1,64,63.0,10
201000005010,2010-09-27,43.3329,-1.60687,56,3,1,1.0,1,64,63.0,11
201000005017,2010-03-24,43.3953,-1.45308,37,1,1,1.0,1,64,47.0,10
201000005017,2010-03-24,43.3953,-1.45308,87,3,1,1.0,1,64,47.0,10
201000005038,2010-12-06,43.2278,-0.88206,66,3,1,1.0,5,64,50.0,17
201000005137,2010-04-16,46.932,0.61,63,3,1,1.0,1,86,68.0,14
201000005138,2010-05-06,46.885,0.612,14,3,1,1.0,1,86,30.0,7
201000005149,2010-08-19,46.87,0.37,49,4,1,1.0,1,86,48.0,9
201000005151,2010-10-03,46.817,0.433,58,3,1,1.0,1,86,41.0,8
201000005236,2010-05-08,45.6036,-0.1366,10,3,1,1.0,1,16,34.0,18
201000005237,2010-08-06,50.794,2.865,31,3,1,1.0,1,16,59.0,7
201000005240,2010-08-29,50.75,2.8,60,3,1,1.0,1,16,41.0,11
201000005259,2010-08-16,46.046,0.627,15,3,1,1.0,2,16,50.0,19
201000005278,2010-04-28,45.981,0.158,12,3,1,1.0,1,16,49.0,14
201000005319,2010-06-05,46.14,-0.943,46,4,1,1.0,1,17,50.0,11
201000005390,2010-04-20,45.174,-0.051,14,3,1,1.0,1,17,700.0,18
201000005392,2010-08-21,45.225,-0.192,14,3,1,1.0,1,17,57.0,18
201000005422,2010-06-30,45.966,-1.321,69,2,1,1.0,1,17,54.0,12
201000005817,2010-06-04,45.45515,1.58363,69,3,1,1.0,1,19,52.0,9
201000005827,2010-07-09,45.1686,1.56029,61,3,1,1.0,1,19,60.0,9
201000005851,2010-04-13,45.24872,1.32601,12,3,1,1.0,1,19,61.0,13
201000005917,2010-12-14,46.01,1.862,44,2,1,5.0,3,23,60.0,7
201000005919,2010-12-30,46.112,1.611,21,3,1,5.0,3,23,67.0,22
201000006011,2010-06-09,43.5,1.4,43,3,1,1.0,1,31,60.0,17
201000006071,2010-10-05,43.336,1.373,62,3,1,1.0,1,31,60.0,16
201000006071,2010-10-05,43.336,1.373,54,3,1,1.0,1,31,60.0,16
201000006248,2010-07-21,44.316,2.585,52,3,1,1.0,1,12,60.0,18
201000006318,2010-01-31,43.849,2.899,67,3,1,1.0,1,12,38.0,14
201000006324,2010-07-16,44.366,2.04199,41,3,1,1.0,1,12,82.0,11
201000006338,2010-06-13,43.7554,0.62,84,3,1,1.0,1,32,110.0,8
201000006341,2010-07-26,43.5813,0.54034,75,2,1,1.0,1,32,70.0,10
201000006433,2010-07-07,43.9233,0.62367,56,3,1,1.0,1,32,68.0,11
201000006501,2010-04-29,44.6089,2.02039,82,3,1,1.0,1,46,50.0,9
201000006519,2010-07-18,44.9271,1.86475,13,3,1,1.0,1,46,60.0,14
201000006575,2010-03-22,43.309,0.07,77,3,1,1.0,1,65,66.0,16
201000006587,2010-04-02,43.114,0.037,70,2,1,1.0,1,65,51.0,16
201000006590,2010-08-11,42.801,0.017,51,3,1,1.0,1,65,65.0,17
201000006603,2010-08-25,43.125,0.402,58,3,1,1.0,1,65,84.0,17
201000006619,2010-07-27,43.9166,2.2795,47,4,1,1.0,1,81,92.0,17
201000006621,2010-08-09,43.7701,2.17244,60,3,2,1.0,1,81,69.0,9
201000006636,2010-09-13,44.0771,2.18999,78,3,1,7.0,1,81,67.0,17
201000006653,2010-01-23,43.6572,1.75624,11,3,1,1.0,1,81,45.0,16
201000006852,2010-10-02,44.103,0.898,74,2,1,1.0,1,82,64.0,10
201000006954,2010-06-29,45.677,4.89999,54,3,1,1.0,1,69,90.0,11
201000007051,2010-11-13,45.569,4.701,55,3,1,1.0,1,69,65.0,14
201000007067,2010-06-06,45.92,4.689,44,3,2,1.0,1,69,60.0,12
201000007089,2010-09-19,46.17,4.701,63,3,1,1.0,1,69,60.0,18
201000007173,2010-04-21,46.207,5.396,18,3,1,1.0,1,01,35.0,17
201000007283,2010-05-07,46.255,6.075,46,3,1,1.0,1,01,60.0,17
201000007284,2010-05-08,46.26,6.111,48,3,1,2.0,1,01,60.0,17
201000007389,2010-03-02,44.826,4.665,62,3,1,1.0,1,07,60.0,15
201000007501,2010-04-02,44.876,5.023,12,4,1,1.0,1,26,80.0,16
201000007502,2010-05-14,44.975,4.958,13,3,1,1.0,1,26,76.0,11
201000007504,2010-08-25,44.916,5.03,47,3,1,1.0,1,26,80.0,20
201000007545,2010-08-26,44.739,5.391,47,4,2,1.0,1,26,60.0,10
201000007663,2010-09-11,45.02,5.083,85,2,1,1.0,1,26,125.0,16
201000007853,2010-09-29,45.135,5.299,72,3,1,1.0,1,38,53.0,13
201000007861,2010-07-06,45.3051,5.0859,57,3,2,1.0,1,38,64.0,12
201000007861,2010-07-06,45.3051,5.0859,61,1,1,1.0,1,38,64.0,12
201000007873,2010-05-23,45.2388,5.36129,17,3,1,1.0,1,38,70.0,17
201000007906,2010-08-12,45.4828,5.40351,65,3,1,1.0,1,38,50.0,10
201000007979,2010-06-29,45.383,4.98,73,3,1,7.0,1,38,50.0,7
201000008043,2010-05-24,45.37613,4.59949,55,4,1,7.0,1,42,49.0,10
201000008053,2010-12-24,45.49886,4.38466,14,3,1,4.0,1,42,62.0,15
201000008071,2010-08-09,45.8032,3.97293,28,3,1,1.0,1,42,27.0,11
201000008110,2010-04-27,45.65262,4.25739,43,4,1,1.0,1,42,48.0,15
201000008115,2010-07-08,45.64235,4.22334,29,2,1,1.0,1,42,74.0,9
201000008118,2010-07-22,45.56146,4.28822,78,3,1,1.0,1,42,60.0,10
201000008172,2010-04-07,46.176,4.21,15,3,1,1.0,1,42,46.0,15
201000008172,2010-04-07,46.176,4.21,14,3,2,1.0,1,42,46.0,15
201000008206,2010-07-19,45.533,5.995,61,3,1,1.0,1,73,41.0,9
201000008216,2010-11-03,45.499,6.061,32,3,1,5.0,3,73,80.0,6
201000008221,2010-06-27,45.632,5.874,39,3,2,1.0,1,73,40.0,12
201000008223,2010-07-02,45.723,5.777,70,2,2,1.0,1,73,60.0,10
201000008255,2010-09-19,45.667,6.39,69,4,1,1.0,1,73,90.0,13
201000008272,2010-11-19,45.67,6.345,45,3,1,7.0,2,73,73.0,17
201000008287,2010-07-09,45.625,6.807,45,3,1,1.0,1,73,46.0,17
201000008330,2010-07-10,45.281,6.815,58,4,2,1.0,1,73,71.0,11
201000008443,2010-05-20,45.896,6.689,44,3,1,1.0,1,74,70.0,14
201000008490,2010-07-12,46.112,6.698,52,2,1,1.0,1,74,51.0,13
201000008589,2010-06-12,46.305,6.379,46,3,1,1.0,1,74,50.0,15
201000008595,2010-07-13,46.292,6.269,62,2,1,1.0,1,74,75.0,7
201000008596,2010-07-18,46.349,6.418,64,3,2,1.0,1,74,42.0,8
201000008622,2010-07-04,46.319,6.606,46,3,1,1.0,1,74,65.0,10
201000008634,2010-06-03,45.733,3.231,71,3,1,1.0,1,63,25.0,11
201000008654,2010-01-13,45.773,3.025,24,4,1,1.0,1,63,50.0,15
201000008664,2010-11-13,45.799,3.23,58,3,1,1.0,1,63,64.0,16
201000008707,2010-01-28,45.558,3.25,16,3,1,1.0,5,63,60.0,19
201000008726,2010-07-03,45.436,3.188,7,2,2,1.0,1,63,40.0,19
201000008734,2010-06-14,45.627,2.689,57,3,1,1.0,1,63,63.0,15
201000008735,2010-09-01,45.59,2.648,70,2,1,1.0,1,63,70.0,16
201000008967,2010-07-15,44.9,2.51673,35,4,1,1.0,2,15,70.0,21
201000008967,2010-07-15,44.9,2.51673,32,3,1,1.0,2,15,70.0,21
201000009154,2010-05-19,49.203,5.991,45,3,1,1.0,1,57,150.0,15
201000009338,2010-10-10,49.303,6.353,50,2,1,1.0,1,57,100.0,9
201000009516,2010-04-05,48.5594,6.37512,37,3,1,1.0,1,54,90.0,16
201000009557,2010-05-29,48.7973,5.85171,32,3,2,1.0,1,54,65.0,18
201000009557,2010-05-29,48.7973,5.85171,6,3,1,1.0,1,54,65.0,18
201000009654,2010-09-22,49.14857,5.53218,72,3,1,1.0,1,55,48.0,12
201000009667,2010-08-02,48.1463,6.27454,12,3,1,1.0,1,88,77.0,15
201000009686,2010-06-10,48.3733,6.29413,16,4,1,1.0,1,88,50.0,17
201000009693,2010-06-10,48.1026,5.72555,63,3,1,1.0,1,88,63.0,14
201000009696,2010-06-22,48.3306,6.70498,13,3,1,1.0,1,88,49.0,17
201000009755,2010-05-12,47.9506,6.77793,71,2,1,1.0,1,88,67.0,10
201000009757,2010-06-09,48.0126,6.75673,18,3,1,1.0,1,88,70.0,16
201000009776,2010-10-11,47.8744,6.76171,88,3,1,1.0,1,88,75.0,11
201000009802,2010-08-19,48.0444,6.86796,15,2,1,1.0,1,88,76.0,11
201000009820,2010-07-03,48.37,7.61,59,3,2,1.0,1,67,77.0,10
201000009876,2010-09-01,48.535,7.466,64,3,2,7.0,1,67,72.0,17
201000009880,2010-02-27,48.515,7.387,49,2,1,1.0,1,67,52.0,11
201000009909,2010-03-22,48.831,7.466,40,3,2,1.0,1,67,58.0,16
201000009916,2010-04-15,48.762,7.394,8,3,1,1.0,1,67,53.0,18
201000009982,2010-10-25,48.762,7.578,16,3,1,1.0,2,67,60.0,17
201000009982,2010-10-25,48.762,7.578,16,3,2,1.0,2,67,60.0,17
201000009985,2010-11-17,48.645,7.532,14,3,1,8.0,1,67,64.0,14
201000010012,2010-07-24,48.289,7.425,42,3,1,1.0,1,67,50.0,12
201000010024,2010-07-02,48.274,7.538,87,3,1,1.0,1,67,50.0,10
201000010026,2010-08-19,48.2654,7.5955,58,3,2,7.0,1,67,63.0,11
201000010062,2010-11-17,48.946,7.861,69,3,2,1.0,1,67,50.0,8
201000010093,2010-09-04,48.0175,7.07627,60,4,1,1.0,1,68,25.0,15
201000010099,2010-10-07,48.11045,7.42416,80,3,2,1.0,2,68,60.0,7
201000010100,2010-11-06,48.02944,7.44307,19,4,2,1.0,1,68,53.0,8
201000010106,2010-07-14,48.29212,7.25878,21,4,1,1.0,1,68,57.0,16
201000010111,2010-08-27,48.24083,7.17917,13,3,1,2.0,2,68,60.0,19
201000010115,2010-03-24,48.10103,7.31319,19,3,1,1.0,1,68,70.0,14
201000010120,2010-07-21,48.08579,7.27045,41,3,1,1.0,1,68,71.0,19
201000010124,2010-10-05,48.07189,7.26561,41,3,1,1.0,1,68,50.0,11
201000010223,2010-09-22,47.80323,7.11858,77,3,1,1.0,1,68,63.0,16
201000010227,2010-08-05,47.80922,7.18027,57,3,2,1.0,1,68,151.0,15
201000010242,2010-04-02,47.725,7.077,41,3,2,1.0,1,68,61.0,14
201000010242,2010-04-02,47.725,7.077,10,3,1,1.0,1,68,61.0,14
201000010515,2010-08-03,48.2426,4.3531,18,3,2,1.0,1,10,80.0,16
201000010515,2010-08-03,48.2426,4.3531,13,3,1,1.0,1,10,80.0,16
201000010554,2010-11-10,48.50731,3.72386,77,3,2,2.0,1,10,79.0,16
201000010681,2010-06-20,47.3471,5.12174,74,4,1,8.0,1,21,72.0,15
201000010695,2010-07-27,47.256,5.103,12,1,2,1.0,1,21,42.0,14
201000010710,2010-06-05,47.3299,5.44906,21,3,1,1.0,5,21,47.0,22
201000010876,2010-09-01,47.354,3.838,14,3,1,1.0,1,58,40.0,14
201000010938,2010-08-30,46.87,4.191,46,3,1,1.0,1,71,66.0,9
201000010940,2010-08-31,46.887,4.307,61,3,1,1.0,1,71,64.0,16
201000011127,2010-03-10,47.852,3.549,27,4,1,1.0,3,89,105.0,5
201000011131,2010-04-17,47.963,3.577,12,3,1,1.0,1,89,63.0,14
201000011173,2010-05-14,47.987,3.413,8,3,1,8.0,1,89,50.0,12
201000011252,2010-03-23,47.248,6.158,38,2,2,7.0,1,25,72.0,18
201000011274,2010-07-06,47.221,5.822,7,3,1,1.0,1,25,60.0,12
201000011301,2010-06-09,47.449,6.817,61,4,1,1.0,1,25,85.0,11
201000011323,2010-04-07,47.435,6.784,54,2,1,1.0,1,25,59.0,14
201000011328,2010-10-26,47.376,6.873,31,3,1,1.0,1,25,50.0,17
201000011749,2010-12-11,43.403,5.366,47,4,1,1.0,1,13,56.0,11
201000011771,2010-12-26,43.435,5.41099,51,3,2,1.0,1,13,60.0,16
201000011808,2010-11-09,43.8434,4.89498,16,3,1,1.0,1,13,40.0,16
201000011814,2010-04-24,43.6297,4.91912,49,2,2,1.0,1,13,74.0,10
201000011854,2010-05-20,43.232,5.6604,51,2,1,1.0,1,13,70.0,19
201000011864,2010-02-20,43.2597,5.57149,61,4,1,1.0,1,13,130.0,9
201000011864,2010-02-20,43.2597,5.57149,65,1,1,1.0,1,13,130.0,9
201000011872,2010-05-22,43.3356,5.60118,38,3,1,1.0,1,13,70.0,19
201000011947,2010-09-11,43.7121,5.3483,13,3,2,1.0,1,13,65.0,15
201000012035,2010-07-12,44.403,6.171,12,3,1,1.0,1,04,35.0,14
201000012146,2010-04-04,43.687,7.117,14,3,1,2.0,1,06,119.0,16
201000012168,2010-08-11,43.662,7.117,72,3,1,1.0,1,06,60.0,10
201000012482,2010-08-24,43.275,6.776,66,3,1,1.0,1,83,35.0,12
201000012512,2010-07-21,43.416,6.903,62,3,1,1.0,1,83,79.0,7
201000012585,2010-02-02,43.0,6.0,73,3,1,1.0,1,83,57.0,10
201000012624,2010-05-26,43.924,5.033,17,3,1,1.0,1,84,73.0,15
201000012637,2010-06-28,43.986,4.887,49,3,2,1.0,1,84,100.0,8
201000012714,2010-07-11,44.265,5.247,45,3,1,1.0,1,84,81.0,12
201000012771,2010-08-17,44.408,4.99,69,3,1,1.0,1,84,50.0,17
201000012799,2010-09-21,43.66764,4.04559,20,2,1,1.0,3,34,100.0,22
201000012827,2010-05-21,43.68951,4.13599,16,3,1,1.0,1,34,19.0,8
201000012856,2010-03-14,43.80443,3.95403,69,3,1,1.0,1,34,43.0,10
201000012860,2010-08-05,43.78806,3.834,52,2,1,7.0,2,34,54.0,20
201000012861,2010-09-16,43.79097,3.85021,36,3,1,1.0,1,34,50.0,8
201000012863,2010-12-04,43.774,3.869,21,4,1,1.0,1,34,56.0,10
201000012865,2010-01-06,43.575,2.989,76,3,1,1.0,1,34,64.0,14
201000012870,2010-03-14,43.56317,3.17843,74,3,1,1.0,1,34,130.0,11
201000012872,2010-04-05,43.00853,4.3667,13,3,1,1.0,1,34,59.0,18
201000012895,2010-03-23,43.37947,3.10929,57,1,2,1.0,1,34,60.0,15
201000012895,2010-03-23,43.37947,3.10929,62,2,1,1.0,1,34,60.0,15
201000012906,2010-10-01,43.3841,2.93652,47,2,1,1.0,1,34,52.0,16
201000012931,2010-09-22,43.42345,3.43091,62,3,1,1.0,1,34,124.0,11
201000012997,2010-06-25,43.73323,3.31207,14,3,1,1.0,1,34,60.0,8
201000013016,2010-07-02,43.56,3.606,58,3,1,1.0,1,34,31.0,10
201000013077,2010-11-18,43.285,2.593,9,3,1,1.0,1,11,60.0,13
201000013149,2010-05-23,43.143,3.139,18,3,1,1.0,3,11,70.0,2
201000013149,2010-05-23,43.143,3.139,16,2,2,1.0,3,11,70.0,2
201000013149,2010-05-23,43.143,3.139,19,2,1,1.0,3,11,70.0,2
201000013160,2010-02-22,43.306,2.87,23,3,1,1.0,3,11,60.0,19
201000013174,2010-09-07,43.202,2.777,15,3,1,1.0,1,11,50.0,18
201000013198,2010-06-26,43.7821,4.08053,13,3,1,1.0,1,30,58.0,20
201000013313,2010-08-27,43.96954,4.10102,71,3,1,1.0,1,30,60.0,8
201000013320,2010-04-24,44.22596,4.39389,14,3,1,1.0,1,30,31.0,18
201000013325,2010-07-12,44.23057,4.22105,18,3,2,1.0,1,30,61.0,13
201000013350,2010-07-02,44.02089,4.44592,52,3,1,1.0,1,30,67.0,15
201000013372,2010-09-22,44.2514,4.65592,7,3,1,1.0,1,30,33.0,18
201000013379,2010-04-21,43.94416,4.62387,61,3,1,1.0,1,30,94.0,17
201000013467,2010-01-02,44.488,3.457,26,4,1,7.0,1,48,73.0,9
201000013565,2010-07-19,42.80985,2.4974,5,3,1,1.0,1,66,55.0,18
201000013925,2010-10-10,49.041,1.573,55,2,1,1.0,1,78,60.0,10
201000013938,2010-03-13,48.9529,1.90891,17,3,2,1.0,1,78,90.0,8
201000013948,2010-04-11,48.9433,1.83694,42,1,1,1.0,1,78,63.0,10
201000013948,2010-04-11,48.9433,1.83694,45,3,1,1.0,1,78,63.0,10
201000014007,2010-02-26,48.7948,1.89961,47,3,1,1.0,3,78,62.0,19
201000014155,2010-06-02,49.0843,2.2005,8,2,1,1.0,1,95,31.0,18
201000014163,2010-10-03,49.0256,1.8714,51,3,1,1.0,1,95,70.0,11
201000014223,2010-06-25,48.868,2.883,41,3,1,1.0,1,77,120.0,12
201000014224,2010-07-04,48.86,2.923,37,4,1,1.0,1,77,60.0,7
201000014240,2010-04-18,48.877,3.329,50,3,1,1.0,1,77,45.0,11
201000014246,2010-10-09,48.287,3.0,42,2,1,1.0,3,77,74.0,21
201000014271,2010-09-22,48.745,2.838,11,3,1,1.0,1,77,50.0,14
201000014430,2010-09-08,47.77535,1.67018,63,3,2,3.0,2,45,68.0,7
201000014610,2010-04-12,46.836,2.926,37,3,2,1.0,2,18,44.0,21
201000014610,2010-04-12,46.836,2.926,15,3,2,1.0,2,18,44.0,21
201000014655,2010-07-04,47.2448,2.37477,59,3,1,1.0,1,18,60.0,11
201000014658,2010-07-30,47.162,2.38955,68,3,1,1.0,1,18,55.0,11
201000014696,2010-05-31,48.5952,1.6776,87,2,1,1.0,1,28,70.0,9
201000014723,2010-08-24,48.3408,1.75162,72,2,1,1.0,1,28,61.0,16
201000014747,2010-04-20,48.1043,1.14926,94,2,1,1.0,1,28,48.0,14
201000014752,2010-09-12,48.0471,1.28487,58,2,1,1.0,1,28,54.0,18
201000014861,2010-05-10,47.2561,1.66664,11,3,1,3.0,1,36,65.0,17
201000014882,2010-07-24,46.5435,1.39228,16,4,1,1.0,1,36,60.0,10
201000014882,2010-07-24,46.5435,1.39228,47,4,1,1.0,1,36,60.0,10
201000014897,2010-08-16,46.5208,2.09466,44,3,1,1.0,1,36,40.0,11
201000014913,2010-10-17,46.6917,1.80687,64,3,1,1.0,2,36,55.0,8
201000014918,2010-04-09,46.919,1.77152,67,3,1,1.0,1,36,35.0,17
201000014918,2010-04-09,46.919,1.77152,63,1,1,1.0,1,36,35.0,17
201000014921,2010-07-22,46.9048,1.88789,37,3,1,1.0,1,36,75.0,13
201000014987,2010-07-16,47.4511,0.87277,68,3,1,1.0,1,37,75.0,14
201000014988,2010-07-17,47.4194,0.75971,52,3,1,1.0,1,37,42.0,19
201000015048,2010-04-30,47.0216,0.60937,78,3,2,1.0,1,37,70.0,14
201000015074,2010-07-24,47.4997,1.26825,82,3,1,1.0,1,41,63.0,11
201000015139,2010-04-20,47.776,0.76825,57,2,2,7.0,1,41,63.0,18
201000015168,2010-05-20,45.006,-1.136,15,4,1,1.0,2,33,60.0,20
201000015183,2010-08-05,47.84472,-3.6902,51,3,1,1.0,1,29,100.0,15
201000015191,2010-09-09,48.02916,-3.70739,12,3,2,1.0,1,29,52.0,18
201000017342,2010-06-24,47.097,3.165,41,3,1,1.0,1,58,61.0,18
201000017354,2010-04-16,43.4896,5.54566,62,2,1,7.0,1,13,70.0,9
201000017444,2010-02-25,43.61416,3.81558,38,3,1,1.0,5,34,59.0,21
201000017456,2010-11-22,43.586,3.757,11,3,2,1.0,1,34,50.0,8
201000017462,2010-06-21,48.119,-1.633,28,3,2,1.0,1,35,82.0,17
201000017479,2010-09-18,45.936,2.052,6,3,1,1.0,1,23,24.0,12
201000017544,2010-09-16,47.3456,0.53041,54,3,1,1.0,1,37,55.0,9
201000017798,2010-04-28,47.3899,5.02658,46,3,1,1.0,1,21,80.0,17
201000017805,2010-10-06,47.4076,5.00378,57,3,1,1.0,1,21,53.0,18
201000017839,2010-10-29,47.76748,7.39245,74,3,1,1.0,1,68,89.0,15
201000017852,2010-08-29,48.232,-0.944,83,3,1,1.0,1,53,50.0,18
201000018097,2010-06-13,43.7176,4.78791,63,3,1,1.0,1,13,53.0,9
201000018448,2010-08-22,45.041,6.13299,42,3,1,1.0,1,38,105.0,17
201000018526,2010-08-09,45.2606,5.84443,56,2,1,7.0,1,38,60.0,18
201000018638,2010-06-28,45.51321,4.26349,49,3,1,1.0,1,42,78.0,18
201000018639,2010-07-09,45.47516,4.14613,18,3,1,1.0,1,42,69.0,15
201000018765,2010-08-26,45.978,6.219,57,4,1,1.0,3,74,66.0,21
201000018944,2010-02-24,48.3043,4.08807,54,4,1,1.0,1,10,90.0,8
201000018945,2010-02-24,48.2962,4.07422,81,4,2,1.0,1,10,35.0,10
201000018947,2010-03-04,48.30314,4.09953,18,4,1,1.0,1,10,70.0,7
201000018952,2010-03-13,48.28252,4.08967,77,3,2,1.0,1,10,70.0,8
201000018969,2010-04-19,48.3116,4.06433,41,1,1,1.0,1,10,70.0,19
201000018969,2010-04-19,48.3116,4.06433,90,3,1,1.0,1,10,70.0,19
201000018970,2010-04-29,48.28671,4.08222,12,4,1,1.0,1,10,60.0,18
201000018971,2010-04-20,48.31749,4.0976,15,1,1,9.0,1,10,70.0,8
201000018990,2010-07-06,48.27212,4.08103,7,4,1,1.0,2,10,70.0,21
201000018992,2010-07-12,48.30362,4.09811,32,4,1,1.0,1,10,150.0,9
201000018995,2010-07-29,48.3006,4.07547,14,4,1,1.0,1,10,140.0,19
201000018997,2010-07-30,48.30935,4.0681,28,4,2,1.0,1,10,110.0,13
201000018999,2010-08-08,48.29323,4.09311,5,4,1,1.0,1,10,70.0,16
201000019004,2010-08-24,48.31568,4.04256,52,4,1,1.0,2,10,70.0,21
201000019005,2010-08-27,48.28851,4.03599,65,4,1,3.0,1,10,70.0,15
201000019027,2010-10-12,48.30733,4.08201,30,3,1,1.0,1,10,70.0,18
201000019031,2010-10-18,48.2741,4.08051,16,4,2,1.0,1,10,70.0,18
201000019038,2010-11-14,48.30414,4.03287,16,3,1,2.0,1,10,110.0,13
201000019982,2010-03-11,43.6796,4.63385,10,3,1,1.0,1,13,78.0,8
201000020463,2010-01-23,43.3421,5.42006,19,4,1,1.0,4,13,100.0,18
201000020593,2010-02-22,43.2436,5.38474,60,3,2,3.0,5,13,91.0,18
201000022788,2010-01-07,43.2722,5.39133,45,3,2,1.0,1,13,164.0,8
201000022843,2010-01-02,43.3415,5.47312,69,3,1,1.0,1,13,35.0,10
201000023025,2010-01-05,43.7796,4.68126,49,2,1,2.0,3,13,40.0,17
201000023327,2010-01-16,49.2049,-0.33471,39,4,1,8.0,2,14,70.0,17
201000023443,2010-10-11,43.78143,4.55321,31,4,1,1.0,1,30,80.0,18
201000023448,2010-11-04,44.01576,4.42498,84,2,2,1.0,1,30,71.0,14
201000023579,2010-01-30,43.9026,4.75169,43,4,1,1.0,1,13,78.0,10
201000023671,2010-09-22,47.329,5.972,50,3,1,1.0,1,25,62.0,16
201000023693,2010-09-13,49.1379,2.248,70,3,1,1.0,1,95,90.0,11
201000023801,2010-10-07,45.643,0.136,58,4,1,1.0,1,16,75.0,16
201000023827,2010-11-24,45.6515,0.1776,55,3,1,1.0,1,16,50.0,13
201000023870,2010-04-24,45.6931,-0.3254,41,1,1,1.0,5,16,55.0,0
201000023873,2010-06-15,45.6849,-0.3289,22,4,2,1.0,1,16,80.0,9
201000023878,2010-08-28,45.6819,-0.2928,59,3,1,1.0,1,16,80.0,18
201000024604,2010-09-01,44.06269,4.64231,11,2,1,1.0,1,30,62.0,15
201000024715,2010-07-02,47.0256,2.3903,38,2,1,1.0,1,18,79.0,21
201000024740,2010-08-12,47.1061,2.35681,26,4,2,1.0,1,18,60.0,17
201000024748,2010-08-31,47.033,2.31415,37,4,1,1.0,1,18,60.0,7
201000024768,2010-10-01,47.0952,2.4234,76,4,2,1.0,1,18,70.0,12
201000024948,2010-01-13,47.2276,2.07611,33,4,1,1.0,5,18,60.0,18
201000024956,2010-04-02,47.2214,2.06772,54,3,2,2.0,1,18,60.0,13
201000024999,2010-10-08,47.2213,2.06507,20,4,1,1.0,1,18,56.0,15
201000025115,2010-04-08,45.15929,1.53061,79,4,1,1.0,1,19,62.0,11
201000025234,2010-05-25,45.54202,2.30779,12,4,1,1.0,1,19,74.0,13
201000025246,2010-07-02,47.77975,7.36491,53,3,2,1.0,1,68,77.0,7
201000025283,2010-01-08,47.3157,5.02787,33,4,2,8.0,1,21,85.0,12
201000025284,2010-01-08,47.3169,5.03944,33,4,1,8.0,1,21,84.0,12
201000025287,2010-01-14,47.302,5.01858,47,4,1,5.0,1,21,70.0,8
201000025320,2010-02-19,47.2924,5.00932,16,4,1,1.0,1,21,90.0,9
201000025341,2010-03-13,47.3245,5.04231,27,3,1,1.0,1,21,94.0,12
201000025360,2010-03-30,47.3203,5.0337,21,1,1,2.0,1,21,48.0,14
201000025363,2010-04-01,47.3133,5.05331,61,4,2,1.0,1,21,60.0,10
201000025369,2010-04-06,47.3218,5.03955,31,1,1,1.0,1,21,60.0,15
201000025372,2010-04-15,47.342,5.04466,9,1,1,1.0,5,21,100.0,22
201000025372,2010-04-15,47.342,5.04466,16,4,1,1.0,5,21,100.0,22
201000025376,2010-04-27,47.3089,5.03773,15,4,1,1.0,1,21,162.0,7
201000025377,2010-04-27,47.3187,5.05154,56,4,1,1.0,1,21,160.0,8
201000025414,2010-05-29,47.3439,5.0487,46,4,1,1.0,1,21,50.0,12
201000025464,2010-07-30,47.3089,5.03773,38,4,2,1.0,1,21,104.0,13
201000025475,2010-08-30,47.3219,5.04354,51,4,1,1.0,1,21,42.0,17
201000025483,2010-09-06,47.3216,5.05447,53,4,1,1.0,1,21,82.0,16
201000025486,2010-09-10,47.336,5.04922,42,3,1,1.0,1,21,80.0,12
201000025493,2010-09-20,47.3134,5.05451,20,1,1,1.0,2,21,86.0,19
201000025518,2010-10-20,47.3375,5.04021,50,4,1,1.0,1,21,80.0,13
201000025526,2010-10-27,47.3019,5.01855,33,4,1,1.0,1,21,108.0,17
201000025548,2010-03-29,45.48381,4.56169,60,4,1,1.0,1,42,48.0,9
201000025552,2010-05-31,45.44727,4.58365,56,3,2,1.0,1,42,100.0,16
201000025612,2010-01-18,48.5014,-2.7808,50,3,2,9.0,2,22,60.0,8
201000025666,2010-04-15,48.50112,-2.78026,63,4,2,1.0,1,22,60.0,16
201000026125,2010-04-26,50.977,2.441,40,3,1,1.0,1,59,70.0,11
201000026152,2010-10-28,50.59,2.972,53,3,2,1.0,1,59,60.0,12
201000026223,2010-02-05,45.0567,5.0888,76,2,1,3.0,1,26,70.0,10
201000026226,2010-03-04,45.0398,5.0458,33,4,1,2.0,2,26,70.0,7
201000026258,2010-06-21,45.0493,5.0342,9,4,1,1.0,1,26,80.0,12
201000026259,2010-06-22,45.0409,5.0468,10,4,1,1.0,1,26,64.0,18
201000026287,2010-09-26,45.0441,5.0532,15,4,1,1.0,1,26,80.0,16
201000026295,2010-10-15,45.0568,5.0577,59,4,2,1.0,1,26,80.0,16
201000026317,2010-02-17,44.9208,4.9083,60,4,1,1.0,1,26,30.0,13
201000026345,2010-04-14,44.9293,4.894,21,1,1,1.0,1,26,60.0,15
201000026385,2010-08-09,44.9429,4.8928,20,4,1,1.0,1,26,50.0,14
201000026386,2010-08-14,44.9222,4.891,50,4,2,1.0,1,26,70.0,8
201000026538,2010-04-22,49.2838,1.22316,55,4,1,1.0,1,27,160.0,15
201000026587,2010-09-20,49.1111,1.45227,6,4,1,1.0,1,27,49.0,17
201000026619,2010-01-25,48.4515,1.48602,13,4,1,1.0,1,28,70.0,8
201000026620,2010-01-26,48.4603,1.4614,17,4,1,1.0,1,28,70.0,16
201000026663,2010-04-14,48.4435,1.5108,25,4,2,1.0,1,28,70.0,18
201000026686,2010-05-17,48.4446,1.48032,47,4,2,1.0,1,28,70.0,14
201000026710,2010-06-14,48.4228,1.48431,22,4,1,1.0,2,28,70.0,16
201000026717,2010-07-01,48.4358,1.44696,19,4,1,1.0,1,28,70.0,13
201000026729,2010-08-03,48.4351,1.48062,35,4,2,1.0,1,28,70.0,8
201000026738,2010-08-23,48.4421,1.49347,24,4,2,3.0,1,28,70.0,11
201000026749,2010-09-07,48.4376,1.49611,66,4,2,1.0,1,28,70.0,20
201000026758,2010-10-05,48.4407,1.50676,37,3,2,1.0,1,28,70.0,18
201000026760,2010-10-08,48.4505,1.48484,29,4,1,1.0,5,28,70.0,5
201000026770,2010-10-18,48.4695,1.46996,70,3,1,1.0,1,28,70.0,11
201000026775,2010-10-25,48.4419,1.49177,28,4,1,1.0,1,28,70.0,12
201000026779,2010-10-26,48.4453,1.48351,62,3,1,1.0,5,28,30.0,18
201000026887,2010-09-27,48.7302,1.38022,33,3,1,1.0,1,28,70.0,14
201000027092,2010-11-23,48.3943,-4.51942,24,3,1,1.0,1,29,60.0,13
201000027127,2010-04-08,47.87027,-3.90687,21,1,1,1.0,1,29,75.0,19
201000027134,2010-05-25,47.87708,-3.90936,31,4,2,1.0,1,29,100.0,16
201000027141,2010-06-30,47.88254,-3.9238,49,3,1,1.0,1,29,60.0,16
201000027142,2010-07-03,47.87676,-3.93026,24,4,1,1.0,1,29,60.0,18
201000027435,2010-06-28,44.14595,4.101,28,4,1,1.0,1,30,47.0,19
201000027614,2010-02-03,43.83285,4.38567,52,4,1,1.0,1,30,31.0,8
201000027661,2010-03-15,43.83422,4.37182,49,4,1,1.0,1,30,40.0,15
201000027687,2010-04-30,43.84082,4.36293,22,4,2,1.0,1,30,58.0,18
201000027711,2010-06-12,43.84468,4.38335,38,3,1,1.0,1,30,66.0,9
201000027745,2010-07-29,43.81654,4.32264,3,3,1,1.0,1,30,68.0,19
201000027776,2010-09-07,43.84072,4.35539,15,4,1,1.0,1,30,52.0,18
201000027777,2010-09-08,43.83675,4.33415,45,3,1,1.0,2,30,79.0,18
201000027788,2010-09-19,43.83976,4.35299,25,4,1,1.0,1,30,42.0,15
201000027809,2010-10-28,43.83939,4.36266,19,1,1,1.0,1,30,35.0,18
201000027826,2010-11-21,43.83651,4.33703,39,4,1,1.0,1,30,62.0,12
201000027834,2010-11-26,43.81651,4.39284,82,4,1,1.0,1,30,90.0,15
201000027836,2010-11-27,43.82729,4.36429,63,4,1,1.0,1,30,58.0,9
201000027856,2010-12-21,43.83938,4.36267,39,4,2,8.0,1,30,28.0,9
201000027947,2010-01-07,43.5844,1.41557,22,3,1,1.0,2,31,95.0,7
201000028543,2010-03-17,43.58616,3.45699,15,4,1,1.0,1,31,70.0,8
201000028579,2010-06-05,43.6519,0.53097,50,3,1,1.0,1,32,61.0,15
201000029915,2010-05-29,43.30895,3.51352,55,3,2,1.0,1,34,93.0,11
201000029923,2010-08-06,43.29037,3.51491,16,3,1,1.0,3,34,77.0,23
201000029925,2010-08-23,43.28956,3.50745,43,4,1,1.0,1,34,100.0,14
201000029970,2010-03-31,43.32001,3.27958,12,4,1,1.0,1,34,75.0,16
201000029977,2010-04-19,43.32862,3.24254,54,4,1,1.0,2,34,75.0,12
201000030039,2010-09-18,43.34267,3.23324,14,4,1,1.0,1,34,75.0,10
201000030042,2010-09-29,43.34283,3.26184,73,4,1,1.0,2,34,75.0,14
201000030117,2010-01-06,43.60415,3.85828,29,4,2,1.0,1,34,60.0,15
201000030122,2010-01-11,43.62159,3.86866,23,4,1,1.0,1,34,60.0,15
201000030131,2010-01-18,43.62437,3.86278,22,4,2,1.0,1,34,165.0,17
201000030143,2010-01-26,43.60272,3.87096,68,4,2,1.0,1,34,120.0,10
201000030226,2010-03-18,43.61578,3.87238,23,4,2,1.0,1,34,35.0,11
201000030242,2010-03-27,43.59784,3.88126,9,4,1,1.0,1,34,30.0,17
201000030247,2010-03-31,43.62581,3.86569,41,4,1,1.0,1,34,60.0,8
201000030262,2010-04-12,43.61655,3.88367,15,4,1,1.0,1,34,30.0,16
201000030262,2010-04-12,43.61655,3.88367,17,1,1,1.0,1,34,30.0,16
201000030274,2010-04-19,43.55308,3.96824,66,4,2,1.0,1,34,60.0,12
201000030287,2010-04-27,43.63067,3.84285,55,4,2,1.0,1,34,120.0,8
201000030308,2010-05-10,43.62726,3.8916,10,4,2,1.0,1,34,30.0,18
201000030312,2010-05-13,43.61866,3.92099,9,4,1,1.0,1,34,30.0,11
201000030324,2010-05-22,43.60835,3.8709,42,4,1,1.0,1,34,25.0,17
201000030347,2010-06-09,43.34785,3.55038,15,4,1,8.0,1,34,60.0,8
201000030353,2010-06-11,43.3652,3.53808,56,3,2,2.0,1,34,30.0,13
201000030357,2010-06-13,43.3716,3.53277,23,3,2,8.0,1,34,100.0,18
201000030362,2010-06-15,43.36922,3.51391,63,3,2,2.0,1,34,60.0,10
201000030367,2010-06-20,43.36931,3.50308,14,4,1,1.0,1,34,40.0,13
201000030369,2010-06-22,43.36152,3.51355,39,4,1,1.0,1,34,120.0,19
201000030372,2010-06-23,43.36361,3.52038,32,3,1,1.0,1,34,56.0,15
201000030400,2010-07-11,43.3562,3.53709,16,3,1,1.0,1,34,66.0,20
201000030402,2010-07-13,43.37556,3.52932,59,4,1,1.0,1,34,120.0,16
201000030403,2010-07-15,43.36715,3.51825,32,4,1,1.0,1,34,90.0,7
201000030424,2010-07-22,43.64805,3.84067,19,4,1,1.0,1,34,60.0,17
201000030447,2010-08-10,43.56566,3.91365,51,4,1,1.0,1,34,60.0,18
201000030449,2010-08-12,43.58389,3.92633,21,3,2,1.0,1,34,127.0,9
201000030467,2010-08-21,43.61066,3.87649,20,1,1,1.0,1,34,100.0,18
201000030476,2010-08-29,43.60511,3.85034,15,4,2,1.0,1,34,60.0,18
201000030524,2010-09-17,43.63496,3.86224,30,4,1,1.0,1,34,60.0,17
201000030549,2010-09-29,43.62857,3.87814,35,4,2,7.0,1,34,60.0,9
201000030551,2010-10-01,43.58718,3.85864,9,4,2,1.0,5,34,130.0,20
201000030572,2010-10-15,43.60114,3.84627,56,4,1,1.0,4,34,60.0,19
201000030590,2010-10-27,43.62085,3.85751,51,4,1,1.0,5,34,60.0,19
201000030591,2010-10-29,43.60505,3.88058,33,1,1,1.0,1,34,60.0,8
201000030626,2010-11-13,43.59596,3.83608,58,4,1,1.0,1,34,60.0,8
201000030632,2010-11-15,43.62395,3.86217,23,4,1,2.0,1,34,150.0,12
201000030647,2010-11-24,43.60277,3.85529,23,4,1,1.0,5,34,120.0,19
201000030657,2010-11-27,43.61717,3.84263,38,4,1,1.0,5,34,120.0,17
201000030671,2010-12-07,43.61006,3.8995,53,4,1,8.0,2,34,150.0,16
201000030680,2010-12-10,43.63948,3.83944,23,4,1,1.0,5,34,80.0,18
201000030691,2010-12-16,43.62866,3.84541,25,4,1,1.0,1,34,60.0,8
201000030701,2010-12-31,43.62862,3.84534,28,4,1,1.0,1,34,60.0,16
201000030789,2010-01-06,48.1307,-1.69006,64,4,1,4.0,5,35,60.0,19
201000030802,2010-01-19,48.1086,-1.682,23,4,1,2.0,5,35,60.0,20
201000030812,2010-01-28,48.1101,-1.68621,51,3,2,1.0,5,35,30.0,19
201000030897,2010-04-09,48.1037,-1.66239,29,1,1,1.0,3,35,40.0,3
201000030901,2010-04-10,48.1102,-1.67414,36,4,1,1.0,1,35,70.0,6
201000030908,2010-04-19,48.1057,-1.66601,49,3,2,1.0,1,35,150.0,16
201000030927,2010-05-06,48.107,-1.67098,24,4,1,1.0,1,35,60.0,12
201000030941,2010-05-16,48.1028,-1.6766,32,4,1,1.0,1,35,120.0,11
201000030942,2010-05-17,48.1095,-1.69286,55,3,2,1.0,1,35,60.0,8
201000030946,2010-05-20,48.1074,-1.68037,25,4,2,1.0,1,35,60.0,19
201000030957,2010-05-26,48.1096,-1.68019,24,1,1,1.0,1,35,60.0,14
201000030963,2010-05-27,48.1102,-1.68531,64,3,1,1.0,1,35,90.0,13
201000030971,2010-06-04,48.1016,-1.70854,49,1,1,1.0,1,35,60.0,9
201000030975,2010-06-10,48.1105,-1.70884,81,3,1,8.0,1,35,60.0,10
201000030984,2010-06-16,48.1107,-1.67328,55,1,2,1.0,1,35,50.0,18
201000030984,2010-06-16,48.1107,-1.67328,43,4,2,1.0,1,35,50.0,18
201000030995,2010-06-24,48.0915,-1.66153,55,4,1,1.0,1,35,50.0,8
201000030996,2010-06-24,48.09,-1.6893,19,4,2,1.0,1,35,60.0,9
201000031011,2010-07-03,48.0876,-1.65516,52,4,1,1.0,1,35,40.0,13
201000031012,2010-07-04,48.1277,-1.65209,10,4,2,1.0,1,35,60.0,18
201000031015,2010-07-07,48.1169,-1.65615,43,4,2,1.0,1,35,60.0,16
201000031038,2010-07-29,48.0853,-1.65098,8,4,1,1.0,1,35,60.0,16
201000031045,2010-08-09,48.1063,-1.69447,53,4,1,1.0,1,35,60.0,17
201000031056,2010-08-22,48.0927,-1.63034,18,4,1,8.0,1,35,70.0,17
201000031057,2010-08-23,48.1191,-1.71517,23,4,2,1.0,1,35,60.0,10
201000031095,2010-09-22,48.1086,-1.682,68,4,1,1.0,1,35,60.0,13
201000031155,2010-11-05,48.1323,-1.6545,20,4,1,1.0,5,35,50.0,4
201000031157,2010-11-05,48.1077,-1.66584,22,4,1,1.0,5,35,120.0,18
201000031166,2010-11-08,48.1186,-1.65552,17,4,1,1.0,1,35,60.0,12
201000031168,2010-11-08,48.1218,-1.66273,26,4,1,1.0,5,35,60.0,19
201000031333,2010-07-07,46.8169,1.69695,23,3,1,1.0,1,36,100.0,19
201000031357,2010-12-14,46.8282,1.71138,80,3,1,1.0,5,36,60.0,19
201000031391,2010-06-25,46.8084,1.67141,8,4,1,1.0,1,36,60.0,17
201000031395,2010-07-12,46.7932,1.71132,38,4,1,1.0,1,36,27.0,18
201000031418,2010-09-14,46.7917,1.71204,58,4,1,1.0,1,36,80.0,18
201000031420,2010-09-23,46.8,1.69011,16,4,1,1.0,1,36,50.0,7
201000031448,2010-11-21,46.8004,1.7102,15,4,1,1.0,1,36,95.0,16
201000031455,2010-12-12,46.8316,1.71561,59,4,1,2.0,1,36,96.0,11
201000031458,2010-12-19,46.8016,1.68602,50,4,1,1.0,5,36,76.0,21
201000031467,2010-01-13,47.3635,0.67944,32,4,2,1.0,1,37,65.0,17
201000031476,2010-07-09,47.3913,0.69662,19,3,2,1.0,1,37,140.0,15
201000031528,2010-02-08,47.396,0.72488,25,4,1,1.0,1,37,60.0,17
201000031531,2010-02-15,47.3701,0.67668,32,4,2,2.0,1,37,120.0,8
201000031535,2010-03-12,47.3744,0.7052,17,4,1,1.0,1,37,120.0,8
201000031549,2010-04-12,47.3772,0.70344,6,4,1,1.0,1,37,42.0,17
201000031596,2010-02-21,47.3729,0.67094,70,4,1,1.0,1,37,50.0,10
201000031606,2010-04-27,47.3568,0.7315,12,4,2,1.0,1,37,60.0,17
201000031611,2010-05-26,47.3804,0.69734,14,4,1,1.0,1,37,70.0,13
201000031621,2010-06-06,47.3765,0.67931,26,3,1,1.0,5,37,90.0,23
201000031622,2010-06-09,47.3908,0.69216,29,3,2,1.0,2,37,120.0,21
201000031623,2010-06-11,47.3798,0.67985,20,3,2,8.0,5,37,82.0,4
201000031628,2010-07-13,47.4048,0.69544,29,4,1,1.0,5,37,50.0,23
201000031639,2010-03-30,47.3735,0.68503,52,3,1,1.0,1,37,120.0,13
201000031641,2010-03-31,47.4266,0.69669,19,1,1,1.0,1,37,80.0,7
201000031642,2010-04-17,47.3655,0.67837,15,3,1,1.0,1,37,70.0,17
201000031649,2010-04-19,47.3874,0.72282,62,3,1,1.0,1,37,120.0,12
201000031651,2010-04-01,47.3923,0.69135,18,3,1,1.0,1,37,80.0,9
201000031656,2010-04-23,47.3557,0.72493,14,3,1,1.0,1,37,40.0,15
201000031660,2010-04-28,47.3947,0.68686,30,1,1,1.0,1,37,70.0,17
201000031660,2010-04-28,47.3947,0.68686,21,3,2,1.0,1,37,70.0,17
201000031661,2010-04-30,47.3959,0.68625,23,1,1,1.0,1,37,70.0,12
201000031661,2010-04-30,47.3959,0.68625,25,3,2,1.0,1,37,70.0,12
201000031674,2010-05-25,47.4122,0.70276,11,3,1,1.0,1,37,70.0,8
201000031676,2010-06-03,47.3898,0.72375,20,3,1,1.0,1,37,60.0,19
201000031677,2010-06-05,47.3901,0.67876,38,3,2,1.0,1,37,40.0,9
201000031691,2010-06-14,47.3861,0.67658,37,4,1,1.0,1,37,60.0,17
201000031700,2010-07-20,47.3847,0.69081,24,4,1,1.0,1,37,160.0,16
201000031702,2010-08-03,47.357,0.71762,45,4,1,1.0,1,37,60.0,7
201000031712,2010-08-18,47.3947,0.69412,50,4,2,1.0,1,37,70.0,15
201000031748,2010-06-18,47.3697,0.67659,22,3,1,1.0,1,37,70.0,11
201000031797,2010-08-16,47.3884,0.69045,52,4,2,1.0,1,37,70.0,15
201000031799,2010-08-24,47.394,0.70335,62,4,2,1.0,1,37,140.0,12
201000031802,2010-09-03,47.3961,0.6819,17,4,2,1.0,1,37,160.0,18
201000031813,2010-09-03,47.3964,0.69314,21,3,1,1.0,1,37,50.0,7
201000031816,2010-08-05,47.3914,0.68818,22,3,1,1.0,1,37,60.0,11
201000031851,2010-08-24,47.3889,0.6793,18,4,2,1.0,1,37,60.0,16
201000031879,2010-10-13,47.4296,0.6806,52,3,1,1.0,1,37,70.0,16
201000031879,2010-10-13,47.4296,0.6806,15,1,1,1.0,1,37,70.0,16
201000031902,2010-11-02,47.367,0.70031,21,4,1,2.0,1,37,60.0,15
201000031918,2010-10-09,47.386,0.70158,35,3,1,1.0,5,37,30.0,0
201000031952,2010-12-06,47.3938,0.68721,18,1,1,1.0,1,37,80.0,11
201000032007,2010-04-30,47.3577,0.6471,43,2,2,1.0,1,37,80.0,15
201000032011,2010-03-30,47.3926,0.68072,53,4,2,1.0,1,37,60.0,10
201000032018,2010-06-22,47.3888,0.67125,61,3,2,1.0,1,37,50.0,16
201000032025,2010-09-01,47.3922,0.72507,6,3,1,1.0,1,37,550.0,14
201000032031,2010-08-19,47.3976,0.66737,24,3,1,1.0,1,37,165.0,6
201000032047,2010-10-20,47.3677,0.70923,34,3,1,1.0,1,37,57.0,15
201000032099,2010-01-27,45.1844,5.76821,23,2,2,1.0,1,38,120.0,8
201000032103,2010-02-11,45.186,5.74646,19,4,1,4.0,1,38,70.0,10
201000032113,2010-03-09,45.1918,5.71511,32,4,1,1.0,1,38,70.0,8
201000032113,2010-03-09,45.1918,5.71511,23,4,1,1.0,1,38,70.0,8
201000032117,2010-03-17,45.1898,5.71329,26,1,1,1.0,1,38,20.0,7
201000032136,2010-05-27,45.2052,5.68617,64,4,1,1.0,1,38,74.0,15
201000032141,2010-06-07,45.1914,5.72507,27,4,2,1.0,1,38,86.0,9
201000032161,2010-06-29,45.1807,5.71957,26,4,1,1.0,1,38,210.0,8
201000032166,2010-07-06,45.179,5.75102,30,4,1,1.0,5,38,105.0,22
201000032177,2010-08-14,45.1491,5.70181,39,4,1,1.0,1,38,70.0,9
201000032199,2010-10-27,45.1636,5.71079,43,4,2,1.0,1,38,210.0,16
201000032219,2010-12-13,45.188,5.74608,83,3,1,1.0,1,38,125.0,9
201000032226,2010-12-27,45.1704,5.73805,32,4,1,2.0,5,38,64.0,18
201000032535,2010-02-24,47.8042,1.07108,31,4,2,1.0,5,41,70.0,20
201000032588,2010-06-09,45.39474,4.30203,6,4,2,1.0,1,42,34.0,19
201000032618,2010-03-30,45.60767,4.06808,26,4,2,1.0,1,42,57.0,16
201000032621,2010-05-10,45.60105,4.09333,75,4,1,1.0,1,42,88.0,13
201000032644,2010-05-22,45.52187,4.5914,14,3,1,1.0,1,42,45.0,16
201000032653,2010-11-13,45.53314,4.63019,56,3,2,1.0,1,42,98.0,15
201000032656,2010-01-12,46.03462,4.07361,32,4,2,1.0,5,42,72.0,17
201000032659,2010-01-18,46.08482,4.06869,12,4,1,1.0,1,42,71.0,7
201000032663,2010-01-13,46.03865,4.06838,42,3,1,1.0,5,42,70.0,18
201000032681,2010-03-16,46.03693,4.07718,78,2,2,1.0,1,42,195.0,8
201000032694,2010-04-24,46.0398,4.05212,20,3,1,1.0,1,42,50.0,19
201000032702,2010-04-28,46.0492,4.05199,52,4,1,1.0,1,42,64.0,11
201000032708,2010-05-07,46.08087,4.06676,72,4,1,1.0,1,42,43.0,12
201000032725,2010-06-07,46.04065,4.07531,49,4,2,1.0,1,42,79.0,16
201000032727,2010-06-12,46.03604,4.06393,74,4,2,1.0,1,42,65.0,15
201000032746,2010-07-21,46.06428,4.05534,17,4,1,1.0,1,42,70.0,17
201000032748,2010-08-01,46.05329,4.093,22,4,1,1.0,1,42,78.0,12
201000032750,2010-08-05,46.05427,4.06419,21,4,1,1.0,5,42,82.0,22
201000032766,2010-09-20,46.03357,4.07806,51,4,1,1.0,1,42,50.0,8
201000032776,2010-10-08,46.03202,4.06827,15,4,1,1.0,1,42,40.0,17
201000032778,2010-10-14,46.0311,4.08535,41,3,2,1.0,1,42,65.0,8
201000032796,2010-11-11,46.07972,4.07315,65,3,1,1.0,1,42,81.0,14
201000032798,2010-11-13,46.03173,4.04824,77,4,1,1.0,1,42,70.0,16
201000032823,2010-12-29,46.06441,4.07867,16,4,1,1.0,1,42,79.0,8
201000032884,2010-02-25,45.43575,4.43802,42,4,1,1.0,1,42,60.0,14
201000032888,2010-03-03,45.47332,4.44015,21,4,1,1.0,1,42,60.0,12
201000032905,2010-03-30,45.47084,4.36354,22,1,1,2.0,1,42,78.0,9
201000032927,2010-04-23,45.44116,4.37416,56,4,1,1.0,1,42,78.0,17
201000032953,2010-05-24,45.4162,4.30066,66,4,2,1.0,1,42,69.0,11
201000032963,2010-06-01,45.44641,4.38656,21,4,2,1.0,1,42,76.0,20
201000032965,2010-06-03,45.46558,4.41134,51,3,1,1.0,1,42,160.0,18
201000032973,2010-06-12,45.43964,4.32924,66,4,1,1.0,1,42,60.0,8
201000032982,2010-06-24,45.41903,4.41148,21,4,1,1.0,1,42,60.0,16
201000033003,2010-07-29,45.41563,4.40655,38,4,1,1.0,1,42,30.0,15
201000033065,2010-11-02,45.41318,4.39045,26,3,1,1.0,5,42,30.0,23
201000033764,2010-03-16,47.97388,2.71897,77,3,2,1.0,1,45,50.0,9
201000033779,2010-04-26,47.97391,2.73339,37,4,2,1.0,1,45,55.0,12
201000033791,2010-05-31,48.00031,2.73925,6,4,2,1.0,1,45,35.0,17
201000033813,2010-09-10,47.99535,2.73066,13,4,1,1.0,1,45,45.0,16
201000033826,2010-10-13,47.98229,2.70596,18,4,1,1.0,5,45,50.0,7
201000033853,2010-01-21,47.89952,1.87293,33,4,2,5.0,3,45,87.0,7
201000033854,2010-01-21,47.90148,1.90552,19,4,1,1.0,1,45,47.0,12
201000033912,2010-05-10,47.8993,1.90412,19,4,1,1.0,1,45,28.0,11
201000033918,2010-05-25,47.91432,1.92973,60,4,1,1.0,1,45,46.0,14
201000033922,2010-06-02,47.89212,1.83403,31,4,2,1.0,1,45,45.0,20
201000033937,2010-06-28,47.90895,1.8994,33,4,2,1.0,1,45,30.0,8
201000033938,2010-06-28,47.88759,1.92629,45,3,2,1.0,1,45,55.0,18
201000033943,2010-07-05,47.90221,1.88934,48,4,2,1.0,1,45,71.0,12
201000033946,2010-07-08,47.89789,1.90616,15,4,1,1.0,1,45,60.0,22
201000033965,2010-08-24,47.92247,1.89378,33,4,2,1.0,2,45,60.0,20
201000033967,2010-08-27,47.92119,1.9056,71,3,1,1.0,1,45,80.0,9
201000033979,2010-09-11,47.91849,1.89347,8,4,1,1.0,1,45,67.0,15
201000033989,2010-09-24,47.93431,1.89625,29,3,2,1.0,1,45,142.0,15
201000034003,2010-10-08,47.91245,1.86498,13,3,1,1.0,1,45,69.0,16
201000034006,2010-10-11,47.93192,1.90999,52,3,1,1.0,1,45,71.0,19
201000034015,2010-10-25,47.91417,1.96425,40,3,2,1.0,2,45,55.0,17
201000034016,2010-10-26,47.92085,1.89662,58,4,1,1.0,1,45,49.0,7
201000034017,2010-10-26,47.91603,1.93097,76,4,1,1.0,1,45,58.0,9
201000034031,2010-11-17,47.89282,1.82579,11,3,2,1.0,1,45,55.0,12
201000034035,2010-11-25,47.8849,1.90449,12,3,1,2.0,1,45,81.0,15
201000034035,2010-11-25,47.8849,1.90449,12,1,1,2.0,1,45,81.0,15
201000034106,2010-08-24,44.1975,0.62038,53,4,1,1.0,1,47,86.0,20
201000034109,2010-09-01,44.1983,0.59578,81,3,2,1.0,1,47,62.0,16
201000034161,2010-09-13,44.52132,3.51525,14,3,1,1.0,1,48,48.0,16
201000034164,2010-01-04,47.459,-0.54716,66,4,1,1.0,1,49,61.0,13
201000034193,2010-02-03,47.4738,-0.5757,18,3,1,1.0,5,49,60.0,19
201000034227,2010-03-12,47.466,-0.54359,23,1,1,1.0,1,49,75.0,18
201000034230,2010-03-15,47.4633,-0.53208,23,4,2,1.0,1,49,60.0,7
201000034234,2010-03-18,47.4348,-0.52476,13,4,1,1.0,1,49,41.0,7
201000034246,2010-03-23,47.4322,-0.5289,60,4,1,1.0,1,49,70.0,10
201000034246,2010-03-23,47.4322,-0.5289,40,1,1,1.0,1,49,70.0,10
201000034252,2010-03-26,47.4647,-0.54099,50,4,1,1.0,1,49,52.0,16
201000034275,2010-04-20,47.4445,-0.51666,48,4,1,1.0,1,49,94.0,19
201000034277,2010-04-21,47.4308,-0.53868,16,4,1,1.0,1,49,35.0,16
201000034283,2010-04-28,47.4517,-0.53581,51,4,2,1.0,1,49,54.0,9
201000034287,2010-04-28,47.4724,-0.55454,16,1,1,1.0,1,49,39.0,17
201000034287,2010-04-28,47.4724,-0.55454,13,1,1,1.0,1,49,39.0,17
201000034287,2010-04-28,47.4724,-0.55454,52,4,2,1.0,1,49,39.0,17
201000034310,2010-05-20,47.4705,-0.56352,54,3,2,1.0,1,49,30.0,16
201000034312,2010-05-22,47.4893,-0.5198,61,4,1,1.0,1,49,15.0,14
201000034314,2010-05-21,47.4705,-0.55557,16,4,1,1.0,1,49,60.0,8
201000034315,2010-05-21,47.4549,-0.55243,58,4,2,1.0,1,49,61.0,15
201000034332,2010-06-10,47.4719,-0.56701,24,4,1,1.0,1,49,60.0,18
201000034337,2010-06-11,47.4723,-0.54625,61,4,2,1.0,1,49,90.0,16
201000034339,2010-06-14,47.4726,-0.49337,31,4,1,2.0,1,49,60.0,14
201000034340,2010-06-14,47.4733,-0.5955,19,4,2,1.0,1,49,60.0,17
201000034349,2010-06-21,47.4698,-0.56626,19,4,1,1.0,1,49,60.0,14
201000034352,2010-06-22,47.4582,-0.54476,77,3,2,1.0,1,49,60.0,17
201000034356,2010-06-25,47.4517,-0.53581,10,4,1,1.0,1,49,60.0,8
201000034357,2010-06-29,47.4536,-0.57233,14,4,1,1.0,1,49,60.0,14
201000034359,2010-06-29,47.4572,-0.53247,70,4,2,1.0,1,49,76.0,15
201000034368,2010-07-05,47.4637,-0.53817,31,4,2,1.0,1,49,60.0,19
201000034384,2010-07-19,47.4815,-0.57486,31,4,1,1.0,1,49,60.0,15
201000034393,2010-07-30,47.4999,-0.62168,15,4,1,1.0,1,49,90.0,15
201000034395,2010-08-02,47.4437,-0.49832,58,4,1,1.0,1,49,52.0,19
201000034401,2010-08-09,47.4579,-0.52274,41,4,1,1.0,1,49,52.0,18
201000034402,2010-08-10,47.448,-0.56699,10,4,1,8.0,1,49,54.0,14
201000034402,2010-08-10,47.448,-0.56699,10,4,1,8.0,1,49,54.0,14
201000034404,2010-08-13,47.4768,-0.5408,26,3,2,1.0,2,49,600.0,19
201000034407,2010-08-20,47.4412,-0.54112,60,4,1,1.0,1,49,50.0,8
201000034411,2010-08-29,47.4878,-0.57378,31,4,1,1.0,1,49,33.0,9
201000034415,2010-08-30,47.4731,-0.59981,18,4,2,1.0,1,49,65.0,14
201000034420,2010-09-02,47.4517,-0.53581,70,4,2,1.0,1,49,81.0,9
201000034421,2010-09-02,47.4619,-0.54844,50,4,2,1.0,1,49,75.0,16
201000034424,2010-08-28,47.475,-0.53418,26,4,2,1.0,1,49,20.0,13
201000034428,2010-08-30,47.453,-0.53872,18,1,1,1.0,1,49,70.0,7
201000034432,2010-09-07,47.4678,-0.55655,73,4,2,1.0,1,49,140.0,16
201000034438,2010-09-10,47.4812,-0.54303,15,4,1,1.0,1,49,74.0,16
201000034441,2010-09-11,47.4547,-0.53322,46,4,2,1.0,1,49,63.0,8
201000034450,2010-09-16,47.4649,-0.54905,20,4,2,1.0,1,49,80.0,17
201000034452,2010-09-19,47.4745,-0.5468,23,3,2,1.0,1,49,62.0,18
201000034455,2010-09-18,47.4743,-0.54636,55,4,1,1.0,1,49,80.0,12
201000034462,2010-09-20,47.4639,-0.53059,15,4,1,1.0,1,49,90.0,8
201000034467,2010-09-24,47.4729,-0.58347,17,4,1,1.0,1,49,75.0,10
201000034474,2010-09-27,47.4427,-0.48166,62,4,1,1.0,1,49,70.0,11
201000034474,2010-09-27,47.4427,-0.48166,43,1,2,1.0,1,49,70.0,11
201000034477,2010-09-29,47.4703,-0.53143,22,4,1,1.0,1,49,50.0,9
201000034483,2010-10-01,47.4582,-0.54476,20,4,2,1.0,1,49,65.0,9
201000034487,2010-10-03,47.4717,-0.55397,16,4,1,1.0,5,49,40.0,0
201000034493,2010-10-04,47.4197,-0.52353,70,4,2,8.0,1,49,55.0,15
201000034494,2010-10-05,47.434,-0.52269,52,4,1,2.0,5,49,60.0,7
201000034499,2010-10-05,47.4767,-0.59793,18,4,1,2.0,1,49,60.0,17
201000034511,2010-10-09,47.4762,-0.54508,19,4,1,1.0,1,49,65.0,12
201000034512,2010-10-10,47.4613,-0.53103,19,4,2,1.0,1,49,60.0,17
201000034513,2010-10-11,47.4767,-0.55038,28,4,2,1.0,1,49,60.0,15
201000034514,2010-10-11,47.4763,-0.56645,44,4,1,1.0,1,49,85.0,17
201000034515,2010-10-11,47.4734,-0.59018,37,4,1,1.0,1,49,85.0,17
201000034517,2010-10-12,47.472,-0.57488,18,4,1,1.0,1,49,75.0,18
201000034527,2010-10-20,47.4551,-0.53407,16,4,2,1.0,2,49,120.0,7
201000034529,2010-10-21,47.4527,-0.55955,45,4,1,1.0,2,49,70.0,8
201000034542,2010-11-01,47.4886,-0.53369,10,4,1,1.0,1,49,60.0,15
201000034544,2010-11-04,47.4751,-0.58723,56,4,2,2.0,2,49,50.0,8
201000034547,2010-11-05,47.4773,-0.52064,26,4,1,1.0,5,49,120.0,19
201000034559,2010-11-09,47.473,-0.55001,18,4,1,1.0,2,49,80.0,7
201000034575,2010-11-18,47.4714,-0.54697,19,4,1,1.0,5,49,151.0,21
201000034576,2010-11-18,47.4649,-0.54875,5,4,2,1.0,1,49,60.0,17
201000034584,2010-11-25,47.4576,-0.55411,38,4,1,8.0,1,49,66.0,8
201000034599,2010-12-03,47.4668,-0.54278,38,4,2,1.0,2,49,55.0,7
201000034606,2010-12-07,47.4676,-0.5561,61,4,2,3.0,5,49,120.0,17
201000034614,2010-12-09,47.4705,-0.56631,46,4,1,1.0,1,49,65.0,8
201000034625,2010-12-17,47.4692,-0.52543,19,4,2,1.0,1,49,60.0,9
201000034734,2010-05-14,47.2586,-0.07887,12,4,1,1.0,1,49,48.0,17
201000034738,2010-05-19,47.263,-0.07958,30,4,2,1.0,1,49,51.0,16
201000034745,2010-06-17,47.2431,-0.09433,16,3,2,2.0,1,49,106.0,7
201000034746,2010-06-20,47.2564,-0.07761,16,4,2,1.0,1,49,64.0,16
201000034769,2010-09-17,47.2603,-0.08901,16,4,2,1.0,2,49,80.0,7
201000034773,2010-09-21,47.2567,-0.08491,12,4,2,1.0,1,49,67.0,18
201000034841,2010-04-03,49.6347,-1.62583,22,4,2,1.0,3,50,60.0,1
201000034892,2010-06-28,49.6393,-1.60542,50,4,1,7.0,1,50,59.0,7
201000034893,2010-06-30,49.6507,-1.55362,64,3,1,1.0,1,50,46.0,13
201000034953,2010-10-15,49.6501,-1.58567,63,3,1,1.0,1,50,30.0,9
201000034985,2010-12-12,49.6392,-1.60548,47,3,1,1.0,1,50,58.0,11
201000034999,2010-07-28,49.0575,-1.43045,55,4,1,1.0,1,50,80.0,13
201000035023,2010-08-18,48.8522,-1.56211,15,3,1,1.0,1,50,65.0,14
201000035043,2010-06-30,49.1119,-1.06982,63,4,1,1.0,1,50,83.0,13
201000035060,2010-11-17,49.1155,-1.08308,54,4,2,1.0,1,50,97.0,15
201000035121,2010-02-25,49.2164,4.05112,46,4,1,2.0,1,51,120.0,8
201000035234,2010-04-22,48.1028,5.13478,60,4,2,1.0,1,52,78.0,15
201000035262,2010-06-05,48.6366,4.9557,52,3,1,1.0,1,52,66.0,8
201000035806,2010-04-24,48.6497,5.87004,17,2,1,1.0,1,54,105.0,14
201000035815,2010-09-23,48.6697,5.86588,21,4,1,1.0,1,54,65.0,17
201000035850,2010-05-28,48.77178,5.17056,70,3,1,1.0,1,55,91.0,11
201000038276,2010-05-31,48.4303,0.05333,35,4,1,1.0,1,61,60.0,8
201000038283,2010-08-25,48.4232,0.08961,35,2,1,1.0,1,61,48.0,14
201000038305,2010-08-06,48.7471,-0.03123,16,4,1,1.0,1,61,92.0,14
201000039367,2010-05-27,43.5243,-1.49338,67,4,1,1.0,1,64,70.0,14
201000039367,2010-05-27,43.5243,-1.49338,68,3,1,1.0,1,64,70.0,14
201000039407,2010-08-30,43.4842,-1.44726,66,3,1,1.0,1,64,70.0,14
201000039414,2010-09-20,43.4907,-1.47151,40,3,1,1.0,1,64,70.0,14
201000039534,2010-10-08,43.4457,-1.57635,24,4,2,1.0,1,64,60.0,11
201000039565,2010-01-11,43.3057,-0.37035,15,4,1,1.0,2,64,73.0,7
201000039583,2010-01-22,43.2981,-0.36486,40,4,1,1.0,1,64,91.0,16
201000039629,2010-03-15,43.3131,-0.41634,77,4,1,1.0,1,64,104.0,13
201000039633,2010-03-23,43.3165,-0.37484,20,4,2,1.0,1,64,60.0,8
201000039655,2010-04-27,43.2818,-0.36112,57,4,2,1.0,1,64,28.0,10
201000039723,2010-07-02,43.3008,-0.3618,54,3,1,1.0,1,64,92.0,17
201000039763,2010-08-31,43.3041,-0.36656,28,4,2,1.0,1,64,120.0,19
201000039845,2010-11-03,43.3074,-0.35659,14,4,2,2.0,2,64,90.0,7
201000039907,2010-12-21,43.2996,-0.40472,75,4,1,2.0,1,64,73.0,10
201000039946,2010-06-27,43.3723,-1.78083,45,4,1,1.0,1,64,112.0,8
201000040069,2010-07-06,43.371,-1.7729,58,4,1,1.0,1,64,33.0,12
201000040073,2010-08-06,43.359,-1.7311,73,2,1,1.0,1,64,80.0,19
201000040191,2010-08-04,43.2344,0.07274,17,1,1,1.0,1,65,42.0,12
201000040256,2010-01-08,42.71276,2.88585,26,3,1,1.0,1,66,35.0,12
201000040264,2010-01-21,42.69618,2.90628,33,4,2,1.0,1,66,80.0,7
201000040280,2010-03-03,42.69731,2.88773,49,4,1,3.0,1,66,720.0,14
201000040298,2010-04-02,42.69768,2.90418,13,4,1,1.0,1,66,80.0,14
201000040303,2010-04-09,42.69055,2.89902,27,4,2,1.0,1,66,80.0,17
201000040341,2010-06-04,42.69903,2.90613,47,4,1,1.0,1,66,100.0,18
201000040346,2010-06-07,42.69967,2.90255,40,3,1,1.0,1,66,70.0,18
201000040369,2010-08-09,42.69108,2.90013,70,3,1,1.0,1,66,106.0,17
201000040376,2010-08-13,42.71528,2.87315,66,3,1,1.0,3,66,60.0,22
201000040378,2010-08-21,42.68745,2.87136,72,4,1,1.0,1,66,26.0,9
201000040408,2010-10-05,42.71035,2.89034,58,4,1,1.0,1,66,110.0,11
201000040431,2010-11-16,42.67202,2.90497,39,4,1,1.0,1,66,118.0,8
201000041045,2010-01-16,48.07745,7.33597,76,3,1,1.0,1,68,72.0,10
201000041046,2010-01-16,48.07842,7.35996,13,1,1,1.0,1,68,120.0,14
201000041057,2010-03-26,48.08358,7.35633,40,4,1,1.0,5,68,120.0,20
201000041068,2010-05-19,48.06952,7.36047,19,3,1,1.0,1,68,126.0,15
201000041069,2010-05-18,48.07622,7.34748,30,4,1,1.0,1,68,120.0,12
201000041075,2010-05-31,48.09321,7.3553,38,4,1,1.0,1,68,70.0,17
201000041077,2010-05-28,48.07211,7.35368,29,1,1,1.0,1,68,80.0,20
201000041077,2010-05-28,48.07211,7.35368,69,4,2,1.0,1,68,80.0,20
201000041078,2010-06-17,48.0804,7.36373,82,4,1,1.0,1,68,80.0,15
201000041081,2010-06-26,48.08024,7.36448,69,4,2,1.0,1,68,105.0,13
201000041083,2010-07-22,48.07721,7.34791,15,1,1,1.0,1,68,140.0,16
201000041085,2010-07-30,48.07966,7.37356,65,2,1,1.0,1,68,88.0,11
201000041090,2010-09-05,48.08381,7.34761,14,4,1,1.0,1,68,140.0,18
201000041092,2010-09-06,48.08294,7.36308,19,3,1,1.0,1,68,160.0,18
201000041097,2010-09-20,48.07252,7.36056,12,4,1,1.0,1,68,120.0,12
201000041108,2010-11-02,48.08054,7.33526,29,4,2,1.0,5,68,110.0,18
201000041113,2010-12-22,48.08029,7.3817,47,3,1,1.0,1,68,124.0,15
201000041116,2010-05-27,47.90633,7.21311,10,3,2,1.0,1,68,50.0,13
201000041120,2010-09-28,47.90438,7.22189,51,3,1,1.0,1,68,72.0,14
201000041124,2010-01-12,47.75229,7.30341,51,3,1,8.0,5,68,100.0,5
201000041129,2010-01-25,47.74244,7.33928,26,1,1,1.0,5,68,60.0,17
201000041130,2010-01-21,47.7561,7.3425,86,3,1,1.0,1,68,78.0,11
201000041152,2010-03-19,47.7516,7.30919,58,3,1,1.0,1,68,120.0,13
201000041153,2010-03-29,47.75345,7.33628,80,4,1,1.0,1,68,138.0,14
201000041175,2010-06-07,47.75353,7.33193,14,4,1,1.0,1,68,64.0,18
201000041178,2010-06-25,47.77815,7.3287,40,3,2,7.0,1,68,32.0,7
201000041203,2010-09-27,47.71847,7.34472,66,3,1,1.0,1,68,64.0,14
201000041207,2010-10-01,47.73845,7.29528,58,3,2,1.0,5,68,172.0,21
201000041221,2010-11-17,47.75597,7.35052,74,3,1,1.0,1,68,60.0,13
201000041235,2010-07-28,47.58081,7.55291,44,3,1,3.0,1,68,100.0,12
201000041237,2010-10-11,47.59651,7.5647,41,3,1,1.0,1,68,49.0,8
201000041250,2010-11-05,47.80234,7.31686,14,4,2,1.0,1,68,80.0,12
201000041381,2010-10-21,45.6101,4.77823,39,4,1,1.0,1,69,68.0,8
201000041443,2010-09-21,45.6952,4.82601,48,4,1,1.0,5,69,80.0,21
201000042716,2010-09-02,49.48995,0.12595,27,3,1,1.0,4,76,315.0,0
201000043057,2010-10-28,49.41433,1.03776,12,3,2,9.0,1,76,50.0,12
201000043075,2010-11-24,49.4432,1.07789,19,4,1,8.0,5,76,50.0,20
201000043082,2010-10-11,49.45357,1.10444,37,4,1,1.0,5,76,100.0,6
201000043616,2010-06-07,48.9919,2.06001,60,2,1,1.0,1,78,70.0,16
201000043669,2010-03-23,48.7624,2.04427,73,2,1,1.0,1,78,60.0,10
201000043688,2010-07-01,48.7798,2.04364,13,4,1,1.0,1,78,63.0,18
201000043691,2010-07-12,48.7653,2.05937,12,4,1,1.0,1,78,70.0,16
201000043717,2010-03-23,48.9303,2.2025,12,4,1,1.0,1,78,48.0,13
201000043774,2010-05-19,48.9894,1.80895,13,4,1,1.0,1,78,60.0,12
201000043936,2010-04-07,48.8299,1.9954,81,4,1,1.0,1,78,70.0,17
201000043949,2010-06-08,48.8235,1.97587,12,4,2,1.0,1,78,54.0,19
201000043956,2010-07-08,48.8418,2.00705,57,4,2,1.0,1,78,48.0,10
201000043957,2010-07-19,48.8188,1.98693,14,4,1,1.0,1,78,56.0,17
201000043959,2010-08-27,48.8347,2.01061,12,4,1,1.0,1,78,60.0,14
201000043978,2010-01-30,48.9349,1.99956,46,4,1,1.0,5,78,67.0,19
201000043985,2010-03-29,48.9786,1.97129,15,4,1,2.0,1,78,46.0,8
201000044001,2010-06-16,48.9832,2.00483,72,3,1,1.0,1,78,40.0,15
201000044058,2010-05-30,48.9879,2.00785,32,4,1,1.0,1,78,50.0,19
201000044069,2010-07-23,48.9564,2.04264,67,3,1,1.0,1,78,90.0,10
201000044101,2010-04-18,48.623,1.82243,54,3,1,1.0,1,78,126.0,11
201000044160,2010-06-04,48.9009,2.06354,18,4,2,1.0,1,78,90.0,10
201000044161,2010-06-22,48.8997,2.08476,34,3,2,1.0,1,78,71.0,11
201000044194,2010-04-17,48.9374,2.15616,64,4,1,1.0,1,78,60.0,11
201000044198,2010-06-03,48.9304,2.16334,19,4,1,1.0,1,78,90.0,19
201000044253,2010-02-24,48.7698,2.14874,24,1,1,8.0,1,78,68.0,17
201000044256,2010-03-22,48.8038,2.16738,49,4,2,1.0,1,78,120.0,12
201000044274,2010-08-22,48.7649,2.16809,41,3,1,1.0,1,78,62.0,10
201000044288,2010-01-12,48.798,2.12751,17,1,1,1.0,1,78,40.0,17
201000044293,2010-03-04,48.8153,2.12856,50,3,2,1.0,1,78,140.0,16
201000044317,2010-06-11,48.8025,2.15295,15,4,1,1.0,1,78,110.0,14
201000044329,2010-08-19,48.8271,2.11634,5,3,2,1.0,1,78,140.0,16
201000044365,2010-02-03,48.898,2.1143,13,4,1,1.0,1,78,59.0,7
201000045818,2010-09-16,46.67145,-1.42312,13,4,2,1.0,1,85,100.0,7
201000045851,2010-07-13,46.50302,-1.78728,23,3,2,1.0,1,85,36.0,18
201000046128,2010-02-25,45.794,1.29533,20,4,1,3.0,5,87,60.0,18
201000046294,2010-07-10,45.7854,1.20807,55,4,1,1.0,1,87,60.0,9
201000046324,2010-08-03,45.9028,1.29652,64,4,1,1.0,1,87,60.0,16
201000046395,2010-09-26,45.8094,1.16306,18,4,1,1.0,1,87,60.0,13
201000046541,2010-04-08,48.1749,6.45244,61,3,1,2.0,1,88,106.0,9
201000046546,2010-05-17,48.1902,6.44849,56,3,1,1.0,1,88,80.0,10
201000046549,2010-06-23,48.1841,6.42646,6,3,1,1.0,1,88,50.0,13
201000046601,2010-08-08,48.2905,6.93985,9,3,1,1.0,1,88,57.0,18
201000046609,2010-11-09,48.287,6.94857,77,3,1,1.0,1,88,60.0,11
201000049974,2010-01-10,48.9567,2.47934,41,4,1,4.0,5,93,60.0,17
201000050379,2010-04-25,48.8964,2.47931,11,3,1,1.0,1,93,50.0,18
201000050594,2010-03-02,48.9282,2.43646,27,3,1,1.0,1,93,40.0,17
201000050611,2010-04-28,48.9218,2.45531,17,4,1,1.0,1,93,180.0,19
201000050619,2010-06-08,48.9192,2.46236,18,4,1,1.0,1,93,50.0,8
201000050622,2010-06-17,48.9226,2.4526,14,4,1,1.0,1,93,50.0,9
201000050799,2010-05-06,48.8842,2.53681,16,3,1,1.0,1,93,25.0,16
201000050992,2010-04-07,48.9235,2.54588,76,4,2,1.0,1,93,120.0,15
201000051090,2010-01-05,48.851,2.42312,19,3,2,1.0,2,93,60.0,8
201000051108,2010-03-13,48.8619,2.43695,55,4,1,1.0,5,93,60.0,20
201000051142,2010-06-23,48.8765,2.45464,16,3,1,1.0,1,93,40.0,18
201000051143,2010-06-25,48.8574,2.44007,30,4,2,1.0,1,93,60.0,15
201000051499,2010-03-10,48.9082,2.53391,48,4,1,1.0,1,93,60.0,13
201000051517,2010-05-21,48.9131,2.54827,64,4,1,1.0,1,93,40.0,11
201000051740,2010-04-27,48.9094,2.35854,9,3,2,1.0,1,93,80.0,18
201000052093,2010-04-01,48.9525,2.53008,19,4,2,1.0,1,93,80.0,16
201000052179,2010-05-08,48.7868,2.42583,10,4,1,2.0,5,94,48.0,21
201000052214,2010-02-01,48.7209,2.52529,46,4,1,1.0,1,94,60.0,14
201000052280,2010-09-22,48.7638,2.52468,13,4,1,1.0,1,94,60.0,15
201000052475,2010-05-11,48.8179,2.44273,29,3,2,2.0,1,94,80.0,14
201000052509,2010-09-21,48.8251,2.4061,55,4,2,1.0,1,94,60.0,8
201000052570,2010-04-08,48.8244,2.53432,17,3,1,1.0,1,94,75.0,16
201000052711,2010-07-21,48.7458,2.41029,55,4,1,2.0,1,94,42.0,9
201000052803,2010-04-18,48.7838,2.44727,9,3,2,1.0,1,94,60.0,18
201000052846,2010-06-25,48.7867,2.46892,55,4,2,1.0,1,94,120.0,18
201000052871,2010-08-20,48.7877,2.45059,17,4,2,1.0,1,94,120.0,15
201000052871,2010-08-20,48.7877,2.45059,1,4,2,1.0,1,94,120.0,15
201000053001,2010-02-05,48.8048,2.3252,27,4,1,2.0,2,94,120.0,7
201000053097,2010-07-08,48.8082,2.32638,40,4,1,1.0,1,94,120.0,7
201000053421,2010-07-20,48.8017,2.3792,24,4,1,1.0,1,94,200.0,11
201000053434,2010-09-22,48.819,2.37382,34,4,2,1.0,1,94,86.0,8
201000053436,2010-09-29,48.8216,2.39381,19,4,1,8.0,1,94,30.0,19
201000053570,2010-01-21,48.8426,2.4917,34,4,1,2.0,1,94,50.0,9
201000053604,2010-05-22,48.8201,2.47438,60,3,2,1.0,1,94,118.0,11
201000053625,2010-07-21,48.8201,2.47936,27,4,1,8.0,1,94,148.0,19
201000053641,2010-09-12,48.8492,2.50888,39,4,1,2.0,1,94,83.0,10
201000053642,2010-09-15,48.8421,2.5048,13,4,1,1.0,1,94,60.0,10
201000053684,2010-02-08,48.7981,2.48402,49,4,1,1.0,1,94,59.0,13
201000053686,2010-02-15,48.7954,2.47669,15,3,2,1.0,5,94,65.0,19
201000053701,2010-04-02,48.7891,2.47653,19,4,2,1.0,1,94,60.0,8
201000053706,2010-04-08,48.8053,2.48395,44,4,2,1.0,1,94,40.0,15
201000053710,2010-04-13,48.7992,2.47275,59,4,1,1.0,1,94,60.0,18
201000053717,2010-05-04,48.8005,2.51211,46,3,2,1.0,1,94,60.0,16
201000053730,2010-06-24,48.8108,2.48183,63,4,2,1.0,5,94,38.0,22
201000053732,2010-06-29,48.8043,2.48638,53,4,2,1.0,1,94,88.0,10
201000053733,2010-06-29,48.8096,2.49554,12,4,1,1.0,1,94,70.0,20
201000053796,2010-02-04,48.7573,2.45249,69,4,1,1.0,1,94,60.0,9
201000053819,2010-04-18,48.7479,2.4675,15,4,1,1.0,1,94,50.0,11
201000053964,2010-06-08,48.846,2.43087,16,4,1,1.0,1,94,30.0,14
201000054153,2010-01-30,48.9422,2.2333,47,4,2,4.0,1,95,58.0,10
201000054162,2010-02-11,48.9426,2.2431,20,4,1,8.0,1,95,199.0,12
201000054192,2010-04-11,48.9437,2.2513,12,1,1,1.0,1,95,120.0,15
201000054198,2010-04-19,48.9474,2.2566,40,1,1,1.0,1,95,66.0,16
201000054217,2010-05-06,48.9535,2.263,11,3,2,1.0,1,95,40.0,18
201000054220,2010-05-10,48.9452,2.2465,54,3,1,1.0,1,95,78.0,7
201000054227,2010-05-23,48.9523,2.2227,11,4,2,1.0,2,95,80.0,18
201000054261,2010-07-08,48.9462,2.248,76,4,1,1.0,1,95,107.0,15
201000054269,2010-07-15,48.9644,2.2045,10,4,1,1.0,1,95,56.0,18
201000054275,2010-07-22,48.9724,2.2556,27,4,1,1.0,1,95,62.0,19
201000054276,2010-07-26,48.9825,2.2405,11,4,1,1.0,1,95,24.0,16
201000054281,2010-07-30,48.9342,2.2348,23,4,1,1.0,1,95,90.0,18
201000054347,2010-11-10,48.9707,2.1988,37,4,1,2.0,2,95,90.0,7
201000054368,2010-12-06,48.9569,2.2799,52,1,1,8.0,2,95,50.0,8
201000054422,2010-05-25,49.0409,2.1129,11,4,1,1.0,1,95,35.0,18
201000054431,2010-08-21,49.0529,2.1176,35,3,1,1.0,1,95,60.0,19
201000054445,2010-11-19,49.0449,2.02619,33,3,1,8.0,5,95,70.0,17
201000054452,2010-05-20,49.0359,2.0812,60,4,1,1.0,1,95,100.0,6
201000054454,2010-10-20,49.0496,2.0131,29,4,2,1.0,1,95,35.0,13
201000054477,2010-09-06,48.9766,2.3541,14,4,1,1.0,1,95,80.0,11
201000054680,2010-09-05,48.987,2.1792,6,4,1,1.0,1,95,31.0,18
201000054699,2010-02-12,49.1389,2.2914,13,3,1,1.0,1,95,60.0,8
201000054707,2010-07-21,49.1137,2.2139,48,3,1,1.0,1,95,70.0,13
201000054709,2010-09-04,49.1103,2.2255,48,4,1,1.0,1,95,76.0,16
201000054774,2010-01-08,49.0206,2.2216,48,4,1,8.0,1,95,80.0,16
201000054785,2010-04-09,49.0199,2.2026,62,4,2,1.0,1,95,60.0,18
201000054808,2010-09-20,49.0112,2.2144,16,4,1,1.0,1,95,100.0,18
201000062968,2010-10-03,48.83464,2.43893,32,1,1,1.0,1,75,50.0,18
201000062968,2010-10-03,48.83464,2.43893,8,4,1,1.0,1,75,50.0,18
201100000004,2011-09-22,50.51861,2.93043,40,4,1,1.0,1,59,58.0,15
201100000004,2011-09-22,50.51861,2.93043,31,3,1,1.0,1,59,58.0,15
201100000020,2011-01-27,50.55818,3.13667,37,3,2,1.0,5,59,60.0,18
201100000022,2011-09-01,50.55448,3.1266,16,3,1,1.0,2,59,60.0,19
201100000035,2011-04-23,50.96744,2.23993,46,3,1,1.0,1,59,52.0,11
201100000044,2011-08-15,50.89535,2.3468,5,3,1,1.0,1,59,45.0,13
201100000060,2011-05-11,50.78713,2.67061,55,3,1,1.0,1,59,52.0,14
201100000098,2011-01-22,50.72196,3.02526,46,3,1,1.0,1,59,51.0,11
201100000099,2011-05-31,50.68509,2.97949,41,3,1,1.0,1,59,34.0,13
201100000188,2011-09-07,50.4773,3.24602,24,4,1,1.0,1,59,80.0,19
201100000202,2011-10-01,50.25797,3.65474,41,3,1,7.0,1,59,70.0,18
201100000283,2011-07-12,50.648,2.853,79,3,1,8.0,1,62,64.0,10
201100000348,2011-08-02,50.696,2.362,47,3,2,7.0,1,62,80.0,10
201100000387,2011-04-24,50.36,2.268,5,3,1,1.0,1,62,65.0,15
201100000766,2011-08-04,49.309,3.214,55,4,1,1.0,1,02,52.0,10
201100000774,2011-12-05,49.24686,3.08732,55,3,1,3.0,5,02,70.0,17
201100001123,2011-09-16,49.87928,1.21897,43,1,1,1.0,1,76,47.0,16
201100001148,2011-04-05,49.4577,0.82032,49,3,1,1.0,1,76,52.0,17
201100001219,2011-04-12,49.491,1.613,58,2,2,1.0,1,76,60.0,9
201100001378,2011-12-23,49.3146,1.60332,49,2,1,3.0,3,27,68.0,20
201100001378,2011-12-23,49.3146,1.60332,55,4,2,3.0,3,27,68.0,20
201100001439,2011-04-25,49.2322,1.07332,37,3,1,1.0,1,27,50.0,15
201100001452,2011-04-13,49.1438,0.90254,17,3,1,1.0,1,27,60.0,10
201100001469,2011-06-13,49.3783,0.56077,60,3,1,1.0,2,27,67.0,8
201100001477,2011-03-30,49.3586,0.68874,17,2,1,2.0,1,27,60.0,17
201100001497,2011-05-24,48.02107,-1.72154,16,2,1,1.0,2,35,62.0,19
201100001514,2011-04-10,48.249,-2.003,7,3,1,1.0,1,35,64.0,16
201100001521,2011-08-22,48.279,-2.03399,58,2,1,2.0,1,35,60.0,19
201100001529,2011-12-11,48.152,-2.235,51,3,1,8.0,1,35,46.0,12
201100001667,2011-11-19,48.548,-1.56,16,1,2,1.0,1,35,60.0,9
201100001667,2011-11-19,48.548,-1.56,17,3,2,1.0,1,35,60.0,9
201100001713,2011-08-02,47.983,-1.571,17,3,1,1.0,1,35,67.0,18
201100001743,2011-04-15,48.43268,-2.53772,8,3,1,1.0,1,22,75.0,18
201100001755,2011-03-17,48.34331,-2.77522,66,3,1,1.0,1,22,64.0,18
201100001766,2011-08-04,48.141,-2.699,15,3,1,1.0,1,22,58.0,18
201100001774,2011-12-12,48.175,-2.753,84,2,1,7.0,1,22,85.0,11
201100001814,2011-06-19,48.44235,-2.23109,47,3,1,1.0,1,22,59.0,12
201100001818,2011-07-22,48.453,-2.007,62,4,1,1.0,1,22,69.0,16
201100001818,2011-07-22,48.453,-2.007,58,3,2,1.0,1,22,69.0,16
201100001841,2011-02-12,48.53243,-2.05619,26,4,1,1.0,1,22,37.0,13
201100001843,2011-03-25,48.58,-2.14,82,3,2,1.0,1,22,79.0,9
201100001854,2011-08-15,48.64,-2.409,58,3,1,1.0,1,22,62.0,18
201100001920,2011-08-20,48.7572,-3.27886,24,3,1,1.0,1,22,80.0,11
201100001927,2011-11-27,48.785,-3.183,45,2,1,1.0,1,22,73.0,12
201100001951,2011-05-01,48.08407,-4.31361,11,3,1,1.0,1,29,60.0,16
201100001954,2011-10-27,48.09394,-4.34129,40,3,1,8.0,1,29,30.0,16
201100001974,2011-12-09,47.8842,-4.00635,81,3,1,1.0,3,29,60.0,17
201100001980,2011-05-04,47.82141,-4.2587,48,3,1,1.0,1,29,65.0,14
201100002014,2011-05-04,48.61612,-4.5133,19,3,1,1.0,1,29,40.0,14
201100002034,2011-09-23,48.25884,-4.08122,13,3,1,1.0,1,29,65.0,18
201100002037,2011-10-29,48.19161,-4.17268,55,3,1,1.0,1,29,64.0,9
201100002081,2011-03-29,48.5583,-3.87984,11,3,1,1.0,1,29,62.0,17
201100002082,2011-04-29,48.53434,-3.87301,56,3,1,1.0,3,29,73.0,22
201100002087,2011-04-17,48.68211,-3.97044,44,3,1,1.0,1,29,46.0,18
201100002107,2011-09-10,47.65607,-2.86714,33,4,1,1.0,1,56,65.0,9
201100002107,2011-09-10,47.65607,-2.86714,30,4,1,1.0,1,56,65.0,9
201100002114,2011-11-12,47.6584,-2.85076,10,3,1,1.0,5,56,50.0,18
201100002122,2011-07-23,47.63555,-2.1208,41,3,1,1.0,1,56,70.0,19
201100002167,2011-04-30,47.63464,-2.91487,21,4,1,1.0,1,56,49.0,17
201100002167,2011-04-30,47.63464,-2.91487,20,4,1,1.0,1,56,49.0,17
201100002195,2011-07-22,47.48102,-3.11831,30,4,2,1.0,1,56,75.0,20
201100002205,2011-01-19,47.933,-3.3443,20,3,1,1.0,3,56,50.0,18
201100002279,2011-07-26,47.78936,-2.4624,63,3,1,1.0,1,56,30.0,11
201100002324,2011-08-01,48.03108,-3.08969,9,3,1,1.0,1,56,42.0,18
201100002369,2011-06-12,49.3033,-0.35659,79,3,1,1.0,1,14,43.0,8
201100002386,2011-03-23,49.0868,-0.19118,12,3,1,1.0,1,14,26.0,14
201100002387,2011-03-28,48.9808,-0.21362,52,3,1,1.0,1,14,27.0,10
201100002409,2011-03-22,49.271,-0.159,42,3,2,1.0,1,14,43.0,15
201100002459,2011-04-20,49.0292,-0.02636,59,3,1,1.0,1,14,70.0,15
201100002466,2011-08-19,49.077,-0.07,65,3,1,1.0,1,14,60.0,9
201100002573,2011-04-16,48.7392,2.36359,68,4,2,1.0,1,94,50.0,15
201100002607,2011-09-05,48.725,-1.424,58,2,1,1.0,1,50,57.0,15
201100002621,2011-09-13,48.557,-1.49,58,3,1,1.0,1,50,62.0,16
201100002695,2011-05-12,49.194,-1.572,12,3,1,1.0,1,50,50.0,19
201100002702,2011-10-22,49.183,-1.37,60,3,1,1.0,1,50,70.0,11
201100003081,2011-08-31,47.425,-1.881,62,3,1,1.0,1,44,60.0,9
201100003097,2011-11-30,47.48,-1.722,72,3,1,1.0,1,44,50.0,12
201100003109,2011-02-24,47.686,-1.611,64,3,1,1.0,1,44,53.0,15
201100003110,2011-03-12,47.668,-1.604,71,3,1,1.0,1,44,67.0,17
201100003176,2011-03-01,47.226,-1.688,42,3,2,1.0,1,44,70.0,15
201100003197,2011-04-20,47.339,-2.312,53,3,1,1.0,1,44,36.0,12
201100003209,2011-08-20,47.374,-2.409,69,3,2,1.0,1,44,60.0,8
201100003230,2011-11-20,47.374,-2.196,61,3,1,1.0,1,44,60.0,10
201100003236,2011-04-04,47.435,-2.11,15,3,1,1.0,1,44,32.0,16
201100003292,2011-07-15,47.27306,-0.52246,19,3,1,1.0,1,49,48.0,18
201100003321,2011-12-10,47.52033,-0.47398,47,3,1,1.0,1,49,50.0,11
201100003332,2011-11-13,47.35772,-0.86057,36,3,1,1.0,5,49,61.0,21
201100003363,2011-06-15,47.01532,-0.74425,62,3,1,1.0,1,49,60.0,8
201100003367,2011-09-22,47.10995,-1.12308,71,2,2,1.0,1,49,70.0,15
201100003369,2011-10-11,47.07052,-1.02409,64,3,1,1.0,1,49,60.0,17
201100003382,2011-10-14,47.36522,-0.96448,73,3,1,1.0,1,49,64.0,14
201100003397,2011-06-11,47.13525,-0.57798,59,3,2,1.0,1,49,45.0,13
201100003435,2011-04-13,47.15348,-0.24974,19,3,1,1.0,1,49,57.0,15
201100003438,2011-04-28,47.214,-0.06876,16,3,1,1.0,1,49,45.0,19
201100003463,2011-02-19,47.58012,-0.85457,50,3,1,1.0,1,49,57.0,18
201100003463,2011-02-19,47.58012,-0.85457,23,2,2,1.0,1,49,57.0,18
201100003481,2011-08-16,47.60165,-0.45827,17,3,1,1.0,1,49,56.0,13
201100003508,2011-09-22,48.15568,-0.3505,25,3,1,5.0,3,53,63.0,7
201100003536,2011-09-23,47.85222,-0.94462,84,3,2,7.0,1,53,54.0,18
201100003563,2011-08-25,48.41874,-0.8993,86,2,1,1.0,1,53,65.0,11
201100003566,2011-11-19,48.42385,-1.06354,56,3,1,7.0,1,53,60.0,15
201100003572,2011-05-03,48.37834,-0.53175,21,3,1,1.0,1,53,99.0,13
201100003591,2011-06-07,48.481,-0.155,54,4,1,1.0,1,53,75.0,11
201100003680,2011-12-05,47.932,-0.028,44,3,1,1.0,3,72,57.0,17
201100003796,2011-04-14,46.67491,-1.04709,62,3,1,1.0,1,85,40.0,11
201100003928,2011-06-24,46.71608,-2.32321,18,2,2,1.0,1,85,37.0,16
201100003928,2011-06-24,46.71608,-2.32321,18,1,1,1.0,1,85,37.0,16
201100004082,2011-05-06,44.577,-0.249,47,1,1,1.0,1,33,68.0,16
201100004082,2011-05-06,44.577,-0.249,65,3,2,1.0,1,33,68.0,16
201100004123,2011-07-03,44.62,-0.411,57,3,1,1.0,1,33,56.0,9
201100004123,2011-07-03,44.62,-0.411,39,4,1,1.0,1,33,56.0,9
201100004147,2011-04-03,44.395,-0.038,9,3,1,1.0,1,33,120.0,13
201100004303,2011-07-02,45.533,0.056,59,4,2,1.0,1,24,60.0,15
201100004303,2011-07-02,45.533,0.056,61,1,1,1.0,1,24,60.0,15
201100004351,2011-05-29,44.83,0.7,48,3,1,1.0,1,24,69.0,10
201100004366,2011-08-25,44.416,0.374,61,3,1,1.0,1,24,65.0,17
201100004665,2011-04-12,44.1854,0.58053,11,3,1,1.0,1,47,43.0,16
201100004676,2011-09-06,44.2546,0.63947,57,3,1,1.0,1,47,71.0,8
201100004677,2011-09-12,44.2506,0.651,35,3,1,1.0,1,47,71.0,17
201100004679,2011-09-18,44.1468,0.65942,20,3,1,1.0,3,47,67.0,23
201100004694,2011-09-04,44.33,0.45255,70,3,1,1.0,1,47,54.0,10
201100004757,2011-11-11,44.2866,0.28022,13,4,1,1.0,1,47,46.0,15
201100004764,2011-07-19,44.3981,0.79761,21,3,1,2.0,1,47,74.0,20
201100004805,2011-10-11,44.3861,0.49639,13,2,1,1.0,1,47,59.0,17
201100004811,2011-03-27,43.2297,-0.38869,53,3,2,1.0,1,64,75.0,16
201100004872,2011-06-25,43.356,-1.5677,45,3,1,1.0,1,64,55.0,11
201100004876,2011-08-23,43.3807,-1.60877,43,4,2,1.0,1,64,58.0,16
201100004877,2011-09-02,43.3148,-1.56126,60,3,1,2.0,1,64,64.0,17
201100004907,2011-08-04,43.052,-1.057,68,3,1,1.0,1,64,60.0,13
201100004908,2011-08-09,43.105,-0.835,56,4,1,1.0,1,64,65.0,10
201100004908,2011-08-09,43.105,-0.835,55,3,2,1.0,1,64,65.0,10
201100004978,2011-07-12,46.226,0.206,10,3,2,1.0,1,86,28.0,19
201100005028,2011-09-03,46.82,0.414,14,3,1,1.0,1,86,45.0,15
201100005054,2011-10-08,46.809,0.089,67,3,1,1.0,1,86,53.0,16
201100005054,2011-10-08,46.809,0.089,53,1,2,1.0,1,86,53.0,16
201100005122,2011-11-19,45.6135,-0.0409,52,3,1,1.0,1,16,37.0,10
201100005127,2011-04-14,45.9451,0.786,79,2,1,1.0,1,16,47.0,12
201100005146,2011-04-13,45.6298,0.0186,7,3,1,1.0,1,16,40.0,18
201100005219,2011-10-14,46.211,-1.446,63,3,2,1.0,1,17,46.0,14
201100005623,2011-04-08,45.8376,0.84163,54,3,1,1.0,1,87,60.0,18
201100005642,2011-02-23,45.0937,1.93101,52,4,2,2.0,1,19,136.0,18
201100005677,2011-10-05,45.1441,1.32547,53,2,1,1.0,1,19,66.0,15
201100005736,2011-09-01,46.289,1.565,16,3,1,1.0,1,23,36.0,16
201100005766,2011-07-02,43.66339,1.6072,56,3,1,1.0,1,31,61.0,11
201100005766,2011-07-02,43.66339,1.6072,53,3,2,1.0,1,31,61.0,11
201100005873,2011-11-18,43.4705,1.25418,70,3,1,1.0,1,31,60.0,16
201100005894,2011-10-14,43.20639,1.22831,74,3,2,1.0,1,31,60.0,11
201100005920,2011-07-01,43.0071,0.62289,33,3,1,1.0,1,31,61.0,16
201100005965,2011-07-31,43.16395,1.40051,57,2,1,1.0,1,09,48.0,18
201100005969,2011-05-29,42.91567,1.80761,75,4,1,7.0,1,09,104.0,10
201100005990,2011-06-26,43.08115,1.62406,65,3,1,1.0,1,09,60.0,9
201100006137,2011-11-08,43.735,0.872,69,4,1,1.0,1,32,60.0,16
201100006150,2011-05-30,43.454,0.873,51,2,2,1.0,1,32,56.0,16
201100006157,2011-10-03,43.598,0.731,71,1,2,1.0,1,32,70.0,13
201100006157,2011-10-03,43.598,0.731,74,3,1,1.0,1,32,70.0,13
201100006157,2011-10-03,43.598,0.731,71,4,1,1.0,1,32,70.0,13
201100006157,2011-10-03,43.598,0.731,66,4,1,1.0,1,32,70.0,13
201100006157,2011-10-03,43.598,0.731,60,4,1,1.0,1,32,70.0,13
201100006188,2011-10-12,43.963,0.371,7,4,1,1.0,1,32,45.0,13
201100006199,2011-04-19,43.906,-0.197,10,4,1,1.0,1,32,56.0,18
201100006208,2011-06-15,43.957,-0.034,24,4,1,1.0,1,32,65.0,18
201100006260,2011-09-30,43.496,0.593,77,3,1,1.0,1,32,71.0,10
201100006273,2011-05-18,43.399,0.347,9,3,2,1.0,1,32,60.0,11
201100006308,2011-08-12,44.549,1.068,80,3,1,1.0,1,46,45.0,10
201100006343,2011-07-28,44.826,1.476,61,3,1,1.0,1,46,120.0,18
201100006363,2011-08-01,44.947,1.677,37,3,1,1.0,1,46,64.0,18
201100006403,2011-08-12,42.977,-0.026,72,3,1,1.0,1,65,62.0,11
201100006449,2011-07-11,43.705,2.13602,17,3,1,1.0,3,81,35.0,22
201100006453,2011-04-08,43.7144,2.73555,50,3,1,1.0,1,81,64.0,18
201100006509,2011-08-20,43.9913,1.71448,53,2,1,1.0,1,81,38.0,10
201100006581,2011-09-11,44.076,1.537,46,3,1,1.0,1,82,76.0,10
201100006829,2011-06-08,46.151,4.539,13,4,1,1.0,1,69,34.0,13
201100006930,2011-08-19,46.342,5.136,60,4,2,1.0,1,01,59.0,13
201100007024,2011-07-15,46.063,5.157,47,2,1,1.0,1,01,52.0,10
201100007025,2011-07-23,46.104,5.137,12,3,1,1.0,1,01,53.0,13
201100007046,2011-02-05,45.833,4.977,62,3,1,1.0,1,01,131.0,16
201100007061,2011-05-25,45.987,4.871,7,3,2,1.0,1,01,38.0,11
201100007239,2011-06-18,44.753,5.382,64,3,2,1.0,1,26,90.0,15
201100007389,2011-01-19,45.077,4.835,77,2,1,1.0,1,26,81.0,9
201100007451,2011-11-25,49.36491,3.33867,34,4,2,1.0,1,02,59.0,9
201100007513,2011-09-02,45.142,5.588,60,3,1,7.0,1,38,112.0,14
201100007571,2011-08-10,45.1247,5.28021,47,3,1,1.0,1,38,60.0,16
201100007594,2011-11-20,45.244,5.403,67,3,2,1.0,1,38,50.0,15
201100007729,2011-11-18,45.402,5.142,48,3,1,5.0,3,38,61.0,6
201100007779,2011-10-26,45.323,4.776,12,4,1,1.0,1,38,66.0,17
201100007802,2011-02-17,45.50638,4.30063,60,4,1,1.0,1,42,60.0,17
201100007822,2011-01-15,45.52884,4.25979,47,3,1,1.0,1,42,76.0,15
201100007839,2011-04-17,45.73657,4.2251,9,3,2,1.0,1,42,105.0,18
201100007872,2011-08-18,45.54284,4.33203,15,3,1,1.0,1,42,53.0,15
201100007872,2011-08-18,45.54284,4.33203,13,3,1,1.0,1,42,53.0,15
201100007908,2011-10-04,45.99308,4.10609,54,4,2,1.0,1,42,65.0,16
201100007944,2011-04-10,45.68112,5.894,46,3,2,1.0,1,73,70.0,17
201100007964,2011-05-24,45.8,5.812,36,3,1,1.0,1,73,40.0,13
201100007994,2011-08-05,45.55095,6.20288,75,3,1,1.0,1,73,65.0,10
201100008006,2011-05-29,45.657,6.34,43,3,1,7.0,1,73,132.0,9
201100008006,2011-05-29,45.657,6.34,55,4,1,7.0,1,73,132.0,9
201100008012,2011-09-01,45.59417,6.44724,46,3,1,1.0,1,73,84.0,11
201100008040,2011-10-27,45.673,6.948,39,3,1,1.0,5,73,117.0,2
201100008077,2011-10-22,45.19905,6.66969,13,3,2,1.0,1,73,35.0,18
201100008077,2011-10-22,45.19905,6.66969,8,1,1,1.0,1,73,35.0,18
201100008253,2011-08-22,46.234,6.793,35,3,1,8.0,2,74,45.0,20
201100008318,2011-04-17,45.75,3.328,36,3,1,1.0,1,63,71.0,17
201100008321,2011-06-09,45.77907,3.3584,43,4,1,1.0,1,63,60.0,16
201100008343,2011-06-26,45.8402,3.23201,58,3,2,1.0,1,63,59.0,11
201100008364,2011-07-24,45.654,3.263,17,3,1,1.0,1,63,45.0,10
201100008364,2011-07-24,45.654,3.263,36,4,1,1.0,1,63,45.0,10
201100008364,2011-07-24,45.654,3.263,43,3,1,1.0,1,63,45.0,10
201100008364,2011-07-24,45.654,3.263,63,4,1,1.0,1,63,45.0,10
201100008511,2011-09-03,46.558,3.27,45,3,1,1.0,1,03,67.0,12
201100008590,2011-04-01,46.066,3.505,41,3,1,1.0,1,03,50.0,9
201100008629,2011-07-17,46.244,3.518,75,3,2,1.0,1,03,60.0,16
201100008663,2011-07-08,45.123,2.281,16,2,2,1.0,1,15,40.0,15
201100008665,2011-09-15,45.268,2.361,65,3,1,1.0,1,15,75.0,12
201100008716,2011-08-01,44.987,4.229,60,3,1,1.0,1,43,47.0,10
201100008726,2011-09-16,45.061,3.916,57,3,1,1.0,1,43,40.0,18
201100008789,2011-04-08,45.411,3.325,60,3,1,7.0,1,43,60.0,9
201100009102,2011-05-25,48.59539,6.15276,52,3,1,1.0,1,54,68.0,19
201100009107,2011-06-26,48.629,6.045,62,3,1,1.0,1,54,58.0,18
201100009122,2011-06-14,48.98755,6.02299,72,3,1,1.0,1,54,73.0,19
201100009273,2011-04-16,48.729,5.227,12,3,1,1.0,1,55,40.0,15
201100009302,2011-05-03,49.45636,5.17607,8,3,2,1.0,1,55,40.0,16
201100009309,2011-07-13,49.2747,5.28077,53,3,2,1.0,1,55,58.0,17
201100009315,2011-06-08,49.20863,5.37652,11,3,1,1.0,1,55,68.0,14
201100009362,2011-06-03,48.34493,6.29997,54,3,1,1.0,1,88,80.0,11
201100009372,2011-02-17,48.1225,6.02611,65,3,1,1.0,1,88,61.0,17
201100009378,2011-06-11,48.05958,5.75429,24,3,2,1.0,1,88,61.0,14
201100009389,2011-03-12,48.23883,6.43497,60,3,1,1.0,1,88,60.0,11
201100009425,2011-12-20,48.29042,6.12875,34,3,1,4.0,5,88,73.0,7
201100009427,2011-01-22,48.19556,5.94723,73,3,1,1.0,1,88,62.0,8
201100009434,2011-03-22,48.11218,6.55203,74,3,2,1.0,1,88,67.0,15
201100009443,2011-03-23,48.018,6.716,80,3,1,1.0,1,88,50.0,10
201100009488,2011-05-07,48.07351,6.83226,63,3,1,1.0,1,88,74.0,11
201100009495,2011-04-05,48.40068,6.83528,69,3,1,1.0,1,88,56.0,19
201100009572,2011-06-10,48.575,7.429,7,3,1,8.0,2,67,60.0,19
201100009613,2011-05-18,48.918,7.317,13,3,1,1.0,1,67,45.0,15
201100009629,2011-11-10,48.737,7.71,13,3,1,8.0,1,67,66.0,8
201100009656,2011-08-31,48.665,7.606,40,3,1,1.0,1,67,109.0,17
201100009708,2011-10-28,48.129,7.57,66,2,1,1.0,1,67,66.0,15
201100009721,2011-11-17,48.933,8.10399,50,3,1,1.0,3,67,64.0,17
201100009733,2011-10-14,48.899,7.938,40,3,1,1.0,1,67,57.0,11
201100009747,2011-03-04,48.06091,7.42143,73,3,1,1.0,1,68,55.0,16
201100009752,2011-08-13,48.05105,7.40109,53,4,2,1.0,1,68,65.0,12
201100009766,2011-06-03,47.98894,7.06916,72,3,1,1.0,1,68,60.0,13
201100009766,2011-06-03,47.98894,7.06916,67,3,1,1.0,1,68,60.0,13
201100009785,2011-05-23,48.01125,7.53417,67,2,1,1.0,1,68,62.0,11
201100009789,2011-09-27,48.02539,7.53349,58,4,2,1.0,1,68,64.0,15
201100009815,2011-10-18,48.02671,7.31775,51,2,1,1.0,3,68,60.0,19
201100009816,2011-10-21,48.06916,7.30066,35,3,1,8.0,1,68,140.0,7
201100009845,2011-07-29,47.53586,7.2652,26,3,1,1.0,1,68,60.0,18
201100009850,2011-03-15,47.86198,7.3717,63,3,1,1.0,1,68,70.0,10
201100009867,2011-08-17,47.78407,7.35086,73,3,1,1.0,1,68,50.0,19
201100009873,2011-12-03,47.6957,7.29791,65,3,2,8.0,1,68,59.0,10
201100009900,2011-07-12,47.79443,7.17194,65,3,1,1.0,1,68,95.0,12
201100009995,2011-09-24,48.72565,3.70549,42,4,1,1.0,1,51,82.0,15
201100010038,2011-09-02,48.72595,4.58028,74,4,1,1.0,1,51,65.0,9
201100010045,2011-10-25,48.72998,4.57171,45,2,1,1.0,1,51,78.0,14
201100010064,2011-06-01,49.03607,4.69364,12,2,1,7.0,1,51,58.0,17
201100010077,2011-06-01,49.8815,4.73011,63,4,1,1.0,1,08,65.0,16
201100010104,2011-12-02,49.8911,4.38854,77,3,2,1.0,1,08,40.0,9
201100010146,2011-07-13,49.505,4.363,18,3,1,1.0,1,08,65.0,14
201100010154,2011-06-30,49.4704,4.11476,64,3,1,1.0,1,08,78.0,19
201100010158,2011-12-02,49.4685,4.08988,73,3,1,7.0,1,08,53.0,15
201100010240,2011-04-08,48.074,4.477,13,4,1,7.0,1,10,44.0,18
201100010274,2011-09-26,47.96754,5.20146,77,3,1,1.0,1,52,45.0,14
201100010353,2011-09-21,48.49493,4.91601,68,3,1,1.0,1,52,64.0,14
201100010374,2011-02-19,47.2215,5.12967,57,3,2,1.0,1,21,105.0,14
201100010375,2011-03-26,47.2279,5.19321,38,3,1,8.0,1,21,65.0,15
201100010414,2011-09-12,47.5128,5.10892,48,3,1,1.0,1,21,70.0,13
201100010421,2011-03-23,47.0627,4.84313,14,4,1,1.0,1,21,70.0,17
201100010479,2011-11-02,47.3939,4.34853,13,2,1,1.0,1,21,74.0,12
201100010516,2011-07-21,47.069,3.793,28,3,1,1.0,1,58,34.0,11
201100010672,2011-11-19,46.488,3.977,37,3,1,1.0,1,71,159.0,12
201100010673,2011-12-23,46.493,3.998,66,3,1,1.0,1,71,70.0,16
201100010852,2011-03-03,47.981,3.349,24,4,1,1.0,3,89,108.0,0
201100010939,2011-07-25,47.18,5.973,73,3,1,1.0,1,25,70.0,11
201100010945,2011-10-02,47.227,6.119,68,3,1,1.0,1,25,57.0,11
201100010992,2011-08-08,47.327,6.817,65,3,2,8.0,1,25,60.0,14
201100011295,2011-11-07,47.556,7.076,65,3,1,2.0,2,90,50.0,16
201100011621,2011-07-28,43.837,6.483,65,3,1,1.0,1,04,61.0,11
201100011706,2011-08-13,44.92766,6.59929,53,3,1,1.0,1,05,70.0,8
201100011726,2011-03-19,43.841,7.295,63,3,1,1.0,1,06,40.0,11
201100011729,2011-08-22,43.871,7.294,12,3,1,1.0,1,06,56.0,8
201100012181,2011-04-29,43.936,5.065,26,4,1,1.0,1,84,80.0,11
201100012189,2011-12-06,43.937,5.066,56,4,1,1.0,5,84,43.0,18
201100012383,2011-10-02,43.937,4.142,11,3,1,1.0,1,34,80.0,13
201100012388,2011-03-12,43.67747,4.12185,37,4,1,1.0,1,34,41.0,11
201100012479,2011-09-06,43.50853,3.3663,66,3,1,1.0,1,34,60.0,10
201100012510,2011-05-13,43.27329,3.28468,79,3,1,1.0,1,34,40.0,8
201100012573,2011-07-06,43.45797,3.69794,45,3,1,1.0,1,34,87.0,17
201100012712,2011-08-01,43.55179,4.11632,40,3,1,1.0,1,30,72.0,11
201100012725,2011-04-19,43.79331,4.11876,14,3,2,1.0,1,30,57.0,18
201100012733,2011-08-12,43.80996,4.24504,16,3,1,1.0,1,30,80.0,19
201100012814,2011-12-15,44.1991,4.00947,65,3,1,1.0,1,30,40.0,15
201100012848,2011-06-25,44.27876,3.99794,14,3,1,1.0,1,30,70.0,14
201100012931,2011-09-12,43.89733,4.68926,12,3,1,1.0,1,30,50.0,13
201100012965,2011-06-03,43.96875,3.60184,63,3,1,1.0,1,30,67.0,12
201100013333,2011-07-22,44.89477,6.63317,69,3,1,1.0,1,05,90.0,17
201100013334,2011-08-06,44.90067,6.64411,13,1,1,8.0,1,05,33.0,16
201100013338,2011-08-26,44.90562,6.6294,44,3,1,1.0,1,05,110.0,13
201100013349,2011-06-30,44.54554,6.06291,35,3,2,1.0,1,05,80.0,14
201100013353,2011-07-14,44.5627,6.08388,68,3,1,1.0,1,05,102.0,9
201100013355,2011-08-03,44.55479,6.07878,20,4,1,1.0,1,05,62.0,16
201100013577,2011-12-26,49.1774,2.0926,20,4,1,1.0,1,95,70.0,13
201100013583,2011-09-26,49.0709,2.1035,14,3,1,1.0,1,95,70.0,17
201100013599,2011-05-11,49.0185,2.3496,49,3,1,1.0,1,95,73.0,18
201100013688,2011-12-31,48.8,2.963,20,2,1,2.0,2,77,62.0,17
201100013688,2011-12-31,48.8,2.963,16,2,2,2.0,2,77,62.0,17
201100013818,2011-09-15,47.86461,2.12598,55,3,2,1.0,1,45,70.0,8
201100013845,2011-04-19,48.14398,2.07906,13,2,1,1.0,1,45,60.0,18
201100013856,2011-04-23,47.71381,2.58943,76,3,1,1.0,1,45,40.0,14
201100013869,2011-07-02,47.57131,2.86358,9,3,1,1.0,1,45,30.0,19
201100013877,2011-03-02,47.63669,2.44842,72,2,1,1.0,1,45,63.0,10
201100013888,2011-10-24,47.74836,2.36606,58,3,2,1.0,1,45,69.0,14
201100013915,2011-11-24,47.87081,2.73791,55,3,2,1.0,3,45,90.0,17
201100013919,2011-04-18,48.03569,2.71498,11,3,2,1.0,1,45,40.0,18
201100013953,2011-08-23,46.7693,2.43455,8,3,2,1.0,1,18,55.0,19
201100013955,2011-11-23,46.728,2.502,16,3,2,1.0,1,18,100.0,14
201100013992,2011-07-14,47.3456,2.24491,67,4,1,1.0,1,18,65.0,10
201100013992,2011-07-14,47.3456,2.24491,67,4,1,1.0,1,18,65.0,10
201100013992,2011-07-14,47.3456,2.24491,53,3,1,1.0,1,18,65.0,10
201100014020,2011-07-16,47.0809,2.32653,15,3,1,1.0,1,18,70.0,15
201100014031,2011-06-03,47.1148,2.6161,17,3,1,1.0,1,18,88.0,14
201100014086,2011-11-25,48.44,1.632,78,3,1,5.0,2,28,50.0,7
201100014115,2011-06-05,48.19,1.38,56,3,1,1.0,1,28,126.0,18
201100014169,2011-02-12,48.321,0.796,67,3,1,8.0,2,28,70.0,8
201100014185,2011-09-19,48.46898,1.00885,5,2,1,1.0,1,28,60.0,16
201100014221,2011-05-24,46.6029,0.94929,59,3,1,1.0,1,36,37.0,18
201100014225,2011-08-25,46.6019,1.41927,10,3,1,1.0,1,36,53.0,15
201100014247,2011-06-13,46.6129,1.92964,61,3,1,1.0,1,36,37.0,10
201100014248,2011-06-27,46.4404,1.82065,29,4,1,1.0,1,36,70.0,14
201100014262,2011-06-06,46.9241,1.93339,70,3,1,1.0,1,36,70.0,5
201100014300,2011-06-17,47.5221,0.39643,14,2,1,8.0,2,37,43.0,19
201100014322,2011-09-24,47.5633,0.54981,80,3,1,1.0,1,37,75.0,10
201100014325,2011-01-11,47.452,0.78689,61,3,1,6.0,1,37,56.0,15
201100014339,2011-06-30,47.5465,0.86379,43,3,1,1.0,1,37,30.0,10
201100014364,2011-08-25,47.2973,0.36538,66,3,1,1.0,1,37,26.0,16
201100014382,2011-03-17,47.1011,1.01181,59,3,2,1.0,1,37,35.0,18
201100014409,2011-08-13,46.7786,0.94611,61,4,2,1.0,2,37,50.0,21
201100014409,2011-08-13,46.7786,0.94611,26,1,1,1.0,2,37,50.0,21
201100014433,2011-02-07,47.6531,1.67195,66,3,1,1.0,1,41,63.0,14
201100014517,2011-08-07,47.7739,0.80803,9,4,1,1.0,1,41,62.0,11
201100014517,2011-08-07,47.7739,0.80803,43,3,1,1.0,1,41,62.0,11
201100014532,2011-06-30,48.042,0.86801,62,4,1,1.0,1,41,59.0,16
201100014564,2011-08-08,47.77443,-3.59201,17,3,1,1.0,1,29,68.0,13
201100016675,2011-10-07,47.3507,0.62857,54,2,2,1.0,1,37,32.0,15
201100016900,2011-07-29,47.511,4.781,10,3,2,1.0,1,21,66.0,19
201100016946,2011-10-04,48.19258,-0.79333,66,3,1,1.0,1,53,50.0,16
201100016946,2011-10-04,48.19258,-0.79333,64,3,1,1.0,1,53,50.0,16
201100016946,2011-10-04,48.19258,-0.79333,67,4,1,1.0,1,53,50.0,16
201100016958,2011-07-03,49.0846,2.5035,13,3,1,1.0,1,95,51.0,17
201100017141,2011-05-28,49.7951,4.74883,30,3,1,1.0,1,08,130.0,16
201100017484,2011-01-30,42.9776,1.611,57,3,1,1.0,1,09,64.0,15
201100017488,2011-05-20,43.10772,1.61791,43,3,1,1.0,1,09,97.0,16
201100017590,2011-01-16,48.9244,1.99445,63,3,1,1.0,1,78,33.0,12
201100017595,2011-10-15,48.948,1.963,62,3,1,1.0,1,78,50.0,16
201100017696,2011-07-06,43.52212,1.32172,80,3,1,1.0,1,31,32.0,9
201100017811,2011-11-19,47.6525,-2.73135,71,3,1,1.0,1,56,76.0,12
201100017866,2011-08-10,44.91276,6.67196,52,3,1,1.0,1,05,117.0,10
201100018002,2011-10-14,48.16187,4.52646,15,4,2,1.0,1,10,70.0,17
201100018004,2011-11-10,48.16284,4.4472,20,4,1,1.0,5,10,70.0,19
201100018005,2011-11-14,48.15545,4.41354,35,3,1,1.0,5,10,90.0,20
201100018006,2011-11-26,48.28937,4.06746,17,4,2,1.0,1,10,70.0,11
201100018022,2011-05-30,48.522,7.65,8,3,2,1.0,1,67,65.0,8
201100018072,2011-10-11,48.3778,-4.5068,28,3,1,1.0,5,29,60.0,7
201100018971,2011-12-24,43.29585,5.45789,7,3,1,1.0,5,13,90.0,19
201100019632,2011-03-30,43.29237,5.43564,13,3,1,1.0,1,13,60.0,13
201100020253,2011-07-08,43.29049,5.4395,36,3,1,1.0,1,13,105.0,8
201100020325,2011-07-07,43.3201,5.37109,14,3,1,1.0,5,13,30.0,23
201100020329,2011-06-23,43.24896,5.45208,57,3,1,1.0,2,13,60.0,20
201100020737,2011-09-14,43.30831,5.43602,14,3,1,1.0,1,13,25.0,15
201100021435,2011-12-14,43.30979,5.37959,27,3,2,1.0,1,13,50.0,10
201100021626,2011-06-18,43.64051,5.10647,56,3,1,2.0,1,13,60.0,12
201100021721,2011-04-11,43.40946,5.32068,28,3,2,1.0,1,13,58.0,18
201100021932,2011-05-05,48.734,2.076,60,3,1,1.0,1,78,63.0,13
201100021932,2011-05-05,48.734,2.076,37,4,1,1.0,1,78,63.0,13
201100022099,2011-04-10,49.4117,0.25241,26,4,1,1.0,1,14,78.0,10
201100022130,2011-04-23,49.1605,0.22695,16,4,1,1.0,1,14,53.0,11
201100022207,2011-03-25,43.52956,3.92331,69,3,2,1.0,1,34,88.0,12
201100022313,2011-06-04,49.0379,1.9956,45,4,1,1.0,1,95,43.0,8
201100022361,2011-05-22,48.19404,-1.51234,61,3,1,1.0,1,35,75.0,11
201100022504,2011-09-18,45.65298,0.16476,23,4,1,1.0,1,16,130.0,18
201100022509,2011-09-30,45.65363,0.16194,15,3,1,1.0,1,16,37.0,15
201100022513,2011-09-25,45.65685,0.17066,13,4,1,1.0,2,16,100.0,18
201100022536,2011-01-13,45.69861,-0.32893,60,3,1,1.0,5,16,70.0,17
201100022547,2011-12-09,45.68141,-0.32856,63,3,1,1.0,1,16,70.0,16
201100022576,2011-08-29,42.6865,2.93478,63,3,2,7.0,1,66,86.0,8
201100023320,2011-03-15,47.0925,2.39391,45,4,1,1.0,1,18,150.0,17
201100023346,2011-04-23,47.0963,2.39959,76,3,1,1.0,1,18,62.0,9
201100023372,2011-06-11,47.1036,2.41209,12,4,1,1.0,1,18,70.0,18
201100023380,2011-07-02,47.0764,2.40074,15,4,1,1.0,1,18,60.0,16
201100023403,2011-08-24,47.0937,2.39409,44,4,1,1.0,3,18,80.0,6
201100023410,2011-09-06,47.0977,2.41753,58,4,1,1.0,1,18,70.0,14
201100023411,2011-09-07,47.0727,2.39848,15,3,1,1.0,1,18,140.0,18
201100023434,2011-10-16,47.1258,2.39399,56,4,1,1.0,1,18,70.0,11
201100023445,2011-11-08,47.1031,2.4295,18,1,1,1.0,5,18,71.0,17
201100023600,2011-02-10,47.219,2.06513,14,4,1,1.0,1,18,30.0,11
201100023630,2011-09-30,47.2153,2.05894,18,4,1,1.0,1,18,70.0,8
201100023637,2011-10-21,47.2106,2.06284,53,4,2,5.0,2,18,100.0,7
201100023676,2011-10-16,47.922,0.41,58,3,1,1.0,1,72,28.0,11
201100023748,2011-06-02,45.1565,1.50426,65,4,1,1.0,1,19,70.0,10
201100023828,2011-10-15,51.0532,2.52471,67,3,2,1.0,1,59,131.0,10
201100023863,2011-08-29,47.80191,7.3878,13,3,2,1.0,2,68,69.0,19
201100023864,2011-10-14,47.77951,7.36502,18,3,2,1.0,5,68,48.0,6
201100023897,2011-02-22,47.3293,5.05956,20,3,1,1.0,1,21,64.0,14
201100023982,2011-02-06,48.45618,-2.04925,38,4,1,1.0,1,22,70.0,9
201100023984,2011-03-11,48.46067,-2.04631,19,4,1,1.0,1,22,40.0,18
201100023985,2011-03-17,48.45759,-2.05347,58,4,1,1.0,1,22,70.0,17
201100023994,2011-06-29,48.44631,-2.04596,30,4,1,1.0,1,22,92.0,19
201100023998,2011-08-12,48.46485,-2.04152,50,4,2,1.0,1,22,66.0,7
201100024045,2011-12-11,48.74536,-3.46604,59,4,2,2.0,1,22,68.0,12
201100024056,2011-01-16,48.49338,-2.71045,60,4,1,1.0,1,22,70.0,9
201100024058,2011-01-19,48.50184,-2.75534,12,4,1,1.0,1,22,58.0,12
201100024077,2011-03-07,48.50591,-2.7613,65,4,2,1.0,1,22,90.0,12
201100024096,2011-04-07,48.52303,-2.81917,28,4,1,1.0,1,22,38.0,19
201100024136,2011-06-07,48.49246,-2.73926,26,4,2,1.0,1,22,70.0,8
201100024146,2011-06-24,48.48576,-2.68377,57,4,1,1.0,1,22,82.0,8
201100024182,2011-09-22,48.51221,-2.7554,22,4,1,1.0,1,22,117.0,13
201100024203,2011-11-23,48.48969,-2.8408,57,4,1,1.0,1,22,60.0,14
201100024292,2011-02-20,47.2605,0.16982,64,2,1,1.0,1,37,49.0,14
201100024375,2011-10-05,48.29338,3.30417,57,3,2,1.0,2,10,60.0,7
201100024682,2011-02-24,50.5638,2.92764,37,3,2,2.0,2,59,91.0,18
201100024688,2011-08-09,50.5734,2.93867,80,3,1,1.0,1,59,62.0,10
201100024744,2011-01-06,45.0424,5.0454,20,4,1,1.0,5,26,70.0,17
201100024781,2011-05-08,45.043,5.035,12,4,1,1.0,2,26,72.0,21
201100024789,2011-05-25,45.0492,5.0528,74,4,1,1.0,1,26,60.0,14
201100024804,2011-07-13,45.0533,5.0426,15,1,1,2.0,1,26,70.0,16
201100024804,2011-07-13,45.0533,5.0426,14,4,2,2.0,1,26,70.0,16
201100024816,2011-08-18,45.0455,5.0493,19,4,1,2.0,1,26,39.0,17
201100024849,2011-12-08,45.0533,5.0426,49,4,1,1.0,1,26,95.0,9
201100024861,2011-01-12,44.911,4.888,50,4,1,1.0,1,26,60.0,12
201100024944,2011-09-27,44.922,4.892,58,4,1,1.0,1,26,80.0,13
201100025024,2011-04-28,49.0283,1.1668,39,3,1,1.0,1,27,62.0,12
201100025048,2011-07-15,48.109,-1.74,33,3,1,1.0,1,35,81.0,13
201100025053,2011-05-14,49.2314,1.17804,12,4,2,1.0,1,27,65.0,19
201100025116,2011-06-03,50.54274,2.97803,12,4,1,1.0,1,59,62.0,16
201100025241,2011-10-18,46.06787,3.97834,61,3,1,1.0,1,42,53.0,16
201100025241,2011-10-18,46.06787,3.97834,72,3,1,1.0,1,42,53.0,16
201100025352,2011-09-10,49.428,5.702,39,2,1,1.0,1,54,67.0,10
201100025410,2011-02-14,48.40479,-4.47866,56,4,1,3.0,1,29,60.0,14
201100025431,2011-03-30,48.40651,-4.52034,27,4,2,1.0,1,29,40.0,7
201100026010,2011-03-30,44.12935,4.10651,58,2,1,1.0,1,30,98.0,15
201100026020,2011-02-09,44.15502,4.61657,38,4,2,1.0,5,30,70.0,19
201100026047,2011-10-19,44.16636,4.61398,8,3,1,1.0,1,30,57.0,18
201100026058,2011-01-10,43.80964,4.63859,22,4,2,1.0,1,30,99.0,16
201100026101,2011-02-15,43.4941,4.2305,38,4,1,1.0,1,30,80.0,8
201100026148,2011-05-17,43.84055,4.36034,56,3,2,1.0,1,30,94.0,12
201100026154,2011-05-20,43.82832,4.37325,64,3,2,1.0,1,30,70.0,20
201100026175,2011-06-18,43.83645,4.37621,14,4,1,1.0,1,30,38.0,19
201100026209,2011-08-22,43.85715,4.40485,69,4,1,1.0,1,30,79.0,7
201100026263,2011-10-18,43.82313,4.35158,78,3,1,1.0,1,30,96.0,11
201100026265,2011-10-20,43.82505,4.37874,66,3,1,1.0,1,30,130.0,8
201100026266,2011-10-21,43.80526,4.33644,28,4,1,1.0,1,30,72.0,12
201100026311,2011-12-17,43.85458,4.32204,44,3,1,2.0,3,30,173.0,0
201100026340,2011-03-26,43.61284,1.33189,40,4,2,1.0,1,31,90.0,18
201100026345,2011-06-08,43.61266,1.3326,68,2,1,1.0,2,31,77.0,5
201100026385,2011-11-08,43.09306,0.74282,61,4,2,1.0,1,31,70.0,11
201100026974,2011-12-01,43.6084,1.353,30,4,1,1.0,5,31,85.0,20
201100026975,2011-12-02,43.64013,1.38869,18,3,1,1.0,1,31,85.0,12
201100026976,2011-12-03,43.61762,1.31594,45,3,1,1.0,1,31,85.0,11
201100027050,2011-05-01,43.58907,1.3604,60,4,1,1.0,1,31,74.0,18
201100028251,2011-06-09,43.29212,3.45928,79,4,2,1.0,1,34,52.0,12
201100028280,2011-01-13,43.35243,3.22456,47,4,2,1.0,2,34,75.0,18
201100028294,2011-02-19,43.35311,3.22457,75,4,1,1.0,1,34,75.0,17
201100028351,2011-07-05,43.31814,3.27839,28,4,1,1.0,1,34,75.0,20
201100028353,2011-07-12,43.31164,3.28044,22,4,1,1.0,1,34,75.0,9
201100028447,2011-01-25,43.60164,3.86816,87,4,1,1.0,5,34,60.0,18
201100028453,2011-01-30,43.61685,3.86071,20,4,1,1.0,5,34,60.0,18
201100028463,2011-02-04,43.60696,3.83787,44,4,1,1.0,1,34,150.0,8
201100028463,2011-02-04,43.60696,3.83787,10,4,1,1.0,1,34,150.0,8
201100028484,2011-02-15,43.60881,3.89428,61,4,1,1.0,1,34,90.0,8
201100028496,2011-02-22,43.59112,3.88334,12,4,2,1.0,5,34,60.0,18
201100028504,2011-02-26,43.58174,3.92102,73,4,1,1.0,1,34,60.0,10
201100028524,2011-03-08,43.62694,3.86967,26,1,1,1.0,5,34,168.0,20
201100028524,2011-03-08,43.62694,3.86967,27,1,2,1.0,5,34,168.0,20
201100028561,2011-04-01,43.60345,3.89243,32,4,2,1.0,1,34,116.0,17
201100028565,2011-04-03,43.61588,3.89755,60,4,2,1.0,1,34,60.0,10
201100028566,2011-04-04,43.60933,3.86682,29,4,1,1.0,1,34,40.0,15
201100028569,2011-04-06,43.609,3.88947,36,4,1,1.0,1,34,60.0,9
201100028570,2011-04-06,43.62647,3.8664,38,4,2,1.0,1,34,120.0,18
201100028572,2011-04-09,43.60263,3.84744,27,3,1,1.0,5,34,79.0,4
201100028574,2011-04-11,43.62175,3.84715,49,4,2,1.0,1,34,80.0,17
201100028576,2011-04-13,43.61145,3.8642,12,4,1,1.0,1,34,60.0,9
201100028582,2011-04-15,43.6334,3.86019,28,4,2,1.0,1,34,60.0,9
201100028597,2011-04-21,43.60328,3.89373,28,4,1,1.0,1,34,30.0,8
201100028618,2011-05-04,43.58519,3.92046,29,4,2,1.0,1,34,100.0,15
201100028621,2011-05-06,43.61085,3.88085,17,1,1,1.0,1,34,40.0,10
201100028637,2011-05-17,43.6085,3.8905,44,1,1,1.0,1,34,10.0,8
201100028652,2011-05-23,43.63768,3.85968,22,4,2,1.0,1,34,60.0,18
201100028654,2011-05-24,43.61884,3.86358,21,4,2,1.0,1,34,60.0,18
201100028655,2011-05-25,43.60419,3.87827,20,4,2,1.0,1,34,120.0,11
201100028662,2011-05-30,43.60803,3.8736,24,4,2,1.0,1,34,62.0,19
201100028669,2011-06-10,43.60656,3.89835,51,4,1,1.0,1,34,34.0,15
201100028679,2011-06-15,43.60343,3.90631,23,1,1,1.0,1,34,200.0,16
201100028707,2011-06-29,43.57496,3.85993,30,4,1,1.0,1,34,60.0,8
201100028717,2011-07-01,43.59925,3.89384,33,4,1,1.0,1,34,120.0,17
201100028761,2011-07-21,43.6022,3.90198,45,4,1,1.0,1,34,120.0,20
201100028775,2011-07-31,43.60528,3.86035,47,3,1,1.0,1,34,60.0,7
201100028808,2011-08-16,43.61625,3.84107,11,4,2,1.0,1,34,120.0,19
201100028836,2011-09-02,43.59942,3.87112,61,4,1,1.0,5,34,160.0,3
201100028860,2011-09-15,43.61773,3.88587,13,4,1,1.0,1,34,150.0,15
201100028869,2011-09-20,43.61838,3.86465,64,4,1,1.0,5,34,36.0,0
201100028873,2011-09-21,43.60312,3.8548,37,3,2,1.0,4,34,60.0,20
201100028886,2011-09-28,43.60383,3.85927,35,4,2,1.0,1,34,64.0,17
201100028887,2011-09-29,43.59025,3.86802,12,4,1,1.0,1,34,60.0,11
201100028888,2011-09-29,43.61405,3.88682,18,4,1,1.0,1,34,70.0,14
201100028904,2011-10-09,43.60033,3.86772,25,4,1,1.0,1,34,93.0,17
201100028951,2011-11-04,43.36882,3.53007,35,4,1,3.0,5,34,120.0,18
201100028960,2011-11-15,43.62348,3.87206,24,4,1,1.0,1,34,80.0,8
201100028966,2011-11-18,43.58574,3.87665,15,4,1,1.0,1,34,108.0,14
201100028988,2011-11-28,43.634,3.86003,18,4,1,1.0,5,34,60.0,20
201100029009,2011-12-09,43.61589,3.82056,69,4,1,1.0,1,34,160.0,15
201100029022,2011-12-15,43.61077,3.89866,19,4,2,1.0,2,34,60.0,17
201100029054,2011-03-30,43.43775,3.76047,68,4,1,1.0,1,34,65.0,18
201100029075,2011-09-12,43.41685,3.72424,64,3,2,1.0,1,34,95.0,15
201100029104,2011-05-18,48.35034,-1.19712,55,3,1,1.0,1,35,69.0,21
201100029146,2011-01-21,48.1143,-1.65847,26,3,1,1.0,5,35,56.0,3
201100029232,2011-04-06,48.1038,-1.67711,38,4,1,1.0,1,35,62.0,9
201100029710,2011-04-11,46.7994,1.70409,17,4,2,1.0,1,36,70.0,7
201100029711,2011-04-11,46.804,1.69935,52,4,1,1.0,1,36,92.0,9
201100029717,2011-05-03,46.7625,1.70269,61,4,1,1.0,1,36,75.0,12
201100029731,2011-06-15,46.7985,1.70482,10,4,1,1.0,1,36,70.0,11
201100029738,2011-07-06,46.7986,1.71931,32,4,2,1.0,5,36,85.0,5
201100029747,2011-08-13,46.7868,1.6581,18,4,1,1.0,1,36,80.0,14
201100029764,2011-09-23,46.8261,1.70243,30,4,2,1.0,1,36,100.0,10
201100029784,2011-12-05,46.8001,1.71309,44,4,2,1.0,1,36,42.0,8
201100029796,2011-12-15,46.8021,1.70872,35,4,1,1.0,1,36,55.0,13
201100029804,2011-01-03,47.3907,0.68859,39,4,1,1.0,1,37,80.0,9
201100029820,2011-01-03,47.3798,0.67415,75,3,2,1.0,1,37,54.0,9
201100029842,2011-07-14,47.3955,0.67744,18,4,1,1.0,5,37,92.0,23
201100029849,2011-02-17,47.3947,0.70432,21,3,1,1.0,1,37,60.0,13
201100029868,2011-02-15,47.391,0.67976,13,4,1,2.0,2,37,150.0,7
201100029868,2011-02-15,47.391,0.67976,17,1,2,2.0,2,37,150.0,7
201100029877,2011-03-16,47.3882,0.68943,21,1,2,1.0,1,37,70.0,8
201100029877,2011-03-16,47.3882,0.68943,40,4,1,1.0,1,37,70.0,8
201100029886,2011-01-11,47.3678,0.70393,57,4,1,2.0,5,37,80.0,6
201100029904,2011-01-07,47.3832,0.70262,64,3,2,2.0,1,37,111.0,10
201100029915,2011-03-29,47.381,0.70652,52,4,1,1.0,1,37,70.0,9
201100029917,2011-04-08,47.394,0.67826,24,4,2,1.0,1,37,70.0,17
201100029919,2011-04-14,47.3798,0.72669,19,4,1,1.0,1,37,70.0,16
201100029921,2011-04-21,47.3838,0.67206,48,4,1,1.0,5,37,80.0,5
201100029923,2011-04-22,47.3798,0.66936,21,4,1,1.0,1,37,95.0,12
201100029936,2011-04-29,47.3743,0.70455,47,3,1,1.0,1,37,12.0,13
201100029936,2011-04-29,47.3743,0.70455,22,1,2,1.0,1,37,12.0,13
201100029942,2011-05-25,47.388,0.67161,67,3,1,1.0,1,37,60.0,9
201100029951,2011-06-29,47.352,0.63871,16,3,1,1.0,1,37,60.0,15
201100029952,2011-07-04,47.3815,0.65179,66,3,1,1.0,1,37,60.0,20
201100029990,2011-07-27,47.3898,0.68874,24,4,1,1.0,1,37,110.0,10
201100029991,2011-08-02,47.3975,0.69438,55,4,2,2.0,1,37,80.0,9
201100030001,2011-09-22,47.4101,0.66962,13,4,2,1.0,1,37,70.0,17
201100030017,2011-06-20,47.3995,0.67489,55,4,1,1.0,1,37,120.0,18
201100030020,2011-06-27,47.3842,0.67447,22,4,2,1.0,1,37,60.0,18
201100030022,2011-06-29,47.3891,0.67509,32,4,1,1.0,1,37,90.0,9
201100030023,2011-07-09,47.3907,0.68834,83,3,1,1.0,1,37,60.0,13
201100030028,2011-08-22,47.3787,0.6933,43,4,1,1.0,1,37,180.0,8
201100030041,2011-10-21,47.3501,0.67525,50,4,1,1.0,1,37,80.0,8
201100030053,2011-07-22,47.3902,0.68872,23,1,1,1.0,1,37,90.0,12
201100030059,2011-09-14,47.3759,0.69441,20,1,2,1.0,1,37,160.0,17
201100030064,2011-09-27,47.409,0.70386,16,3,1,1.0,1,37,70.0,17
201100030079,2011-10-31,47.3954,0.67758,19,4,2,1.0,5,37,93.0,21
201100030092,2011-09-30,47.366,0.7174,47,3,1,1.0,1,37,90.0,9
201100030095,2011-10-04,47.3737,0.69511,22,4,1,1.0,1,37,150.0,16
201100030099,2011-10-10,47.374,0.67849,24,4,1,1.0,1,37,80.0,17
201100030101,2011-10-19,47.3704,0.67707,18,4,1,1.0,2,37,80.0,8
201100030112,2011-11-21,47.3629,0.69289,36,4,2,1.0,1,37,100.0,13
201100030142,2011-11-03,47.3937,0.68721,18,3,2,2.0,1,37,60.0,11
201100030143,2011-11-09,47.3901,0.68784,42,3,2,1.0,1,37,120.0,12
201100030144,2011-11-10,47.3903,0.67057,13,3,2,1.0,1,37,40.0,9
201100030165,2011-09-21,47.3489,0.66629,14,4,1,1.0,1,37,80.0,9
201100030167,2011-09-25,47.3894,0.68288,48,4,1,1.0,1,37,60.0,16
201100030168,2011-09-25,47.4118,0.68806,12,4,1,1.0,1,37,60.0,18
201100030169,2011-09-27,47.3422,0.65019,72,4,1,1.0,1,37,50.0,11
201100030173,2011-11-28,47.3865,0.71599,36,4,1,1.0,1,37,80.0,13
201100030181,2011-12-18,47.4077,0.67164,25,4,2,2.0,5,37,70.0,7
201100030183,2011-12-28,47.4077,0.67886,38,4,1,2.0,1,37,60.0,10
201100030189,2011-10-20,47.3621,0.6735,34,4,2,1.0,1,37,35.0,8
201100030213,2011-01-26,47.3509,0.66509,49,3,2,2.0,1,37,70.0,7
201100030216,2011-02-16,47.3908,0.74247,61,4,1,1.0,1,37,70.0,14
201100030247,2011-12-12,47.3903,0.7269,83,3,2,1.0,5,37,60.0,17
201100030274,2011-06-21,47.4063,0.68209,34,4,1,1.0,1,37,45.0,16
201100030278,2011-07-26,47.3923,0.72333,10,1,2,1.0,1,37,40.0,15
201100030290,2011-09-21,47.3853,0.67661,43,1,1,1.0,1,37,83.0,17
201100030294,2011-10-03,47.3803,0.69731,12,3,1,8.0,1,37,40.0,7
201100030296,2011-10-13,47.3899,0.66325,54,3,2,1.0,5,37,70.0,21
201100030299,2011-11-04,47.3878,0.67385,37,1,2,1.0,1,37,55.0,7
201100030299,2011-11-04,47.3878,0.67385,57,3,2,1.0,1,37,55.0,7
201100030302,2011-11-22,47.3758,0.664,48,3,1,1.0,5,37,140.0,6
201100030317,2011-05-13,45.5872,5.27326,29,3,2,1.0,1,38,86.0,8
201100030341,2011-01-04,45.1899,5.71801,63,3,2,1.0,1,38,200.0,16
201100030371,2011-03-03,45.1902,5.73214,35,4,1,1.0,2,38,64.0,6
201100030382,2011-03-25,45.19,5.69148,42,3,2,1.0,1,38,120.0,9
201100030382,2011-03-25,45.19,5.69148,33,1,1,1.0,1,38,120.0,9
201100030393,2011-04-21,45.1887,5.72582,31,4,1,1.0,1,38,103.0,18
201100030405,2011-05-15,45.1936,5.68724,68,3,2,1.0,1,38,100.0,11
201100030410,2011-05-28,45.1513,5.70665,48,4,1,1.0,1,38,170.0,16
201100030683,2011-07-04,47.5677,1.36335,47,4,1,1.0,1,41,70.0,10
201100030780,2011-04-09,47.7934,1.04438,64,4,1,1.0,1,41,63.0,11
201100030809,2011-01-17,45.40892,4.251,51,4,1,1.0,1,42,60.0,14
201100030818,2011-03-25,45.40047,4.3542,58,4,1,1.0,1,42,70.0,15
201100030829,2011-06-25,45.42477,4.2405,76,4,1,1.0,1,42,56.0,10
201100030832,2011-06-27,45.39635,4.23526,32,4,1,1.0,1,42,60.0,19
201100030871,2011-05-05,45.53878,4.59487,19,3,1,1.0,5,42,63.0,21
201100030874,2011-09-07,45.50379,4.56902,52,3,2,1.0,1,42,45.0,11
201100030880,2011-01-05,46.03002,4.06651,18,4,1,1.0,1,42,100.0,8
201100030881,2011-01-07,46.03992,4.08277,51,3,1,1.0,5,42,48.0,20
201100030921,2011-04-13,46.04714,4.08359,7,3,1,1.0,1,42,78.0,17
201100030924,2011-04-28,46.03324,4.0716,94,3,1,1.0,1,42,82.0,15
201100030927,2011-04-20,46.04354,4.0739,23,4,1,1.0,1,42,71.0,14
201100030930,2011-05-31,46.05149,4.06613,13,4,1,3.0,1,42,76.0,12
201100030933,2011-06-10,46.05612,4.07319,67,3,1,1.0,1,42,81.0,10
201100030937,2011-07-11,46.03237,4.06135,46,4,1,1.0,1,42,100.0,19
201100030941,2011-05-15,46.0865,4.0641,62,4,1,1.0,1,42,77.0,9
201100030951,2011-06-27,46.05958,4.07339,16,4,1,1.0,1,42,60.0,12
201100030974,2011-08-30,46.03477,4.10275,40,4,2,1.0,1,42,110.0,15
201100030976,2011-09-10,46.04306,4.07368,20,4,1,1.0,5,42,86.0,22
201100030977,2011-09-14,46.04271,4.06663,41,1,1,1.0,1,42,78.0,12
201100030992,2011-10-27,46.042,4.07627,73,3,2,1.0,1,42,140.0,15
201100030995,2011-09-22,46.05955,4.0499,84,3,1,1.0,1,42,75.0,19
201100030998,2011-11-14,46.03265,4.07985,64,3,1,1.0,1,42,118.0,8
201100031018,2011-11-24,46.02462,4.08699,13,3,1,1.0,1,42,80.0,12
201100031067,2011-01-28,45.46621,4.39891,41,4,1,1.0,5,42,60.0,18
201100031093,2011-03-06,45.47384,4.43948,12,4,1,1.0,1,42,60.0,17
201100031164,2011-05-20,45.42022,4.41163,21,4,1,1.0,1,42,60.0,13
201100031199,2011-06-23,45.44035,4.40073,30,4,2,1.0,1,42,133.0,15
201100031219,2011-07-14,45.43917,4.38442,35,4,1,1.0,1,42,30.0,11
201100031227,2011-07-25,45.43228,4.38916,38,4,1,2.0,1,42,80.0,14
201100031248,2011-09-09,45.44728,4.38622,55,4,1,1.0,1,42,60.0,9
201100031253,2011-09-16,45.4336,4.39527,73,4,1,1.0,1,42,120.0,12
201100031958,2011-02-04,47.97596,2.71459,72,4,1,1.0,1,45,50.0,15
201100031985,2011-04-16,48.0103,2.70696,75,4,2,1.0,1,45,50.0,11
201100031989,2011-03-05,47.9762,2.74012,49,4,1,8.0,5,45,50.0,18
201100031994,2011-05-25,48.00879,2.74035,65,4,1,1.0,1,45,50.0,10
201100032032,2011-09-29,47.97703,2.76917,56,4,1,1.0,1,45,55.0,8
201100032065,2011-01-26,47.86521,1.9457,40,3,1,2.0,3,45,60.0,19
201100032074,2011-03-15,47.90414,1.9141,41,4,2,1.0,1,45,103.0,16
201100032085,2011-04-14,47.94286,1.92649,85,4,1,1.0,1,45,87.0,9
201100032086,2011-04-19,47.88819,1.91281,79,4,2,1.0,1,45,86.0,9
201100032104,2011-05-25,47.86208,1.88548,12,4,2,1.0,1,45,57.0,9
201100032109,2011-06-20,47.90218,1.90469,17,1,1,1.0,1,45,71.0,14
201100032109,2011-06-20,47.90218,1.90469,68,4,2,1.0,1,45,71.0,14
201100032110,2011-06-22,47.91866,1.92572,17,4,1,1.0,1,45,64.0,9
201100032147,2011-10-03,47.90885,1.90093,12,4,1,1.0,1,45,73.0,15
201100032151,2011-10-06,47.86575,1.88626,14,4,1,1.0,1,45,60.0,12
201100032152,2011-10-11,47.90424,1.94031,12,4,1,1.0,1,45,94.0,14
201100032163,2011-11-10,47.90764,1.96388,52,4,1,1.0,5,45,74.0,18
201100032179,2011-12-04,47.87145,1.90418,72,3,1,1.0,1,45,91.0,13
201100032221,2011-04-20,44.2044,0.61347,19,4,1,1.0,1,47,80.0,7
201100032223,2011-04-29,44.214,0.64343,19,4,1,1.0,1,47,70.0,12
201100032227,2011-05-14,44.2072,0.61168,21,3,1,1.0,1,47,127.0,18
201100032228,2011-06-01,44.2052,0.62574,55,2,1,1.0,1,47,110.0,9
201100032255,2011-02-26,44.407,0.75104,39,3,1,1.0,3,47,70.0,19
201100032292,2011-01-07,47.42248,-0.52368,48,4,1,2.0,5,49,65.0,7
201100032294,2011-01-11,47.47398,-0.53742,24,4,1,1.0,1,49,101.0,13
201100032295,2011-01-12,47.47307,-0.60238,25,4,1,2.0,5,49,100.0,20
201100032298,2011-01-16,47.50585,-0.58846,57,4,2,1.0,1,49,99.0,11
201100032304,2011-01-19,47.43911,-0.50557,17,4,1,2.0,1,49,45.0,14
201100032313,2011-01-26,47.44517,-0.54719,44,4,2,2.0,2,49,200.0,7
201100032316,2011-01-29,47.48939,-0.56808,33,4,1,1.0,1,49,65.0,10
201100032319,2011-01-31,47.4713,-0.52694,59,4,1,1.0,1,49,65.0,12
201100032332,2011-02-07,47.48039,-0.55293,24,4,2,2.0,1,49,172.0,8
201100032342,2011-02-14,47.48447,-0.5819,72,3,1,1.0,1,49,55.0,9
201100032348,2011-02-16,47.47527,-0.54863,22,4,2,1.0,1,49,140.0,9
201100032352,2011-02-23,47.47139,-0.54972,22,4,2,2.0,1,49,60.0,12
201100032357,2011-02-28,47.47478,-0.58617,37,4,2,1.0,5,49,75.0,18
201100032359,2011-03-02,47.50266,-0.58556,45,4,2,1.0,1,49,61.0,11
201100032365,2011-03-13,47.46192,-0.50078,36,3,1,3.0,1,49,60.0,13
201100032375,2011-03-20,47.46481,-0.56574,24,4,1,1.0,1,49,105.0,15
201100032379,2011-03-29,47.47511,-0.58069,16,4,1,2.0,1,49,50.0,16
201100032380,2011-03-29,47.45177,-0.50782,54,4,1,8.0,1,49,75.0,17
201100032392,2011-04-04,47.46082,-0.5678,84,4,1,1.0,1,49,78.0,16
201100032398,2011-04-06,47.46479,-0.56554,17,4,1,1.0,1,49,65.0,13
201100032401,2011-04-10,47.47804,-0.55671,46,4,1,1.0,1,49,78.0,16
201100032403,2011-04-12,47.44932,-0.50185,13,4,1,1.0,1,49,58.0,18
201100032405,2011-04-14,47.45447,-0.52808,50,4,1,1.0,1,49,85.0,8
201100032406,2011-04-14,47.4591,-0.55438,63,4,2,1.0,2,49,65.0,18
201100032409,2011-04-15,47.47422,-0.56715,13,4,1,1.0,1,49,90.0,18
201100032413,2011-04-19,47.50494,-0.5956,10,3,1,1.0,1,49,84.0,18
201100032416,2011-04-19,47.50488,-0.59089,56,4,1,1.0,1,49,60.0,11
201100032429,2011-04-28,47.48631,-0.55071,19,3,2,1.0,1,49,80.0,8
201100032437,2011-05-02,47.46979,-0.56153,27,4,2,1.0,1,49,80.0,16
201100032441,2011-05-05,47.50062,-0.58402,59,4,1,1.0,1,49,71.0,19
201100032454,2011-05-24,47.43799,-0.5089,77,3,1,1.0,1,49,83.0,9
201100032455,2011-05-15,47.47506,-0.54804,27,4,2,1.0,1,49,90.0,15
201100032457,2011-05-15,47.47651,-0.50145,59,4,1,1.0,1,49,60.0,20
201100032460,2011-05-13,47.47141,-0.544,60,4,1,1.0,1,49,60.0,12
201100032464,2011-05-17,47.47302,-0.56489,34,4,1,1.0,1,49,82.0,14
201100032466,2011-05-19,47.51776,-0.6083,47,3,1,1.0,1,49,66.0,20
201100032468,2011-05-19,47.465,-0.56574,32,3,2,1.0,1,49,65.0,17
201100032469,2011-05-19,47.47459,-0.54719,32,4,2,1.0,1,49,35.0,8
201100032471,2011-05-19,47.46152,-0.54686,16,4,1,1.0,1,49,66.0,17
201100032475,2011-05-24,47.47074,-0.58592,51,3,2,1.0,1,49,60.0,9
201100032478,2011-05-24,47.46008,-0.53716,62,3,2,1.0,1,49,60.0,15
201100032481,2011-05-24,47.46179,-0.54161,20,4,1,1.0,1,49,62.0,18
201100032482,2011-05-26,47.47741,-0.55357,26,3,2,1.0,1,49,105.0,8
201100032488,2011-05-31,47.46565,-0.55394,14,4,2,2.0,1,49,110.0,11
201100032489,2011-05-30,47.47512,-0.57027,34,1,1,1.0,1,49,56.0,7
201100032495,2011-06-06,47.46634,-0.54771,25,4,2,1.0,1,49,60.0,13
201100032513,2011-06-22,47.47941,-0.54978,26,4,2,1.0,1,49,35.0,13
201100032515,2011-06-24,47.4744,-0.55245,36,4,1,1.0,1,49,48.0,11
201100032519,2011-06-28,47.44089,-0.48973,76,3,2,1.0,1,49,45.0,11
201100032522,2011-06-29,47.44912,-0.56533,10,4,2,1.0,1,49,104.0,19
201100032525,2011-07-02,47.4394,-0.49451,11,4,2,1.0,1,49,80.0,14
201100032532,2011-07-06,47.4344,-0.53007,21,1,1,1.0,1,49,32.0,20
201100032532,2011-07-06,47.4344,-0.53007,51,4,1,1.0,1,49,32.0,20
201100032537,2011-07-12,47.48571,-0.5514,23,4,1,2.0,1,49,20.0,19
201100032540,2011-07-15,47.49267,-0.57771,56,3,1,1.0,1,49,70.0,17
201100032546,2011-07-25,47.46798,-0.55905,37,4,2,1.0,1,49,60.0,15
201100032550,2011-07-29,47.47048,-0.56878,23,1,1,1.0,1,49,75.0,15
201100032562,2011-08-08,47.48342,-0.51396,52,4,2,1.0,1,49,60.0,11
201100032571,2011-08-17,47.46993,-0.54822,30,4,2,2.0,1,49,110.0,15
201100032572,2011-08-16,47.4651,-0.54963,49,3,1,1.0,2,49,70.0,20
201100032588,2011-08-26,47.4732,-0.54796,25,4,1,1.0,1,49,68.0,17
201100032590,2011-08-26,47.441,-0.50472,58,4,1,1.0,1,49,41.0,19
201100032591,2011-09-01,47.46462,-0.54504,40,4,1,1.0,2,49,80.0,7
201100032595,2011-09-03,47.46174,-0.54144,39,4,1,1.0,1,49,57.0,19
201100032597,2011-09-07,47.47474,-0.59368,9,4,1,1.0,1,49,58.0,19
201100032604,2011-09-13,47.46252,-0.55377,82,3,1,2.0,1,49,50.0,11
201100032605,2011-09-13,47.45632,-0.53359,64,3,2,1.0,1,49,90.0,15
201100032608,2011-09-14,47.44554,-0.4658,82,4,2,1.0,1,49,75.0,13
201100032613,2011-09-15,47.4638,-0.55531,24,4,2,1.0,1,49,60.0,9
201100032615,2011-09-16,47.42534,-0.5255,35,4,1,1.0,1,49,30.0,17
201100032618,2011-09-23,47.47408,-0.55192,20,4,1,1.0,5,49,40.0,3
201100032619,2011-09-22,47.47569,-0.59387,58,4,2,1.0,1,49,60.0,12
201100032623,2011-09-02,47.50602,-0.58883,16,4,2,1.0,1,49,64.0,11
201100032625,2011-09-22,47.47106,-0.56488,27,4,2,1.0,2,49,60.0,21
201100032627,2011-09-24,47.44664,-0.56259,73,4,1,1.0,1,49,60.0,17
201100032637,2011-09-27,47.47534,-0.54866,17,4,1,1.0,1,49,90.0,12
201100032638,2011-09-28,47.45299,-0.53871,39,4,2,1.0,1,49,60.0,13
201100032640,2011-09-28,47.47172,-0.53812,14,4,1,1.0,1,49,60.0,17
201100032647,2011-10-04,47.47403,-0.5374,23,4,2,1.0,5,49,100.0,0
201100032657,2011-10-06,47.51287,-0.61397,75,4,2,1.0,1,49,60.0,8
201100032659,2011-10-08,47.4562,-0.56139,61,4,1,1.0,5,49,58.0,19
201100032662,2011-10-11,47.47313,-0.5583,43,4,1,1.0,1,49,66.0,14
201100032667,2011-10-14,47.46592,-0.56348,12,4,1,1.0,1,49,63.0,16
201100032669,2011-10-17,47.4899,-0.53355,51,4,1,1.0,1,49,30.0,16
201100032671,2011-10-18,47.47331,-0.54576,33,4,1,1.0,1,49,90.0,13
201100032674,2011-10-18,47.47192,-0.54562,61,3,2,1.0,1,49,60.0,14
201100032675,2011-10-18,47.47753,-0.60184,33,4,2,2.0,1,49,60.0,18
201100032679,2011-10-20,47.4675,-0.55558,19,4,2,1.0,2,49,90.0,8
201100032682,2011-10-21,47.4736,-0.54465,62,4,2,1.0,1,49,120.0,11
201100032685,2011-10-21,47.41852,-0.52779,80,3,1,1.0,1,49,90.0,16
201100032688,2011-10-27,47.47699,-0.59902,23,4,1,1.0,1,49,60.0,14
201100032691,2011-11-02,47.457,-0.53333,83,3,1,1.0,1,49,72.0,11
201100032692,2011-11-02,47.46477,-0.55416,58,4,2,1.0,1,49,30.0,16
201100032693,2011-11-06,47.50538,-0.58801,54,3,1,1.0,1,49,40.0,10
201100032696,2011-11-07,47.41842,-0.52328,11,4,2,1.0,1,49,71.0,17
201100032700,2011-11-08,47.48161,-0.57574,29,4,2,2.0,1,49,90.0,10
201100032704,2011-11-09,47.46649,-0.54987,18,3,2,1.0,1,49,71.0,9
201100032726,2011-11-25,47.45096,-0.5399,42,3,1,1.0,1,49,60.0,9
201100032728,2011-11-30,47.46633,-0.55316,18,4,2,1.0,1,49,120.0,12
201100032737,2011-12-05,47.47548,-0.56515,33,4,2,1.0,1,49,60.0,15
201100032746,2011-11-15,47.47121,-0.58684,26,3,1,1.0,5,49,62.0,18
201100032747,2011-12-09,47.48338,-0.57595,42,4,1,1.0,5,49,60.0,18
201100032749,2011-11-15,47.47189,-0.54319,78,4,1,1.0,1,49,80.0,12
201100032754,2011-12-14,47.47239,-0.5572,33,4,1,2.0,1,49,70.0,15
201100032756,2011-12-15,47.47363,-0.58435,20,4,1,1.0,1,49,90.0,17
201100032758,2011-12-14,47.45848,-0.55169,18,4,1,1.0,5,49,60.0,8
201100032776,2011-12-30,47.47849,-0.55624,54,4,1,2.0,1,49,80.0,16
201100032849,2011-12-02,47.06398,-0.88109,78,3,1,1.0,1,49,77.0,11
201100032887,2011-04-18,47.25155,-0.07742,16,4,1,1.0,1,49,60.0,15
201100032892,2011-05-01,47.24747,-0.08439,58,3,1,1.0,1,49,30.0,10
201100032893,2011-05-04,47.26249,-0.07987,12,4,1,1.0,1,49,53.0,18
201100032897,2011-05-27,47.27739,-0.08215,15,4,1,1.0,1,49,30.0,8
201100032900,2011-06-03,47.26465,-0.0979,22,4,2,1.0,4,49,60.0,22
201100032901,2011-06-13,47.24859,-0.05467,14,4,1,1.0,1,49,50.0,9
201100032913,2011-07-03,47.26717,-0.06988,59,4,1,1.0,1,49,60.0,11
201100032929,2011-08-01,47.25368,-0.08555,82,4,1,1.0,1,49,70.0,8
201100032948,2011-09-29,47.25525,-0.0803,13,4,1,1.0,1,49,44.0,12
201100032955,2011-10-20,47.25601,-0.08656,13,4,1,1.0,1,49,330.0,14
201100032963,2011-11-14,47.2595,-0.08232,31,4,2,1.0,1,49,77.0,8
201100033399,2011-07-10,49.23391,3.9989,65,4,2,8.0,1,51,82.0,16
201100033427,2011-11-29,49.27001,4.04897,35,1,1,1.0,2,51,60.0,7
201100033458,2011-09-29,48.12228,5.14495,54,4,1,1.0,1,52,100.0,18
201100033571,2011-01-10,48.59073,6.54468,29,3,1,8.0,3,54,110.0,18
201100033679,2011-03-23,48.62203,6.17948,47,4,1,1.0,1,54,61.0,16
201100033724,2011-04-22,48.70071,6.14549,16,4,2,1.0,1,54,74.0,14
201100033779,2011-06-08,48.69156,6.21363,13,4,1,1.0,1,54,65.0,12
201100034084,2011-04-10,49.16512,5.36234,41,4,2,1.0,1,55,80.0,10
201100034092,2011-09-16,49.18606,5.37189,67,2,1,1.0,1,55,70.0,14
201100034383,2011-02-21,47.66646,-2.77018,58,3,1,2.0,1,56,63.0,13
201100034395,2011-05-04,47.6537,-2.75917,63,3,1,1.0,1,56,69.0,11
201100034409,2011-07-06,47.65342,-2.72098,73,4,1,1.0,1,56,28.0,12
201100034415,2011-08-19,47.66067,-2.74372,55,3,2,1.0,1,56,85.0,13
201100034504,2011-07-30,49.25355,6.14306,69,4,2,1.0,1,57,69.0,15
201100034602,2011-12-07,49.11332,6.18303,12,3,1,1.0,1,57,122.0,15
201100034685,2011-05-09,49.35535,6.15811,17,4,1,1.0,1,57,62.0,7
201100034692,2011-05-18,49.32964,6.13491,43,4,1,1.0,1,57,60.0,13
201100034704,2011-06-17,49.35331,6.21125,62,3,2,1.0,1,57,55.0,17
201100034749,2011-10-26,49.36255,6.17357,44,4,1,1.0,1,57,69.0,15
201100034750,2011-10-30,49.36168,6.19645,19,4,1,1.0,2,57,110.0,19
201100034943,2011-05-12,50.74371,2.73366,10,2,1,1.0,1,59,69.0,18
201100035215,2011-01-14,50.618,3.03022,41,2,1,2.0,5,59,40.0,7
201100037627,2011-10-04,45.77222,3.19532,83,3,2,1.0,1,63,61.0,18
201100037668,2011-02-18,43.5263,-1.51159,42,3,1,1.0,1,64,88.0,9
201100037683,2011-03-31,43.4833,-1.50198,61,1,1,1.0,1,64,140.0,12
201100037738,2011-07-22,43.4991,-1.53992,45,3,1,1.0,1,64,70.0,7
201100037752,2011-08-14,43.4812,-1.51064,47,4,1,1.0,1,64,197.0,16
201100037765,2011-09-04,43.4844,-1.50418,63,3,1,1.0,1,64,70.0,11
201100037943,2011-01-16,43.296,-0.38184,26,4,1,1.0,5,64,107.0,3
201100037999,2011-03-25,43.3054,-0.368,46,4,2,1.0,1,64,106.0,13
201100038045,2011-05-10,43.3446,-0.43086,58,4,1,1.0,1,64,82.0,20
201100038055,2011-05-20,43.3122,-0.38095,13,4,2,1.0,1,64,95.0,7
201100038086,2011-07-02,43.2963,-0.37635,14,4,1,1.0,1,64,88.0,18
201100038118,2011-08-17,43.314,-0.40717,55,4,1,1.0,1,64,58.0,12
201100038119,2011-08-18,43.3209,-0.39162,53,4,2,1.0,1,64,84.0,15
201100038146,2011-09-17,43.311,-0.36287,57,4,1,2.0,2,64,149.0,20
201100038162,2011-09-29,43.3323,-0.42408,13,4,1,1.0,1,64,70.0,10
201100038166,2011-10-01,43.3054,-0.36801,21,4,1,1.0,1,64,96.0,11
201100038183,2011-10-13,43.3013,-0.39138,19,4,1,1.0,1,64,28.0,11
201100038286,2011-06-20,43.3498,-1.77302,66,4,1,1.0,1,64,60.0,10
201100038292,2011-07-14,43.3725,-1.77287,49,4,1,1.0,1,64,60.0,19
201100038332,2011-08-10,43.3923,-1.65363,22,4,1,1.0,1,64,80.0,13
201100038333,2011-08-11,43.3973,-1.6431,40,4,1,1.0,1,64,70.0,10
201100038348,2011-10-18,43.394,-1.64589,80,4,2,1.0,1,64,60.0,18
201100038362,2011-02-04,43.3797,-1.63973,71,3,1,1.0,1,64,39.0,16
201100038490,2011-05-06,43.2377,0.04528,68,3,2,1.0,1,65,33.0,13
201100038558,2011-01-13,42.69804,2.87242,29,4,2,1.0,1,66,70.0,17
201100038635,2011-06-15,42.69419,2.90126,47,4,2,1.0,1,66,72.0,9
201100038659,2011-08-24,42.69733,2.87254,22,4,1,1.0,1,66,66.0,17
201100038713,2011-12-02,42.6994,2.91673,49,4,1,1.0,2,66,120.0,18
201100038715,2011-12-14,42.68922,2.89323,33,4,1,1.0,1,66,90.0,16
201100039254,2011-02-07,48.06819,7.34403,83,3,1,1.0,1,68,80.0,13
201100039269,2011-05-04,48.0717,7.34874,78,3,2,1.0,1,68,60.0,17
201100039271,2011-05-05,48.0822,7.34736,47,4,1,2.0,1,68,64.0,16
201100039272,2011-05-13,48.07472,7.34427,36,4,2,1.0,1,68,100.0,8
201100039273,2011-05-16,48.06762,7.35241,12,3,2,1.0,1,68,82.0,15
201100039279,2011-06-06,48.07851,7.32871,8,4,1,1.0,1,68,220.0,19
201100039283,2011-06-14,48.07861,7.34168,20,3,1,1.0,1,68,75.0,13
201100039297,2011-08-23,48.08094,7.36431,18,2,1,1.0,1,68,190.0,8
201100039304,2011-09-07,48.08518,7.36704,25,4,1,2.0,1,68,120.0,13
201100039309,2011-09-27,48.07725,7.3367,19,3,2,1.0,1,68,220.0,15
201100039313,2011-10-11,48.10761,7.37968,43,4,1,1.0,2,68,10.0,7
201100039314,2011-10-15,48.07763,7.35477,28,3,1,1.0,1,68,100.0,10
201100039314,2011-10-15,48.07763,7.35477,5,4,1,1.0,1,68,100.0,10
201100039317,2011-10-21,48.08312,7.33939,16,1,1,1.0,1,68,90.0,14
201100039317,2011-10-21,48.08312,7.33939,17,4,2,1.0,1,68,90.0,14
201100039318,2011-10-23,48.07494,7.3447,30,4,1,1.0,1,68,120.0,13
201100039321,2011-11-25,48.06783,7.34571,10,4,2,1.0,2,68,90.0,16
201100039334,2011-06-17,47.90285,7.22678,10,4,1,1.0,1,68,84.0,13
201100039344,2011-02-10,47.7565,7.37883,25,2,2,8.0,2,68,80.0,7
201100039361,2011-04-16,47.73159,7.3191,26,4,2,1.0,1,68,33.0,16
201100039363,2011-04-28,47.7609,7.3444,54,4,1,1.0,1,68,50.0,14
201100039368,2011-05-17,47.77616,7.31822,81,4,1,1.0,1,68,106.0,8
201100039374,2011-06-05,47.74592,7.34563,10,3,1,1.0,1,68,62.0,14
201100039376,2011-06-03,47.74494,7.33897,25,4,1,1.0,5,68,80.0,22
201100039412,2011-10-29,47.75438,7.34614,38,3,1,1.0,1,68,55.0,14
201100039424,2011-12-05,47.77691,7.3308,60,3,1,1.0,3,68,132.0,6
201100039430,2011-02-05,47.59111,7.57443,90,3,1,1.0,1,68,100.0,15
201100039434,2011-08-22,47.59247,7.58523,57,3,1,1.0,1,68,64.0,15
201100039439,2011-10-11,47.58495,7.56176,68,4,1,1.0,5,68,100.0,19
201100039441,2011-03-14,47.80321,7.31186,55,3,1,7.0,1,68,207.0,16
201100039445,2011-06-16,47.79135,7.32188,32,1,1,1.0,1,68,70.0,6
201100039448,2011-08-12,47.7829,7.31675,51,3,1,1.0,1,68,113.0,8
201100039449,2011-08-24,47.80439,7.33066,19,4,2,1.0,1,68,63.0,13
201100040090,2011-06-27,46.7976,4.84401,58,3,2,1.0,1,71,77.0,10
201100040176,2011-05-31,9.15051,0.0,45,4,1,1.0,1,71,69.0,19
201100040184,2011-09-20,46.692,4.34849,87,3,1,1.0,1,71,81.0,8
201100040477,2011-05-23,45.66424,6.42761,44,3,1,1.0,1,73,60.0,16
201100040487,2011-02-15,45.56953,5.94502,22,3,1,1.0,4,73,70.0,21
201100040490,2011-04-06,45.57629,5.88802,40,1,1,1.0,1,73,90.0,15
201100040490,2011-04-06,45.57629,5.88802,55,3,1,1.0,1,73,90.0,15
201100040494,2011-05-26,45.56367,5.90334,37,3,2,1.0,1,73,80.0,11
201100040505,2011-08-01,45.57007,5.92019,53,3,1,1.0,1,73,70.0,17
201100040505,2011-08-01,45.57007,5.92019,21,4,1,1.0,1,73,70.0,17
201100040506,2011-08-02,45.59223,5.90253,38,3,2,1.0,3,73,110.0,5
201100040648,2011-06-20,49.9234,1.11178,50,4,1,2.0,1,76,129.0,7
201100040673,2011-08-23,49.90767,1.06324,5,4,1,1.0,1,76,70.0,14
201100040708,2011-10-28,49.3397,0.93988,68,2,1,1.0,1,76,50.0,15
201100040721,2011-03-24,49.2756,1.03434,77,4,2,1.0,1,76,80.0,15
201100040783,2011-03-09,49.4931,0.12007,49,4,1,1.0,1,76,60.0,7
201100040790,2011-03-26,49.4996,0.1307,30,4,1,1.0,1,76,62.0,12
201100040800,2011-04-10,49.5329,0.1403,6,4,1,1.0,1,76,55.0,14
201100040847,2011-07-08,49.4926,0.13219,43,3,1,1.0,2,76,72.0,22
201100040856,2011-07-19,49.4586,0.19897,50,3,1,1.0,1,76,70.0,16
201100040864,2011-07-28,49.5003,0.1358,46,4,1,1.0,1,76,70.0,17
201100040937,2011-11-01,49.4977,0.13741,17,4,1,1.0,1,76,73.0,16
201100040998,2011-11-23,49.4019,1.09929,37,4,1,1.0,1,76,45.0,9
201100041017,2011-01-25,49.4301,1.07249,48,3,1,1.0,5,76,150.0,6
201100041085,2011-04-22,49.4231,1.1063,55,3,1,1.0,1,76,40.0,13
201100041089,2011-05-03,49.3257,1.03533,70,4,1,1.0,1,76,50.0,14
201100041089,2011-05-03,49.3257,1.03533,60,4,2,1.0,1,76,50.0,14
201100041119,2011-05-31,49.3422,0.96367,22,4,1,1.0,1,76,67.0,20
201100041153,2011-07-06,49.3397,1.01462,46,3,1,1.0,1,76,99.0,17
201100041162,2011-08-21,49.4365,1.10012,28,3,1,1.0,5,76,90.0,1
201100041164,2011-08-21,49.3398,1.08979,6,4,1,2.0,1,76,35.0,12
201100041258,2011-09-01,48.9001,2.60437,14,3,1,1.0,5,77,52.0,20
201100041286,2011-01-26,48.80983,3.08288,66,1,1,2.0,1,77,60.0,15
201100041309,2011-05-25,48.82105,3.03977,27,4,1,1.0,1,77,48.0,18
201100041328,2011-09-02,48.80432,3.09138,52,4,1,1.0,1,77,30.0,13
201100041470,2011-10-01,48.56495,2.54195,61,3,2,1.0,1,77,80.0,19
201100041475,2011-11-07,48.53695,2.66932,47,3,1,1.0,1,77,78.0,7
201100041520,2011-05-31,48.58492,2.58165,8,3,1,1.0,1,77,60.0,14
201100041543,2011-10-20,48.63934,2.54326,69,3,1,1.0,1,77,33.0,8
201100041707,2011-03-16,48.9503,2.61508,10,4,1,1.0,1,77,40.0,18
201100041813,2011-04-10,48.7698,2.06996,9,4,1,1.0,1,78,500.0,19
201100041863,2011-03-06,48.9268,2.19234,56,4,2,1.0,1,78,106.0,14
201100041904,2011-03-30,48.9928,1.69453,27,3,2,2.0,1,78,60.0,19
201100042182,2011-04-23,48.992,1.96128,27,4,1,1.0,2,78,59.0,20
201100042215,2011-05-12,48.65,1.85051,11,4,1,1.0,1,78,40.0,13
201100042241,2011-04-27,48.7935,2.06339,17,3,1,1.0,1,78,70.0,16
201100042266,2011-05-05,48.7254,1.8924,48,4,2,1.0,1,78,112.0,9
201100042291,2011-02-27,48.9457,2.19449,9,3,2,1.0,1,78,48.0,14
201100042347,2011-02-17,48.7989,2.1589,65,4,1,1.0,1,78,120.0,13
201100042395,2011-03-28,48.8168,2.13652,60,4,2,1.0,1,78,100.0,16
201100042406,2011-05-15,48.7756,2.12689,22,4,1,1.0,1,78,40.0,10
201100042407,2011-05-15,48.7766,2.12965,52,3,1,1.0,1,78,80.0,10
201100043661,2011-09-27,46.66534,-1.4253,19,4,1,1.0,2,85,45.0,20
201100043669,2011-12-04,46.66091,-1.42573,46,3,2,1.0,1,85,80.0,14
201100043953,2011-02-10,45.8208,1.20822,62,4,1,1.0,1,87,60.0,13
201100043985,2011-03-24,45.7825,1.20103,48,4,1,1.0,1,87,60.0,17
201100044258,2011-04-09,48.19064,6.45035,13,4,1,1.0,1,88,42.0,12
201100044260,2011-04-27,48.16983,6.44434,18,3,1,8.0,5,88,56.0,21
201100044287,2011-03-24,48.27413,6.98184,44,4,1,7.0,1,88,41.0,16
201100045379,2011-03-20,48.7649,2.30609,53,3,1,1.0,1,92,128.0,14
201100045388,2011-05-29,48.7475,2.3038,51,4,1,1.0,1,92,151.0,12
201100045557,2011-02-11,48.7978,2.31746,14,3,1,1.0,1,92,120.0,13
201100045790,2011-05-01,48.7758,2.3095,14,4,1,1.0,1,92,23.0,13
201100045793,2011-05-25,48.773,2.31264,29,4,2,1.0,1,92,91.0,14
201100046073,2011-05-04,48.9166,2.25275,28,4,2,1.0,1,92,80.0,17
201100046138,2011-03-07,48.8922,2.25905,25,4,2,1.0,1,92,260.0,11
201100046147,2011-04-05,48.8934,2.25216,47,4,1,1.0,1,92,93.0,8
201100046162,2011-06-08,48.8999,2.23986,14,4,1,8.0,2,92,38.0,20
201100046262,2011-01-11,48.9387,2.25671,73,4,1,2.0,1,92,120.0,14
201100046300,2011-06-26,48.9341,2.31608,24,4,1,1.0,1,92,50.0,14
201100046301,2011-06-27,48.9371,2.25868,36,3,2,1.0,1,92,80.0,16
201100046355,2011-03-19,48.8194,2.24263,79,4,1,1.0,1,92,65.0,11
201100046365,2011-05-20,48.8238,2.2742,18,4,1,1.0,1,92,80.0,9
201100046376,2011-06-29,48.823,2.25388,13,4,1,1.0,1,92,120.0,19
201100046744,2011-05-25,48.8959,2.21545,25,4,1,1.0,1,92,70.0,20
201100046745,2011-05-28,48.8938,2.21209,32,4,1,1.0,1,92,120.0,16
201100046969,2011-04-16,48.8868,2.24541,65,4,1,1.0,1,92,60.0,17
201100046987,2011-06-18,48.8772,2.24093,11,4,1,1.0,1,92,180.0,17
201100047135,2011-04-18,48.8468,2.16164,13,4,1,1.0,1,92,45.0,14
201100047143,2011-05-21,48.8423,2.20703,34,4,1,1.0,1,92,112.0,14
201100047157,2011-06-30,48.8502,2.21688,39,3,2,1.0,1,92,94.0,10
201100047215,2011-02-19,48.8237,2.20129,52,4,1,1.0,1,92,40.0,12
201100047220,2011-03-18,48.8078,2.18651,49,4,1,1.0,1,92,126.0,8
201100047375,2011-04-07,48.8221,2.28516,47,4,2,7.0,1,92,100.0,8
201100049915,2011-05-19,48.8085,2.41895,42,3,2,1.0,1,94,59.0,17
201100049923,2011-07-26,48.8107,2.41672,10,4,1,1.0,1,94,38.0,17
201100049925,2011-08-31,48.8145,2.41193,37,4,1,1.0,1,94,52.0,9
201100050022,2011-04-17,48.758,2.48713,15,1,1,1.0,1,94,60.0,19
201100050023,2011-04-19,48.7431,2.5019,33,4,1,7.0,1,94,60.0,18
201100050036,2011-05-19,48.756,2.53822,37,4,1,1.0,1,94,50.0,6
201100050248,2011-07-05,48.8179,2.4431,70,4,1,1.0,1,94,80.0,16
201100050286,2011-05-22,48.8181,2.43184,13,4,1,9.0,1,94,80.0,14
201100050311,2011-03-17,48.8304,2.53722,36,4,1,1.0,1,94,60.0,10
201100050339,2011-05-30,48.8236,2.53556,16,4,1,1.0,1,94,62.0,8
201100050410,2011-03-10,48.7612,2.4205,30,3,1,1.0,2,94,61.0,7
201100050423,2011-02-15,48.772,2.41395,14,4,1,2.0,2,94,600.0,18
201100050449,2011-04-11,48.7672,2.41511,11,4,2,1.0,1,94,45.0,14
201100050476,2011-06-30,48.7644,2.40996,30,4,1,1.0,1,94,65.0,15
201100050505,2011-01-19,48.7635,2.48012,48,4,1,1.0,1,94,60.0,8
201100050511,2011-02-03,48.7683,2.45844,28,4,1,1.0,1,94,60.0,10
201100050560,2011-04-13,48.78,2.46168,13,4,1,1.0,1,94,60.0,15
201100050583,2011-05-17,48.7917,2.46199,74,4,1,1.0,1,94,60.0,14
201100050598,2011-06-08,48.7822,2.45474,17,4,2,1.0,1,94,60.0,20
201100050611,2011-06-30,48.7847,2.44808,18,4,1,1.0,1,94,80.0,15
201100050626,2011-07-21,48.7663,2.47402,31,4,1,2.0,1,94,180.0,9
201100050645,2011-08-29,48.7881,2.43992,48,4,2,1.0,1,94,60.0,8
201100050805,2011-04-08,48.8096,2.32835,54,4,2,1.0,1,94,40.0,8
201100051213,2011-03-16,48.8161,2.38272,10,4,1,1.0,1,94,90.0,12
201100051220,2011-04-13,48.8131,2.37016,54,3,2,1.0,1,94,118.0,8
201100051322,2011-01-17,48.8038,2.4502,53,3,2,1.0,1,94,50.0,14
201100051341,2011-04-27,48.8098,2.45175,15,3,1,1.0,1,94,73.0,13
201100051351,2011-06-23,48.8073,2.44611,38,4,2,1.0,1,94,96.0,19
201100051401,2011-01-16,48.8329,2.50213,86,4,1,1.0,1,94,51.0,16
201100051405,2011-01-25,48.8401,2.47318,60,3,2,1.0,1,94,51.0,9
201100051420,2011-03-08,48.8173,2.46715,40,4,1,1.0,1,94,126.0,17
201100051436,2011-05-07,48.8362,2.50384,21,4,1,1.0,1,94,25.0,15
201100051438,2011-04-27,48.8352,2.49955,13,4,1,1.0,1,94,78.0,9
201100051446,2011-05-13,48.8325,2.53156,46,4,1,1.0,1,94,71.0,18
201100051451,2011-05-29,48.8393,2.49931,31,4,1,1.0,1,94,70.0,17
201100051464,2011-08-04,48.8123,2.45948,26,4,1,1.0,1,94,90.0,12
201100051471,2011-08-24,48.8474,2.51095,36,4,1,1.0,1,94,60.0,16
201100051524,2011-03-04,48.804,2.49698,59,4,2,1.0,1,94,50.0,8
201100051542,2011-04-22,48.799,2.47885,12,4,1,1.0,1,94,61.0,14
201100051550,2011-05-12,48.7938,2.49232,65,4,2,1.0,1,94,75.0,10
201100051560,2011-05-30,48.7909,2.5208,58,4,1,1.0,1,94,72.0,15
201100051561,2011-06-01,48.8115,2.47441,43,4,2,1.0,1,94,60.0,12
201100051568,2011-06-17,48.7938,2.49232,12,4,2,1.0,1,94,74.0,17
201100051577,2011-07-02,48.7938,2.48661,72,4,2,1.0,1,94,80.0,10
201100051643,2011-01-18,48.7443,2.4649,17,4,1,1.0,3,94,50.0,7
201100051723,2011-07-19,48.7298,2.4469,54,4,2,3.0,1,94,60.0,10
201100051732,2011-08-07,48.7225,2.42204,77,4,1,1.0,1,94,50.0,9
201100051922,2011-04-02,48.798,2.39944,22,4,2,1.0,2,94,60.0,20
201100051924,2011-04-04,48.7915,2.3947,22,4,1,8.0,1,94,90.0,8
201100052015,2011-01-16,48.9711,2.2591,30,4,1,1.0,1,95,35.0,12
201100052022,2011-01-28,48.9525,2.2436,56,4,2,1.0,1,95,82.0,9
201100052045,2011-03-31,48.9408,2.2476,45,4,1,1.0,1,95,60.0,19
201100052064,2011-05-04,48.9548,2.2311,16,4,1,1.0,1,95,118.0,17
201100052070,2011-05-06,48.9359,2.2347,54,4,1,1.0,1,95,75.0,16
201100052077,2011-05-16,48.9531,2.2588,12,4,1,1.0,1,95,50.0,16
201100052092,2011-06-13,48.9697,2.2299,51,4,1,1.0,1,95,30.0,12
201100052095,2011-06-19,48.9491,2.2534,74,4,1,1.0,1,95,120.0,20
201100052109,2011-07-21,48.9456,2.2546,47,4,1,1.0,1,95,72.0,16
201100052118,2011-08-18,48.9697,2.2632,59,4,1,1.0,1,95,70.0,17
201100052122,2011-09-01,48.9336,2.2406,52,4,1,1.0,1,95,80.0,11
201100052165,2011-11-10,48.9525,2.2436,41,4,1,1.0,1,95,98.0,8
201100052178,2011-11-28,48.9461,2.2479,46,4,1,1.0,2,95,78.0,7
201100052184,2011-12-09,48.9832,2.2279,16,4,1,2.0,5,95,65.0,7
201100052359,2011-07-02,48.9876,2.2586,31,4,1,1.0,1,95,35.0,11
201100052405,2011-05-24,49.0035,2.2812,41,4,1,1.0,1,95,72.0,17
201100052515,2011-04-08,49.1222,2.2439,59,3,2,1.0,2,95,36.0,20
201100052519,2011-04-28,49.1041,2.2493,65,3,1,1.0,1,95,67.0,11
201100052519,2011-04-28,49.1041,2.2493,58,4,1,1.0,1,95,67.0,11
201100052527,2011-08-24,49.1058,2.2908,32,4,1,1.0,1,95,80.0,17
201100054364,2011-04-23,48.7915,2.10082,26,4,1,1.0,1,78,105.0,17
201100056963,2011-07-05,45.5273,4.87256,30,3,2,1.0,1,38,105.0,17
201200000029,2012-10-05,50.45785,3.02463,15,3,1,1.0,1,59,63.0,18
201200000030,2012-10-14,50.44798,3.07207,48,3,1,1.0,1,59,67.0,12
201200000036,2012-03-28,50.97413,2.17926,77,3,2,1.0,1,59,31.0,14
201200000046,2012-02-25,50.88666,2.53487,54,4,1,1.0,1,59,62.0,16
201200000061,2012-07-15,50.73498,2.70072,39,2,1,1.0,2,59,140.0,5
201200000077,2012-07-26,50.65542,2.66185,50,3,2,1.0,1,59,80.0,11
201200000077,2012-07-26,50.65542,2.66185,23,2,2,1.0,1,59,80.0,11
201200000104,2012-05-27,50.34106,3.64687,15,3,2,7.0,1,59,54.0,19
201200000122,2012-10-15,50.06199,3.79383,75,3,1,1.0,1,59,60.0,13
201200000123,2012-11-16,50.12774,3.68654,48,3,2,8.0,5,59,78.0,18
201200000139,2012-10-15,50.11873,3.47756,45,3,2,2.0,3,59,69.0,21
201200000151,2012-11-29,50.1381,3.14429,63,3,1,1.0,1,59,55.0,13
201200000160,2012-01-03,50.29247,3.24218,59,2,1,1.0,3,59,63.0,8
201200000176,2012-05-28,50.31138,3.84653,73,3,1,1.0,1,59,60.0,10
201200000282,2012-08-24,50.714,2.341,64,3,1,1.0,1,62,60.0,16
201200000558,2012-07-10,49.49,3.101,8,3,1,1.0,1,60,42.0,17
201200000559,2012-07-21,49.528,2.925,9,3,1,1.0,1,60,85.0,18
201200000669,2012-09-09,49.5075,1.08447,31,3,2,1.0,1,76,53.0,14
201200000678,2012-07-19,49.57911,1.22979,74,3,2,1.0,1,76,134.0,10
201200000781,2012-05-16,48.9782,1.18735,13,3,1,1.0,1,27,55.0,18
201200000799,2012-03-19,48.7415,0.91813,79,2,2,7.0,1,27,62.0,10
201200000804,2012-10-15,48.815,1.00499,20,2,1,1.0,3,27,66.0,20
201200000810,2012-06-28,49.2644,1.36035,31,3,1,2.0,1,27,40.0,17
201200000866,2012-07-30,49.4369,0.54879,50,2,2,1.0,1,27,66.0,13
201200000868,2012-07-29,49.3481,0.36156,35,3,1,1.0,1,27,124.0,13
201200000949,2012-07-03,47.99577,-1.72653,12,3,1,1.0,1,35,50.0,16
201200001005,2012-11-29,47.94035,-1.22746,49,3,1,7.0,1,35,70.0,10
201200001031,2012-05-29,48.43925,-2.58221,63,2,1,1.0,1,22,49.0,9
201200001031,2012-05-29,48.43925,-2.58221,62,3,1,1.0,1,22,49.0,9
201200001048,2012-02-29,48.18876,-2.75279,65,4,2,1.0,1,22,40.0,11
201200001067,2012-06-10,48.48245,-2.67465,56,3,1,1.0,1,22,61.0,6
201200001077,2012-04-07,48.41643,-2.06195,59,3,1,1.0,1,22,51.0,12
201200001099,2012-07-18,48.59651,-2.19044,15,3,1,1.0,1,22,55.0,17
201200001100,2012-07-24,48.55126,-2.10853,74,2,1,1.0,1,22,59.0,11
201200001104,2012-08-22,48.62447,-2.33886,17,3,2,1.0,1,22,60.0,11
201200001204,2012-06-27,48.59045,-4.3324,14,2,1,1.0,1,29,69.0,14
201200001232,2012-08-18,48.19841,-4.08911,18,3,1,7.0,1,29,80.0,15
201200001251,2012-03-18,48.53786,-3.79717,46,3,1,1.0,1,29,87.0,8
201200001255,2012-06-28,48.68937,-3.78408,72,3,1,1.0,1,29,68.0,11
201200001279,2012-12-10,48.63394,-3.9824,58,2,2,1.0,2,29,60.0,8
201200001292,2012-12-04,47.73501,-2.83565,39,2,1,1.0,3,56,78.0,18
201200001347,2012-08-24,47.95033,-3.22597,65,2,1,6.0,1,56,40.0,11
201200001348,2012-08-26,47.80523,-3.5036,50,3,1,1.0,1,56,50.0,9
201200001406,2012-09-12,48.07381,-2.96343,12,3,1,1.0,1,56,66.0,14
201200001429,2012-08-17,49.2946,-0.378,86,3,1,1.0,1,14,69.0,10
201200001441,2012-05-12,49.1195,-0.16599,73,4,1,1.0,1,14,58.0,17
201200001521,2012-08-29,49.017,0.4119,10,3,2,1.0,1,14,40.0,13
201200001528,2012-08-21,49.2581,0.0862,71,3,2,1.0,1,14,76.0,11
201200001593,2012-12-04,48.8083,-1.402,18,4,1,3.0,3,50,70.0,19
201200001645,2012-02-19,49.0972,-1.5884,52,4,2,1.0,1,50,60.0,14
201200001691,2012-01-05,46.2147,5.2043,18,4,1,3.0,5,01,60.0,7
201200001740,2012-06-10,46.1649,5.22083,47,4,1,8.0,1,01,66.0,10
201200001970,2012-10-05,47.42,-1.653,44,3,1,7.0,1,44,60.0,18
201200002028,2012-04-15,47.333,-2.43,40,3,1,1.0,1,44,100.0,11
201200002063,2012-09-28,47.43,-2.064,63,3,1,1.0,1,44,62.0,14
201200002146,2012-09-29,47.37188,-0.14579,76,3,1,1.0,1,49,56.0,11
201200002186,2012-08-23,47.7101,-0.50366,51,3,1,7.0,1,49,53.0,8
201200002201,2012-02-07,47.82523,-0.68762,16,2,2,1.0,1,53,90.0,17
201200002272,2012-09-26,47.925,-0.023,45,2,1,8.0,1,72,62.0,17
201200002288,2012-05-11,47.812,0.107,14,4,1,1.0,1,72,50.0,17
201200002433,2012-03-28,46.81116,-0.94019,7,3,1,1.0,1,85,47.0,11
201200002479,2012-04-16,46.65145,-1.55517,7,3,1,1.0,1,85,45.0,18
201200002489,2012-02-11,46.69593,-1.89727,41,2,1,1.0,3,85,60.0,20
201200002536,2012-08-03,46.46338,-1.63565,52,4,1,1.0,1,85,54.0,17
201200002604,2012-08-01,45.049,-0.556,12,3,1,1.0,1,33,51.0,17
201200002622,2012-06-17,44.913,-0.441,74,3,1,1.0,1,33,60.0,9
201200002697,2012-08-19,44.441,-0.221,82,3,1,1.0,1,33,75.0,9
201200002756,2012-05-09,44.921,-0.22,53,3,1,1.0,1,33,70.0,15
201200002774,2012-09-20,44.852,-0.221,74,3,1,1.0,1,33,69.0,14
201200002800,2012-01-13,44.845,0.222,62,3,2,1.0,1,33,25.0,11
201200002886,2012-07-04,44.921,1.02499,12,3,2,2.0,1,24,30.0,16
201200002886,2012-07-04,44.921,1.02499,9,1,2,2.0,1,24,30.0,16
201200002917,2012-02-20,43.75572,-0.81521,54,3,1,1.0,1,40,40.0,10
201200002960,2012-11-23,43.54762,-1.48825,84,3,1,1.0,1,40,56.0,16
201200002962,2012-12-15,43.5376,-1.45829,69,3,2,1.0,1,40,59.0,11
201200002969,2012-01-23,44.1139,-0.93662,65,3,1,1.0,1,40,51.0,15
201200002969,2012-01-23,44.1139,-0.93662,66,1,1,1.0,1,40,51.0,15
201200002980,2012-08-16,44.17534,-0.74603,52,4,1,1.0,1,40,60.0,10
201200003033,2012-07-11,44.2265,0.68609,15,3,2,1.0,1,47,45.0,17
201200003050,2012-06-12,44.2103,0.50224,48,2,1,1.0,1,47,73.0,18
201200003059,2012-08-16,44.2635,0.8258,46,3,1,1.0,1,47,60.0,10
201200003097,2012-11-30,44.3125,0.0919,91,3,1,7.0,1,47,104.0,11
201200003105,2012-07-08,44.4217,0.65671,8,4,1,1.0,1,47,61.0,19
201200003113,2012-02-21,44.3985,0.96103,48,4,1,1.0,1,47,60.0,17
201200003116,2012-08-18,44.4901,1.0,52,3,2,1.0,1,47,70.0,8
201200003146,2012-06-16,43.336,-0.1,74,4,1,1.0,1,64,60.0,15
201200003212,2012-05-30,43.223,-0.892,79,2,2,1.0,1,64,84.0,11
201200003318,2012-04-05,46.208,0.534,67,2,1,1.0,1,86,60.0,17
201200003360,2012-10-02,45.34928,0.01829,84,2,1,1.0,1,16,48.0,17
201200003385,2012-09-19,45.74071,0.07691,10,3,1,1.0,1,16,48.0,14
201200003414,2012-06-28,46.2,-1.433,61,3,2,1.0,1,17,45.0,13
201200003418,2012-12-26,46.178,-1.365,79,3,1,1.0,1,17,45.0,15
201200003427,2012-08-19,45.526,-0.542,50,3,2,1.0,1,17,48.0,9
201200003569,2012-07-27,45.868,-0.296,55,3,1,1.0,1,17,60.0,20
201200003787,2012-03-03,43.4613,1.59817,23,2,1,1.0,3,31,63.0,19
201200003832,2012-12-30,43.7549,1.34801,58,3,1,7.0,1,31,62.0,9
201200003879,2012-06-19,43.20643,1.22842,80,4,1,1.0,1,31,56.0,11
201200003882,2012-04-03,43.174,0.96634,45,3,1,2.0,1,31,91.0,18
201200003931,2012-09-11,42.8579,0.50288,56,3,1,1.0,1,31,26.0,14
201200003959,2012-01-25,43.07945,1.3606,5,3,1,1.0,1,09,40.0,14
201200003969,2012-05-10,49.94124,1.73912,44,3,1,1.0,2,09,35.0,7
201200004128,2012-08-11,43.739,0.35698,51,3,2,1.0,1,32,60.0,9
201200004178,2012-07-08,43.8511,0.64093,5,3,2,1.0,1,32,26.0,19
201200004185,2012-10-08,43.8219,0.65278,49,4,1,1.0,1,32,72.0,19
201200004201,2012-03-16,43.5377,0.05201,69,2,2,1.0,1,32,59.0,12
201200004239,2012-12-20,44.47757,1.28405,46,3,1,2.0,5,46,65.0,18
201200004257,2012-05-03,44.87669,1.82573,68,3,1,1.0,1,46,47.0,15
201200004289,2012-11-20,43.20471,0.12175,62,4,1,1.0,1,65,63.0,12
201200004290,2012-12-12,43.20478,0.0403,58,3,2,1.0,2,65,91.0,17
201200004292,2012-06-09,43.18687,0.3453,46,3,1,1.0,1,65,36.0,15
201200004327,2012-08-16,43.775,1.984,47,3,1,5.0,1,81,74.0,9
201200004382,2012-10-04,49.56942,3.64219,21,3,1,3.0,1,02,60.0,7
201200004384,2012-10-23,49.55346,3.62612,49,4,1,1.0,1,02,60.0,18
201200004550,2012-04-17,45.667,5.002,71,2,1,1.0,1,69,57.0,14
201200004635,2012-06-05,46.017,4.639,46,3,2,1.0,1,69,29.0,18
201200004713,2012-04-26,46.1837,5.30699,55,3,2,1.0,2,01,65.0,10
201200004714,2012-06-20,46.2465,5.42325,18,3,1,1.0,1,01,57.0,18
201200004714,2012-06-20,46.2465,5.42325,25,4,1,1.0,1,01,57.0,18
201200004817,2012-03-01,46.1246,4.95064,81,2,1,1.0,1,01,80.0,15
201200004823,2012-03-15,45.9285,5.07372,68,4,1,1.0,1,01,45.0,14
201200004841,2012-02-28,45.8759,4.96547,47,3,2,1.0,1,01,62.0,7
201200004857,2012-06-20,46.0678,4.77122,63,3,1,1.0,1,01,80.0,18
201200004859,2012-09-21,46.177,4.835,58,3,1,1.0,1,01,67.0,14
201200004897,2012-07-27,44.522,4.335,47,3,1,1.0,1,07,33.0,13
201200005031,2012-09-22,49.86157,3.30969,72,3,1,1.0,1,02,90.0,11
201200005067,2012-07-09,45.022,5.29,52,3,2,1.0,1,26,65.0,13
201200005096,2012-03-15,49.39295,3.33995,35,4,2,1.0,1,02,70.0,7
201200005098,2012-03-16,49.37814,3.32878,18,1,1,1.0,1,02,60.0,15
201200005114,2012-06-12,49.38427,3.32967,35,4,1,1.0,1,02,59.0,8
201200005128,2012-08-13,49.37668,3.31084,41,4,1,1.0,1,02,59.0,13
201200005133,2012-09-06,49.37742,3.3306,30,4,2,1.0,2,02,59.0,19
201200005160,2012-03-21,45.2301,5.85613,42,3,1,1.0,3,38,90.0,5
201200005172,2012-10-07,45.4523,6.00098,48,2,1,2.0,1,38,71.0,16
201200005213,2012-10-10,49.64811,3.32752,83,2,1,1.0,1,02,50.0,16
201200005214,2012-12-03,49.66347,3.36142,12,3,1,1.0,5,02,68.0,17
201200005215,2012-12-25,49.66132,3.34861,65,3,2,1.0,1,02,46.0,10
201200005229,2012-08-25,45.087,5.766,77,3,1,1.0,1,38,80.0,9
201200005231,2012-01-14,45.1569,5.32771,43,3,1,7.0,2,38,100.0,15
201200005252,2012-08-08,45.298,5.585,71,3,1,1.0,1,38,90.0,12
201200005289,2012-05-20,45.4607,5.53483,39,3,2,1.0,1,38,75.0,10
201200005289,2012-05-20,45.4607,5.53483,54,4,2,1.0,1,38,75.0,10
201200005289,2012-05-20,45.4607,5.53483,53,2,1,1.0,1,38,75.0,10
201200005323,2012-07-29,45.397,5.239,65,4,1,1.0,1,38,143.0,18
201200005373,2012-07-11,45.51,4.423,66,3,1,1.0,1,42,67.0,17
201200005378,2012-01-19,45.58889,4.15144,73,2,1,1.0,1,42,60.0,14
201200005389,2012-03-17,45.5418,4.18605,54,3,1,1.0,1,42,50.0,10
201200005403,2012-06-23,45.75795,4.01457,70,3,2,1.0,1,42,60.0,16
201200005430,2012-11-07,45.58419,4.32228,57,2,1,1.0,1,42,75.0,15
201200005432,2012-05-14,45.36312,4.66577,64,3,1,1.0,1,42,50.0,9
201200005481,2012-02-03,45.7172,5.91759,44,4,1,1.0,3,73,70.0,19
201200005486,2012-07-08,45.77914,5.8647,42,2,2,1.0,1,73,94.0,13
201200005488,2012-08-03,45.72176,5.92308,69,2,1,1.0,1,73,80.0,15
201200005507,2012-08-19,45.66095,5.85836,75,3,1,1.0,1,73,64.0,17
201200005507,2012-08-19,45.66095,5.85836,76,3,2,1.0,1,73,64.0,17
201200005516,2012-03-01,45.55143,6.20863,57,3,1,1.0,1,73,68.0,11
201200005530,2012-06-10,45.73089,6.51969,40,3,1,1.0,1,73,51.0,13
201200005538,2012-08-10,45.58446,6.8849,34,3,1,7.0,1,73,60.0,11
201200005558,2012-07-12,45.50784,6.44557,59,3,1,1.0,1,73,58.0,15
201200005657,2012-05-15,46.131,6.502,48,3,1,1.0,1,74,77.0,11
201200005659,2012-07-10,46.15,6.653,30,3,2,1.0,1,74,60.0,15
201200005661,2012-08-19,46.088,6.676,71,4,1,1.0,1,74,65.0,18
201200005728,2012-08-17,45.747,3.35,17,3,2,1.0,1,63,74.0,14
201200005729,2012-10-10,45.776,3.297,23,4,1,1.0,1,63,75.0,9
201200005756,2012-12-24,45.81562,3.17139,80,3,1,1.0,1,63,75.0,15
201200005779,2012-06-13,45.401,3.793,71,3,1,1.0,1,63,51.0,16
201200005782,2012-06-23,45.544,3.25,34,3,1,1.0,1,63,65.0,11
201200005786,2012-10-10,45.578,3.042,74,3,1,1.0,1,63,50.0,15
201200005858,2012-06-06,46.642,3.66,42,3,2,1.0,1,03,54.0,18
201200005870,2012-01-17,46.407,3.048,64,2,1,1.0,1,03,76.0,13
201200005924,2012-07-03,44.94,2.392,74,3,1,1.0,1,15,77.0,8
201200005947,2012-07-31,45.155,2.26,42,3,1,7.0,1,15,66.0,7
201200005961,2012-09-01,45.045,3.081,13,3,1,1.0,1,15,59.0,9
201200005981,2012-06-08,44.954,4.009,63,4,2,1.0,1,43,49.0,17
201200006131,2012-06-30,49.00894,6.39427,16,3,1,1.0,1,57,52.0,19
201200006262,2012-05-24,48.73249,6.30515,51,3,1,5.0,2,54,72.0,5
201200006268,2012-09-06,48.655,6.303,51,3,1,1.0,2,54,57.0,18
201200006276,2012-03-21,48.79431,6.14966,62,3,1,1.0,1,54,72.0,16
201200006383,2012-03-16,49.07885,5.90542,74,2,1,1.0,1,54,82.0,14
201200006412,2012-09-04,48.54635,5.78122,10,4,1,1.0,1,54,57.0,15
201200006444,2012-09-09,48.874,5.553,8,3,2,1.0,1,55,36.0,10
201200006461,2012-07-05,49.03408,5.43518,13,3,2,1.0,1,55,74.0,11
201200006482,2012-08-19,48.37931,6.27163,61,3,1,1.0,1,88,12.0,11
201200006505,2012-03-22,48.10552,6.45852,16,4,1,1.0,1,88,70.0,7
201200006571,2012-06-16,48.18103,6.80913,31,3,1,1.0,1,88,60.0,15
201200006571,2012-06-16,48.18103,6.80913,24,1,1,1.0,1,88,60.0,15
201200006571,2012-06-16,48.18103,6.80913,20,1,1,1.0,1,88,60.0,15
201200006689,2012-12-18,48.661,7.83,53,3,1,8.0,2,67,122.0,7
201200006703,2012-10-22,48.589,7.668,56,3,2,1.0,1,67,70.0,16
201200006703,2012-10-22,48.589,7.668,3,1,1,1.0,1,67,70.0,16
201200006758,2012-01-02,48.04003,7.13513,36,4,1,2.0,2,68,60.0,8
201200006766,2012-09-07,48.00544,7.11567,63,3,1,1.0,1,68,42.0,17
201200006770,2012-09-29,48.04239,7.15994,62,3,2,1.0,1,68,70.0,11
201200006780,2012-01-06,48.222,7.409,23,2,1,2.0,3,68,65.0,17
201200006792,2012-10-21,48.22725,7.1522,58,3,1,1.0,1,68,60.0,14
201200006793,2012-08-10,48.02909,7.31289,59,3,1,1.0,1,68,33.0,10
201200006845,2012-09-27,47.52068,7.46909,8,3,1,1.0,1,68,50.0,16
201200006854,2012-03-13,47.80261,7.11796,47,4,1,1.0,1,68,63.0,15
201200006861,2012-08-04,47.81242,7.1656,49,3,1,1.0,1,68,70.0,18
201200006874,2012-11-07,47.88391,6.9997,51,3,1,1.0,3,68,65.0,22
201200006978,2012-08-09,49.6494,4.5831,42,2,1,1.0,1,08,70.0,17
201200007058,2012-01-21,48.2311,4.70434,89,3,2,2.0,1,10,57.0,8
201200007091,2012-03-29,48.504,3.909,53,3,1,1.0,1,10,60.0,16
201200007097,2012-03-20,48.04609,5.05759,52,2,2,1.0,1,52,155.0,11
201200007098,2012-03-31,48.23114,5.13823,56,4,1,1.0,1,52,73.0,14
201200007098,2012-03-31,48.23114,5.13823,58,3,1,1.0,1,52,73.0,14
201200007098,2012-03-31,48.23114,5.13823,65,3,1,1.0,1,52,73.0,14
201200007125,2012-08-04,47.78884,5.4137,63,3,2,1.0,1,52,68.0,11
201200007302,2012-03-25,47.166,3.021,54,3,1,1.0,1,58,75.0,18
201200007337,2012-02-26,46.956,4.292,43,3,1,1.0,1,71,60.0,11
201200007346,2012-08-01,46.835,4.716,57,3,1,1.0,1,71,35.0,12
201200007355,2012-01-04,46.607,4.896,28,3,1,7.0,1,71,80.0,13
201200007369,2012-12-31,46.443,4.274,51,2,1,1.0,3,71,25.0,19
201200007383,2012-07-31,46.21221,4.10144,13,2,2,1.0,1,71,25.0,14
201200007419,2012-09-17,46.657,5.088,56,3,1,1.0,1,71,57.0,17
201200007459,2012-10-22,47.77362,3.61823,16,3,1,1.0,3,89,68.0,7
201200007590,2012-10-31,47.33,6.814,13,3,1,1.0,1,25,68.0,14
201200007606,2012-03-30,47.13271,6.43472,7,4,2,1.0,1,25,60.0,16
201200007639,2012-06-06,47.06977,6.61596,49,3,1,1.0,1,25,58.0,14
201200007674,2012-06-10,46.82,6.058,53,4,1,1.0,1,39,62.0,9
201200007878,2012-05-24,43.45131,5.67783,74,3,1,1.0,1,13,72.0,11
201200007945,2012-03-12,43.2971,5.62062,31,4,1,1.0,1,13,70.0,17
201200007960,2012-08-24,43.2208,5.54005,25,3,1,1.0,5,13,60.0,1
201200007960,2012-08-24,43.2208,5.54005,25,3,1,1.0,5,13,60.0,1
201200008107,2012-08-02,44.758,5.88499,68,3,1,1.0,1,38,55.0,15
201200008129,2012-07-29,44.97383,6.50806,7,3,1,1.0,1,05,18.0,13
201200008134,2012-05-12,44.51445,6.39972,51,1,1,1.0,1,05,65.0,12
201200008162,2012-03-04,43.842,7.232,42,1,2,1.0,1,06,44.0,12
201200008162,2012-03-04,43.842,7.232,42,3,2,1.0,1,06,44.0,12
201200008512,2012-11-03,43.923,5.052,38,3,2,1.0,1,84,78.0,10
201200008570,2012-05-12,44.05,5.137,49,2,1,1.0,1,84,47.0,8
201200008738,2012-08-25,43.419,3.166,48,3,2,1.0,1,34,100.0,10
201200008742,2012-04-15,43.28543,2.72838,41,3,1,1.0,1,34,70.0,11
201200008759,2012-08-08,43.606,2.705,51,3,1,7.0,2,34,72.0,19
201200008774,2012-04-11,43.28356,3.2809,15,3,1,1.0,1,34,57.0,14
201200008784,2012-08-28,43.472,3.604,67,3,1,1.0,1,34,71.0,16
201200008804,2012-03-13,43.32149,3.5313,69,3,2,1.0,1,34,60.0,14
201200008817,2012-11-23,43.534,3.917,66,3,1,1.0,1,34,60.0,11
201200008825,2012-10-14,43.43839,3.62349,16,2,1,8.0,3,34,76.0,0
201200008825,2012-10-14,43.43839,3.62349,17,3,1,8.0,3,34,76.0,0
201200008836,2012-10-04,43.254,2.669,10,3,1,1.0,1,11,55.0,18
201200008923,2012-03-31,43.52626,4.14986,70,4,1,1.0,1,30,60.0,14
201200008932,2012-08-10,43.52176,4.14182,16,3,2,1.0,1,30,135.0,17
201200008937,2012-11-19,43.54009,4.13413,74,3,1,7.0,1,30,62.0,10
201200008953,2012-07-29,43.8277,4.0953,68,4,2,1.0,1,30,70.0,10
201200008957,2012-10-11,43.78361,4.20184,14,1,1,1.0,1,30,30.0,13
201200008957,2012-10-11,43.78361,4.20184,73,4,1,1.0,1,30,30.0,13
201200008966,2012-09-12,43.87364,4.44293,52,3,1,1.0,1,30,55.0,18
201200009006,2012-09-16,44.1795,4.05112,65,3,1,1.0,1,30,114.0,12
201200009010,2012-02-25,44.15929,4.05973,68,3,1,1.0,1,30,71.0,14
201200009027,2012-06-20,44.08165,4.12741,73,3,1,1.0,1,30,46.0,10
201200009041,2012-05-30,44.2892,4.32804,57,3,2,1.0,1,30,53.0,16
201200009042,2012-06-11,44.22588,4.34787,11,4,1,1.0,1,30,45.0,17
201200009116,2012-02-25,43.85509,4.18149,40,2,1,1.0,1,30,90.0,16
201200009125,2012-05-19,43.96024,4.23705,74,3,1,1.0,1,30,74.0,9
201200009164,2012-09-10,44.248,3.356,55,3,1,1.0,1,48,50.0,13
201200009164,2012-09-10,44.248,3.356,54,2,2,1.0,1,48,50.0,13
201200009196,2012-07-02,42.8,3.03694,54,3,2,1.0,1,66,60.0,11
201200009216,2012-01-14,42.54324,2.92668,81,3,2,1.0,1,66,30.0,9
201200009373,2012-05-24,44.88363,6.62704,31,3,1,7.0,1,05,90.0,7
201200009389,2012-10-28,44.91567,6.62332,41,4,1,1.0,5,05,80.0,20
201200009399,2012-07-05,44.56658,6.08982,58,4,2,1.0,1,05,67.0,16
201200009413,2012-08-17,49.06037,1.67737,35,3,1,1.0,1,78,34.0,17
201200009439,2012-04-22,48.49342,1.87172,23,3,1,2.0,1,78,66.0,15
201200009470,2012-07-24,48.63637,2.00088,68,2,1,1.0,1,78,45.0,11
201200009504,2012-09-01,48.349,2.277,46,2,2,1.0,1,91,50.0,11
201200009520,2012-03-28,48.598,2.225,12,3,1,1.0,1,91,45.0,18
201200009550,2012-08-06,48.637,2.064,40,4,2,1.0,1,91,64.0,12
201200009590,2012-05-12,49.0741,2.1856,54,2,1,1.0,5,95,61.0,22
201200009591,2012-07-03,49.0703,2.1584,29,3,1,1.0,1,95,60.0,18
201200009592,2012-07-22,49.0719,2.1817,36,4,1,1.0,1,95,51.0,16
201200009609,2012-09-07,49.0302,2.3326,62,3,2,1.0,1,95,70.0,14
201200009759,2012-02-12,47.86241,2.22671,79,3,2,1.0,1,45,72.0,8
201200009761,2012-03-27,47.92218,2.11811,69,3,1,1.0,1,45,60.0,16
201200009774,2012-02-20,47.82589,1.76305,15,4,2,1.0,1,45,73.0,7
201200009781,2012-11-07,47.75344,1.82186,29,3,1,7.0,1,45,50.0,16
201200009784,2012-07-18,47.79055,2.19867,40,4,1,7.0,1,45,56.0,11
201200009801,2012-09-11,47.70591,2.62665,14,4,1,2.0,1,45,90.0,17
201200009804,2012-09-30,47.53323,2.76207,25,3,1,1.0,1,45,51.0,8
201200009904,2012-09-14,48.57,1.334,13,2,1,1.0,1,28,53.0,18
201200009942,2012-03-27,48.079,1.339,15,3,1,1.0,1,28,100.0,17
201200010035,2012-08-11,46.8678,1.71875,62,3,1,1.0,1,36,77.0,17
201200010192,2012-07-25,47.6175,1.12585,22,3,1,1.0,1,41,60.0,19
201200010200,2012-03-02,47.6384,2.05408,25,2,1,5.0,2,41,55.0,7
201200011967,2012-08-14,44.1928,0.30483,76,2,1,1.0,3,47,60.0,22
201200012490,2012-03-25,49.7484,4.7298,10,3,2,1.0,1,08,50.0,15
201200012556,2012-08-22,47.5598,1.5779,65,3,1,7.0,1,41,64.0,8
201200012567,2012-12-20,48.38055,-4.62254,13,3,1,2.0,2,29,40.0,18
201200012643,2012-07-24,45.173,5.667,39,4,2,1.0,1,38,78.0,18
201200012741,2012-05-07,49.0132,2.00159,49,3,1,1.0,1,95,70.0,13
201200012864,2012-11-22,43.11436,1.61958,56,4,2,1.0,1,09,85.0,12
201200013009,2012-05-29,45.49941,4.24039,65,4,1,1.0,1,42,80.0,17
201200013011,2012-10-06,45.44477,4.17687,64,3,1,1.0,1,42,40.0,10
201200013011,2012-10-06,45.44477,4.17687,61,4,1,1.0,1,42,40.0,10
201200013064,2012-09-19,45.46,4.81,13,3,1,1.0,1,38,60.0,14
201200013222,2012-02-23,48.29611,4.09432,67,4,1,1.0,5,10,70.0,20
201200013246,2012-07-18,48.29249,4.07384,56,3,1,1.0,1,10,140.0,14
201200013257,2012-09-16,48.29106,4.08842,45,4,1,1.0,1,10,90.0,10
201200013272,2012-10-01,48.30073,4.07528,30,4,2,1.0,2,10,28.0,18
201200013282,2012-11-22,48.30377,4.07852,50,3,2,1.0,1,10,140.0,8
201200013698,2012-06-27,43.616,5.305,58,3,1,1.0,1,13,49.0,8
201200013813,2012-01-28,44.927,0.187,84,3,1,1.0,1,24,54.0,14
201200013839,2012-01-02,43.5245,5.43946,53,4,1,1.0,5,13,60.0,18
201200014294,2012-12-21,43.2665,5.39451,28,1,1,1.0,1,13,29.0,10
201200014699,2012-12-21,43.3463,5.45626,13,3,1,1.0,5,13,37.0,17
201200015182,2012-05-02,43.3524,5.4812,55,4,1,1.0,1,13,63.0,13
201200015405,2012-05-10,43.2899,5.441,27,4,1,1.0,1,13,30.0,9
201200016082,2012-09-21,43.282,5.39959,22,3,2,1.0,1,13,60.0,9
201200016184,2012-09-27,43.2552,5.4007,50,4,1,1.0,1,13,90.0,12
201200016323,2012-10-22,43.3203,5.49391,23,3,2,1.0,5,13,47.0,5
201200016424,2012-10-29,43.3526,5.48181,26,4,1,1.0,1,13,60.0,10
201200016458,2012-10-13,43.3873,5.35216,50,4,1,1.0,1,13,77.0,11
201200016557,2012-11-20,43.2864,5.41646,83,4,1,1.0,1,13,70.0,11
201200016561,2012-12-01,43.2814,5.39948,31,4,1,1.0,1,13,60.0,11
201200016593,2012-11-16,43.2543,5.38023,85,3,1,1.0,1,13,89.0,12
201200016645,2012-12-16,43.2387,5.47875,51,2,1,2.0,1,13,60.0,11
201200016645,2012-12-16,43.2387,5.47875,50,3,1,2.0,1,13,60.0,11
201200016669,2012-12-18,43.2923,5.40105,50,2,1,1.0,1,13,97.0,11
201200016702,2012-11-11,43.2899,5.36654,22,4,1,1.0,5,13,110.0,1
201200016734,2012-11-24,43.2869,5.35255,62,3,1,1.0,5,13,68.0,17
201200016908,2012-10-24,43.6306,5.09783,64,3,1,1.0,1,13,70.0,16
201200016979,2012-03-25,43.431,5.24054,16,3,1,1.0,1,13,80.0,14
201200017078,2012-07-20,43.4232,5.24109,56,4,1,1.0,1,13,40.0,7
201200017272,2012-01-16,49.1852,-0.35931,44,3,2,1.0,1,14,32.0,9
201200017289,2012-04-13,49.2021,-0.36084,26,3,2,1.0,1,14,80.0,8
201200017292,2012-04-25,49.1789,-0.40252,72,3,1,2.0,1,14,80.0,10
201200017302,2012-06-05,49.1603,-0.33399,59,4,1,8.0,1,14,51.0,7
201200017308,2012-06-27,49.1746,-0.33831,70,3,2,1.0,1,14,96.0,14
201200017319,2012-08-03,49.219,-0.36701,21,4,1,2.0,1,14,115.0,16
201200017321,2012-08-07,49.1982,-0.35408,61,3,1,1.0,1,14,60.0,15
201200017361,2012-02-22,43.41269,1.12408,39,3,2,7.0,1,31,60.0,17
201200017591,2012-05-27,47.194,0.71,17,3,1,1.0,1,37,56.0,11
201200017708,2012-03-26,49.1282,0.43635,80,3,1,1.0,1,27,43.0,16
201200017805,2012-03-28,45.538,0.852,9,3,1,1.0,1,24,36.0,15
201200017843,2012-10-07,45.175,1.326,10,3,1,8.0,1,24,37.0,16
201200017873,2012-07-05,48.18694,-0.54252,37,3,1,1.0,1,53,52.0,19
201200017897,2012-08-08,47.85574,-0.9116,75,2,1,1.0,1,53,37.0,15
201200017905,2012-01-13,48.407,-0.628,75,2,1,7.0,1,53,47.0,9
201200017985,2012-10-21,45.55634,0.13058,40,3,1,8.0,1,16,45.0,10
201200018000,2012-09-03,45.81647,0.22088,13,3,1,1.0,1,16,60.0,17
201200018023,2012-08-28,46.6642,1.57314,46,3,1,1.0,1,36,60.0,16
201200018089,2012-08-19,47.3582,2.82077,67,2,1,1.0,1,18,67.0,9
201200018106,2012-05-23,46.7374,2.53472,66,3,1,1.0,1,18,45.0,17
201200018142,2012-06-02,45.67687,5.85166,46,3,1,1.0,1,73,110.0,18
201200018153,2012-07-30,45.53959,5.69504,63,3,1,1.0,1,73,43.0,18
201200018156,2012-09-14,45.49159,5.99839,71,2,1,1.0,1,73,73.0,17
201200018165,2012-01-20,45.27124,6.36344,54,3,1,2.0,1,73,32.0,17
201200018203,2012-04-22,47.88475,2.50809,75,3,1,1.0,1,45,60.0,10
201200018314,2012-07-29,42.88788,1.37131,51,3,1,1.0,1,09,37.0,11
201200018329,2012-01-21,49.1978,-1.19379,70,2,1,1.0,1,50,52.0,16
201200018373,2012-04-09,49.2136,0.0192,7,3,1,8.0,1,14,45.0,11
201200018374,2012-04-30,49.2541,-0.06797,59,2,1,3.0,1,14,54.0,16
201200018423,2012-10-15,43.669,7.046,45,3,1,1.0,1,06,40.0,15
201200018503,2012-08-10,48.8445,5.84114,66,3,1,7.0,1,54,60.0,19
201200018510,2012-09-15,42.48091,2.68058,40,3,1,1.0,1,66,62.0,14
201200018682,2012-05-03,45.8208,5.64285,69,3,1,1.0,1,01,109.0,13
201200018682,2012-05-03,45.8208,5.64285,60,2,1,1.0,1,01,109.0,13
201200018692,2012-07-10,46.1876,5.5235,58,3,1,1.0,1,01,60.0,9
201200018840,2012-04-10,45.0693,5.73176,64,2,2,1.0,1,38,60.0,14
201200018841,2012-07-22,45.041,5.768,61,3,1,1.0,1,38,30.0,11
201200018842,2012-08-14,45.106,5.74299,49,3,1,1.0,1,38,55.0,12
201200018850,2012-06-21,45.6102,5.61849,73,2,1,1.0,1,38,63.0,11
201200018866,2012-03-10,45.261,5.906,61,4,1,1.0,1,38,70.0,13
201200018867,2012-03-14,45.2299,5.85589,74,3,1,1.0,1,38,80.0,14
201200018875,2012-09-12,45.14,5.297,25,3,1,8.0,3,38,72.0,6
201200018887,2012-05-04,45.4334,5.28117,69,3,1,1.0,1,38,70.0,15
201200018910,2012-03-24,45.6089,5.01694,27,3,1,1.0,1,38,58.0,9
201200018941,2012-12-21,48.44397,-4.45685,66,3,1,8.0,1,29,60.0,15
201200018957,2012-08-30,48.16919,-3.95392,43,2,1,7.0,1,29,59.0,18
201200018976,2012-08-07,47.82536,-3.79559,74,3,1,1.0,1,29,52.0,15
201200018982,2012-04-18,43.53241,3.91901,67,3,1,1.0,1,34,46.0,15
201200018989,2012-09-03,43.54,3.91,55,3,2,1.0,1,34,40.0,10
201200018990,2012-09-23,43.53271,3.92726,69,2,1,1.0,1,34,48.0,16
201200019002,2012-12-17,47.9916,-2.08902,62,3,1,2.0,2,35,59.0,7
201200019012,2012-09-09,48.64078,-1.87445,47,3,1,1.0,3,35,60.0,23
201200019035,2012-08-29,48.04682,-1.57746,80,2,1,1.0,1,35,42.0,10
201200019078,2012-10-13,47.351,-2.424,19,2,2,2.0,3,44,78.0,8
201200019087,2012-09-24,47.316,5.996,24,3,2,3.0,2,25,70.0,7
201200019149,2012-09-18,48.17358,-2.74788,44,3,1,1.0,2,22,60.0,7
201200019155,2012-03-31,48.25688,-2.39143,10,4,1,1.0,1,22,48.0,20
201200019155,2012-03-31,48.25688,-2.39143,12,4,1,1.0,1,22,48.0,20
201200019210,2012-11-21,47.869,7.256,72,3,1,1.0,1,68,83.0,11
201200019215,2012-09-27,43.405,3.104,80,3,1,1.0,1,34,85.0,10
201200019230,2012-05-07,43.627,3.437,14,3,1,1.0,1,34,60.0,17
201200019230,2012-05-07,43.627,3.437,12,4,1,1.0,1,34,60.0,17
201200019246,2012-12-30,43.591,3.419,54,3,1,1.0,1,34,46.0,22
201200019313,2012-09-09,46.742,0.291,43,1,1,1.0,1,86,48.0,10
201200019313,2012-09-09,46.742,0.291,58,1,1,1.0,1,86,48.0,10
201200019313,2012-09-09,46.742,0.291,77,3,1,1.0,1,86,48.0,10
201200019313,2012-09-09,46.742,0.291,40,3,1,1.0,1,86,48.0,10
201200019315,2012-10-05,46.689,0.256,24,3,2,1.0,1,86,96.0,10
201200019332,2012-01-28,48.31067,-4.2279,55,3,1,1.0,1,29,40.0,9
201200019346,2012-12-11,47.5256,1.38327,88,3,1,1.0,1,41,45.0,12
201200019348,2012-05-20,47.7217,1.56312,26,3,1,1.0,1,41,73.0,12
201200019375,2012-09-09,47.2824,1.35472,61,1,1,1.0,1,41,60.0,11
201200019375,2012-09-09,47.2824,1.35472,86,3,1,1.0,1,41,60.0,11
201200019418,2012-12-28,44.319,0.084,65,3,1,1.0,1,47,115.0,15
201200019434,2012-07-18,45.70767,4.16131,66,3,1,1.0,1,42,70.0,10
201200019441,2012-09-14,45.62805,4.16721,35,3,1,1.0,1,42,75.0,17
201200019443,2012-11-17,45.54826,4.32184,54,3,1,1.0,1,42,44.0,12
201200019456,2012-08-03,44.294,2.582,76,3,1,1.0,1,12,73.0,11
201200019489,2012-07-05,47.46523,-0.39968,15,4,1,1.0,1,49,48.0,17
201200019635,2012-09-09,47.84549,3.56594,76,3,1,1.0,1,89,52.0,10
201200019664,2012-07-07,47.87378,3.98978,73,3,1,1.0,1,89,80.0,10
201200019771,2012-08-15,46.268,4.652,54,3,2,1.0,1,69,25.0,11
201200019806,2012-08-23,45.545,-1.095,28,3,2,1.0,1,33,77.0,10
201200019807,2012-03-11,44.81,-0.262,57,3,1,1.0,1,33,31.0,11
201200019952,2012-10-03,49.70187,2.78328,57,3,1,1.0,5,80,55.0,5
201200019994,2012-10-19,42.684,9.399,60,3,2,5.0,1,2B,58.0,11
201200020001,2012-08-03,42.53,8.903,53,3,1,7.0,1,2B,43.0,9
201200020075,2012-06-29,49.61099,0.49763,48,3,1,1.0,1,76,60.0,19
201200020190,2012-04-17,47.246,5.93,64,3,1,1.0,1,25,80.0,16
201200020210,2012-06-16,47.59915,-3.11161,69,3,2,1.0,1,56,80.0,15
201200020214,2012-02-29,47.78759,-3.48619,14,2,1,1.0,1,56,67.0,15
201200020227,2012-07-03,47.71505,-3.24366,58,3,1,2.0,1,56,50.0,17
201200020229,2012-09-08,47.70841,-3.11583,67,3,2,1.0,1,56,55.0,15
201200020231,2012-10-11,47.6893,-3.22254,69,4,1,1.0,1,56,60.0,16
201200020302,2012-07-17,47.85008,-3.1913,41,3,1,1.0,1,56,45.0,18
201200020355,2012-01-23,48.184,3.348,45,3,2,3.0,3,89,51.0,20
201200020386,2012-06-22,48.17463,-1.45584,13,3,1,1.0,1,35,50.0,17
201200020455,2012-04-25,45.65049,0.17997,49,4,2,8.0,1,16,55.0,10
201200020475,2012-08-22,45.61275,0.19448,67,3,1,1.0,1,16,52.0,11
201200020477,2012-09-07,45.64541,0.1666,27,3,1,1.0,1,16,28.0,12
201200020503,2012-05-23,45.70072,-0.32749,13,3,1,1.0,1,16,60.0,14
201200020505,2012-06-20,45.66829,-0.32819,16,3,1,1.0,1,16,70.0,8
201200021209,2012-02-28,47.0979,2.39498,34,4,1,1.0,1,18,68.0,12
201200021238,2012-05-03,47.0814,2.4038,57,3,1,1.0,1,18,80.0,16
201200021267,2012-06-29,47.0777,2.39776,41,4,2,1.0,1,18,70.0,14
201200021301,2012-09-10,47.0925,2.39382,28,4,1,1.0,1,18,150.0,13
201200021321,2012-10-11,47.094,2.42309,28,4,1,2.0,3,18,70.0,19
201200021332,2012-10-29,47.0788,2.38923,25,4,1,1.0,5,18,124.0,20
201200021367,2012-12-17,47.0841,2.3993,28,4,1,1.0,1,18,30.0,13
201200021494,2012-05-26,47.2303,2.0344,57,3,2,1.0,1,18,40.0,16
201200021543,2012-05-02,43.23206,0.29482,42,4,1,1.0,1,65,48.0,12
201200021739,2012-08-01,47.79577,7.37298,63,4,1,1.0,1,68,71.0,13
201200021835,2012-05-02,45.52677,4.48996,10,4,1,1.0,1,42,40.0,14
201200021836,2012-07-07,45.45166,4.61109,58,4,1,1.0,1,42,73.0,11
201200021898,2012-01-03,48.51896,-2.7931,13,4,2,6.0,2,22,70.0,7
201200021924,2012-03-06,48.46154,-2.78404,42,4,1,1.0,1,22,70.0,18
201200021942,2012-04-13,48.51669,-2.78838,24,4,1,1.0,1,22,70.0,11
201200021973,2012-06-14,48.51938,-2.79068,11,4,1,1.0,1,22,109.0,16
201200022015,2012-10-08,48.51101,-2.76241,19,4,2,2.0,1,22,60.0,11
201200022299,2012-07-10,46.545,6.2055,61,4,2,1.0,1,25,40.0,9
201200022406,2012-01-20,45.0516,5.0516,65,3,1,2.0,1,26,135.0,10
201200022407,2012-01-23,45.0477,5.0421,31,4,1,1.0,1,26,600.0,8
201200022418,2012-03-27,45.044,5.0627,59,2,2,1.0,5,26,74.0,20
201200022511,2012-03-14,44.9404,4.9158,58,3,1,1.0,1,26,70.0,9
201200022580,2012-11-15,44.9112,4.8842,82,2,1,1.0,1,26,74.0,8
201200022640,2012-05-09,49.0152,1.15257,35,4,1,1.0,1,27,90.0,12
201200022660,2012-09-09,48.11552,-1.77232,30,3,1,1.0,1,35,53.0,17
201200022694,2012-06-15,49.081,1.48499,19,3,2,2.0,1,27,58.0,12
201200022730,2012-01-27,50.51536,3.01665,77,2,1,1.0,1,59,60.0,15
201200022856,2012-09-14,46.07752,3.93499,64,3,1,1.0,1,42,80.0,16
201200022864,2012-07-16,46.03871,3.98146,48,3,1,1.0,1,42,77.0,16
201200022979,2012-07-01,46.2644,6.03097,78,3,1,2.0,1,01,89.0,10
201200022998,2012-08-10,49.54,5.682,15,3,1,1.0,1,54,78.0,17
201200023021,2012-09-23,43.309,6.908,68,4,1,1.0,1,83,63.0,8
201200023022,2012-09-30,43.158,6.504,44,3,1,1.0,1,83,64.0,14
201200023079,2012-11-25,47.801,7.373,47,3,1,2.0,1,68,30.0,11
201200023258,2012-07-28,47.8759,-3.91585,42,3,1,1.0,1,29,50.0,18
201200023274,2012-10-23,47.8782,-3.91984,12,1,1,1.0,1,29,80.0,15
201200023279,2012-11-14,47.91747,-3.93489,65,3,1,1.0,1,29,66.0,14
201200023308,2012-07-18,48.57206,-3.85724,55,4,1,1.0,1,29,60.0,12
201200023632,2012-01-03,43.83654,4.39182,74,4,1,1.0,1,30,46.0,16
201200023659,2012-01-30,43.84466,4.36783,55,4,1,1.0,1,30,70.0,16
201200023675,2012-02-23,43.8133,4.32369,30,3,1,1.0,2,30,104.0,17
201200023691,2012-03-08,43.85985,4.33536,67,1,1,1.0,1,30,10.0,8
201200023691,2012-03-08,43.85985,4.33536,42,4,1,1.0,1,30,10.0,8
201200023713,2012-03-31,43.85312,4.38604,33,4,1,1.0,1,30,72.0,15
201200023868,2012-10-11,43.81995,4.34478,33,4,1,1.0,1,30,58.0,17
201200023881,2012-10-27,43.83812,4.34707,34,3,1,1.0,1,30,41.0,10
201200023901,2012-11-20,43.82693,4.35357,27,4,1,1.0,5,30,65.0,19
201200024043,2012-09-14,43.08594,0.70726,11,3,1,1.0,1,31,53.0,18
201200024275,2012-06-19,43.58443,1.34365,35,1,1,2.0,1,31,95.0,9
201200024343,2012-08-20,43.62489,1.39921,42,4,1,1.0,1,31,65.0,8
201200024441,2012-10-16,43.58558,1.33993,60,4,1,1.0,1,31,95.0,8
201200024547,2012-12-17,43.58379,1.33008,12,4,1,1.0,1,31,60.0,8
201200024603,2012-05-13,43.6541,0.62262,60,3,2,1.0,1,32,110.0,17
201200024623,2012-09-23,46.01001,4.00372,21,3,1,1.0,3,42,41.0,3
201200025780,2012-07-03,43.2917,3.50618,58,3,1,1.0,1,34,105.0,12
201200025783,2012-07-28,43.28282,3.49764,19,4,2,1.0,1,34,47.0,10
201200025799,2012-01-25,43.3332,3.15619,24,2,1,1.0,3,34,75.0,23
201200025805,2012-03-09,43.34513,3.21038,47,4,1,1.0,1,34,70.0,16
201200025813,2012-04-11,43.33905,3.25301,48,4,1,1.0,5,34,67.0,6
201200025868,2012-01-10,43.61449,3.85193,34,3,1,1.0,5,34,90.0,19
201200025871,2012-01-14,43.59581,3.9048,62,4,1,1.0,1,34,120.0,11
201200025906,2012-02-08,43.61478,3.85953,18,4,1,1.0,1,34,60.0,8
201200025908,2012-02-08,43.60699,3.87833,19,4,1,1.0,1,34,30.0,11
201200025922,2012-02-18,43.56454,3.90232,16,4,1,1.0,1,34,60.0,17
201200025944,2012-03-05,43.62191,3.85321,52,4,1,1.0,1,34,120.0,16
201200025945,2012-03-05,43.62435,3.87751,50,3,1,1.0,5,34,80.0,19
201200025970,2012-03-19,43.59832,3.92795,43,3,1,1.0,1,34,47.0,7
201200026002,2012-04-10,43.60729,3.88854,87,4,1,2.0,1,34,30.0,12
201200026017,2012-04-26,43.62322,3.86129,25,1,2,1.0,1,34,150.0,16
201200026022,2012-05-02,43.61272,3.86572,26,4,1,1.0,1,34,30.0,19
201200026031,2012-05-04,43.63857,3.86555,34,4,2,1.0,1,34,101.0,12
201200026035,2012-05-07,43.58483,3.93074,27,4,2,1.0,1,34,40.0,9
201200026042,2012-05-05,43.60538,3.89875,56,4,1,1.0,1,34,60.0,12
201200026092,2012-06-05,43.59237,3.8529,17,3,1,1.0,1,34,150.0,10
201200026102,2012-06-11,43.61481,3.88128,24,4,2,3.0,1,34,90.0,18
201200026109,2012-06-15,43.6368,3.83073,38,3,1,1.0,1,34,92.0,12
201200026112,2012-06-19,43.57767,3.93559,53,4,2,1.0,1,34,70.0,16
201200026122,2012-06-25,43.60336,3.88791,39,4,1,1.0,1,34,30.0,18
201200026165,2012-07-17,43.57193,3.89507,63,3,1,1.0,1,34,30.0,11
201200026171,2012-07-23,43.60186,3.88468,23,4,1,1.0,1,34,60.0,16
201200026172,2012-07-24,43.6317,3.84218,34,4,2,1.0,1,34,90.0,17
201200026177,2012-07-25,43.54758,3.89734,38,3,1,1.0,2,34,30.0,21
201200026214,2012-08-27,43.61299,3.93689,40,4,1,1.0,1,34,60.0,9
201200026216,2012-08-28,43.61603,3.8349,12,4,1,1.0,1,34,60.0,15
201200026227,2012-09-07,43.61943,3.88787,25,1,1,1.0,1,34,120.0,13
201200026235,2012-09-14,43.62116,3.86631,61,4,1,1.0,1,34,70.0,9
201200026240,2012-09-16,43.62,3.8514,8,4,1,1.0,1,34,120.0,14
201200026254,2012-09-24,43.6308,3.8611,21,4,2,1.0,1,34,60.0,8
201200026256,2012-09-24,43.61008,3.88312,18,4,2,1.0,5,34,75.0,22
201200026264,2012-09-29,43.60873,3.87346,45,4,1,3.0,1,34,40.0,13
201200026272,2012-10-03,43.60793,3.89421,22,3,1,1.0,5,34,93.0,0
201200026274,2012-10-03,43.6083,3.8685,32,3,2,1.0,1,34,61.0,14
201200026291,2012-10-09,43.61447,3.85176,23,3,1,1.0,5,34,93.0,22
201200026299,2012-10-11,43.61188,3.82978,13,4,1,8.0,2,34,60.0,18
201200026299,2012-10-11,43.61188,3.82978,14,1,1,8.0,2,34,60.0,18
201200026300,2012-10-12,43.60529,3.87524,52,3,1,8.0,1,34,92.0,8
201200026306,2012-10-14,43.60031,3.8962,22,4,2,1.0,5,34,80.0,6
201200026320,2012-10-22,43.55633,3.95677,72,4,2,1.0,1,34,60.0,15
201200026327,2012-10-25,43.61469,3.88345,28,4,1,1.0,1,34,120.0,14
201200026342,2012-11-05,43.59106,3.90859,69,4,1,1.0,2,34,120.0,16
201200026348,2012-11-07,43.60179,3.90044,69,4,1,1.0,1,34,94.0,13
201200026373,2012-11-22,43.60959,3.89407,22,4,2,1.0,1,34,98.0,13
201200026400,2012-12-13,43.62577,3.8656,25,4,1,1.0,5,34,30.0,17
201200026404,2012-12-14,43.61345,3.90496,36,4,2,2.0,5,34,60.0,19
201200026409,2012-12-10,43.62004,3.85114,36,3,1,1.0,1,34,60.0,9
201200026412,2012-12-21,43.61858,3.84548,21,4,1,1.0,1,34,160.0,9
201200026419,2012-01-10,43.42126,3.72361,71,3,2,1.0,1,34,92.0,16
201200026446,2012-08-05,43.45624,3.75851,18,4,1,1.0,5,34,106.0,1
201200026481,2012-03-14,48.36734,-1.20871,38,4,1,1.0,1,35,87.0,18
201200026494,2012-12-12,48.33983,-1.19264,53,3,1,1.0,1,35,18.0,12
201200026582,2012-03-08,48.1053,-1.65054,36,4,1,8.0,1,35,100.0,13
201200026594,2012-03-20,48.1069,-1.72723,32,4,1,1.0,5,35,26.0,0
201200027027,2012-01-02,46.7757,1.64841,36,4,1,1.0,1,36,60.0,12
201200027034,2012-01-16,46.8052,1.71229,49,4,2,1.0,1,36,100.0,9
201200027058,2012-09-19,46.8078,1.67602,12,4,1,1.0,1,36,50.0,15
201200027063,2012-10-04,46.7806,1.65285,30,3,1,1.0,1,36,70.0,8
201200027066,2012-02-25,46.788,1.70369,59,4,1,1.0,1,36,160.0,8
201200027103,2012-05-30,46.7635,1.71486,13,4,1,1.0,1,36,70.0,17
201200027155,2012-10-19,46.8111,1.68361,14,4,1,1.0,1,36,60.0,12
201200027160,2012-10-23,46.8097,1.69528,47,3,1,1.0,1,36,62.0,8
201200027174,2012-11-22,46.8062,1.67481,43,4,1,1.0,1,36,62.0,14
201200027178,2012-12-06,46.7959,1.6962,15,4,1,1.0,1,36,120.0,11
201200027181,2012-12-14,46.8129,1.68808,44,4,1,2.0,1,36,80.0,13
201200027184,2012-12-20,46.7978,1.71054,51,4,1,1.0,1,36,70.0,11
201200027735,2012-07-10,45.5974,5.27423,27,2,1,1.0,5,38,80.0,23
201200027771,2012-01-27,45.1861,5.717,16,3,1,2.0,1,38,65.0,7
201200027772,2012-01-27,45.1935,5.68138,20,3,1,1.0,5,38,144.0,18
201200027820,2012-05-22,45.1807,5.71957,51,4,2,2.0,1,38,250.0,9
201200027822,2012-05-25,45.1896,5.68822,89,3,1,1.0,1,38,80.0,9
201200027825,2012-05-30,45.1867,5.74396,50,4,1,1.0,1,38,100.0,18
201200027829,2012-06-01,45.1599,5.71375,26,3,2,1.0,1,38,123.0,8
201200027835,2012-06-11,45.1925,5.69473,52,2,1,1.0,1,38,100.0,11
201200027836,2012-06-12,45.1837,5.73356,19,3,1,2.0,1,38,150.0,17
201200027852,2012-07-11,45.166,5.75744,22,2,1,1.0,3,38,150.0,2
201200027973,2012-04-28,43.71117,-1.05279,47,3,1,2.0,1,40,85.0,8
201200027979,2012-06-27,43.72731,-1.06314,62,3,2,1.0,1,40,30.0,12
201200028003,2012-06-22,43.88092,-0.50354,13,4,2,1.0,1,40,106.0,16
201200028010,2012-08-23,43.86201,-0.50417,57,2,1,1.0,3,40,52.0,6
201200028245,2012-11-02,45.4944,4.5612,11,3,1,1.0,1,42,70.0,16
201200028248,2012-04-13,45.53261,4.62724,76,3,1,1.0,1,42,51.0,12
201200028271,2012-03-27,46.03251,4.08018,31,4,1,1.0,1,42,120.0,16
201200028276,2012-04-02,46.0269,4.06285,24,4,1,1.0,1,42,60.0,13
201200028281,2012-04-20,46.03085,4.08619,20,4,1,1.0,1,42,63.0,13
201200028285,2012-05-03,46.03857,4.05842,61,4,1,1.0,1,42,60.0,11
201200028297,2012-06-02,46.0475,4.05192,67,4,2,1.0,1,42,50.0,9
201200028301,2012-06-07,46.04566,4.07453,12,4,1,2.0,1,42,88.0,17
201200028311,2012-07-09,46.11212,4.08024,50,3,1,1.0,1,42,96.0,18
201200028319,2012-07-23,46.04268,4.08136,19,4,1,1.0,1,42,60.0,16
201200028324,2012-08-01,46.06598,4.05724,23,4,1,1.0,1,42,50.0,15
201200028326,2012-08-13,46.05029,4.06416,29,4,2,1.0,1,42,150.0,17
201200028331,2012-08-22,46.04505,4.06033,57,4,1,1.0,1,42,80.0,13
201200028334,2012-09-04,46.03075,4.06703,14,4,1,1.0,1,42,50.0,13
201200028344,2012-09-21,46.0395,4.06362,30,4,1,1.0,1,42,90.0,14
201200028351,2012-10-10,46.02694,4.08537,59,1,1,1.0,1,42,60.0,10
201200028360,2012-11-05,46.05605,4.07422,79,4,1,1.0,1,42,55.0,8
201200028361,2012-11-07,46.0542,4.09248,67,4,1,1.0,1,42,70.0,8
201200028362,2012-11-07,46.05411,4.07942,43,3,1,1.0,1,42,54.0,14
201200028370,2012-11-29,46.03491,4.06654,24,1,1,1.0,1,42,60.0,9
201200028380,2012-12-29,46.02501,4.08656,59,4,1,1.0,1,42,134.0,10
201200028389,2012-08-18,45.45923,4.50556,16,4,1,1.0,5,42,82.0,4
201200028458,2012-04-14,45.4404,4.45538,44,3,1,1.0,1,42,60.0,14
201200028487,2012-05-29,45.48079,4.43377,39,1,1,1.0,1,42,70.0,7
201200028490,2012-06-09,45.48117,4.43484,44,4,1,1.0,1,42,60.0,18
201200028494,2012-06-08,45.42191,4.39223,25,1,1,1.0,5,42,30.0,5
201200028494,2012-06-08,45.42191,4.39223,43,4,1,1.0,5,42,30.0,5
201200028507,2012-06-27,45.43098,4.39587,28,3,1,1.0,1,42,70.0,8
201200028523,2012-07-25,45.45343,4.40142,11,3,2,1.0,1,42,60.0,13
201200028535,2012-08-11,45.43159,4.32151,44,4,1,1.0,1,42,80.0,11
201200028537,2012-08-21,45.45784,4.40393,46,4,1,1.0,1,42,57.0,7
201200028580,2012-10-18,45.44335,4.39686,19,4,2,6.0,1,42,120.0,16
201200028586,2012-10-28,45.42343,4.40004,29,3,1,6.0,1,42,60.0,12
201200029178,2012-02-19,48.00433,2.71146,57,3,1,1.0,1,45,50.0,17
201200029179,2012-02-21,48.00135,2.72431,22,3,1,1.0,5,45,60.0,19
201200029197,2012-04-16,47.99084,2.71195,54,4,2,1.0,1,45,70.0,7
201200029222,2012-11-28,48.0249,2.73281,17,4,1,8.0,1,45,45.0,12
201200029235,2012-01-04,47.92637,1.83156,49,3,1,1.0,2,45,99.0,8
201200029240,2012-01-10,47.90372,1.89551,12,3,1,1.0,5,45,140.0,8
201200029242,2012-01-18,47.91763,1.89872,11,4,1,1.0,1,45,115.0,18
201200029254,2012-02-24,47.89818,1.91606,17,4,1,1.0,1,45,59.0,12
201200029280,2012-05-16,47.89794,1.90931,18,4,1,1.0,1,45,61.0,15
201200029293,2012-06-26,47.90685,1.90075,80,3,1,1.0,1,45,120.0,14
201200029301,2012-07-29,47.92423,1.94126,33,4,2,2.0,1,45,47.0,19
201200029314,2012-09-19,47.88251,1.90377,15,3,1,1.0,1,45,70.0,8
201200029318,2012-09-24,47.90733,1.90099,15,3,2,3.0,2,45,120.0,7
201200029319,2012-09-29,47.87829,1.85753,56,3,1,1.0,1,45,68.0,15
201200029339,2012-11-04,47.89592,1.90434,41,3,1,8.0,5,45,29.0,6
201200029344,2012-11-13,47.87242,1.89804,93,4,1,1.0,1,45,60.0,10
201200029357,2012-12-19,47.81892,1.93827,42,3,2,1.0,2,45,118.0,16
201200029358,2012-12-20,47.88774,1.92605,17,3,1,2.0,5,45,65.0,19
201200029371,2012-05-27,44.44471,1.4305,56,1,1,1.0,1,46,44.0,10
201200029439,2012-01-08,47.48124,-0.48039,66,4,1,1.0,1,49,60.0,11
201200029440,2012-01-06,47.46025,-0.52574,18,4,1,1.0,1,49,60.0,13
201200029446,2012-01-10,47.46836,-0.55424,21,4,2,1.0,1,49,30.0,14
201200029453,2012-01-16,47.46457,-0.54873,25,4,2,1.0,1,49,102.0,17
201200029457,2012-01-19,47.46454,-0.55207,52,4,2,2.0,2,49,43.0,7
201200029460,2012-01-20,47.45862,-0.55433,36,4,1,1.0,5,49,60.0,19
201200029466,2012-01-25,47.47112,-0.57291,49,4,1,1.0,1,49,16.0,8
201200029467,2012-01-25,47.47338,-0.54414,19,4,1,1.0,1,49,90.0,8
201200029481,2012-02-04,47.45743,-0.55409,33,4,1,1.0,1,49,60.0,8
201200029484,2012-02-03,47.4435,-0.52707,55,4,1,1.0,1,49,60.0,15
201200029487,2012-02-08,47.45842,-0.543,20,4,2,1.0,1,49,60.0,13
201200029494,2012-02-13,47.47492,-0.54783,22,4,2,1.0,1,49,90.0,11
201200029502,2012-02-21,47.47218,-0.54856,44,4,1,1.0,1,49,37.0,13
201200029505,2012-02-27,47.4488,-0.5337,21,3,1,1.0,1,49,70.0,12
201200029508,2012-03-01,47.47811,-0.59864,21,4,1,1.0,1,49,66.0,7
201200029515,2012-03-08,47.46953,-0.54892,22,4,1,1.0,1,49,180.0,15
201200029523,2012-03-12,47.47605,-0.53838,36,4,2,1.0,1,49,24.0,9
201200029527,2012-03-14,47.47282,-0.54303,29,1,1,1.0,1,49,60.0,11
201200029533,2012-03-22,47.47603,-0.53839,44,4,2,1.0,1,49,28.0,15
201200029536,2012-03-26,47.44955,-0.54776,17,1,1,1.0,1,49,60.0,15
201200029536,2012-03-26,47.44955,-0.54776,17,4,1,1.0,1,49,60.0,15
201200029537,2012-03-26,47.46714,-0.55496,18,4,1,1.0,1,49,90.0,17
201200029541,2012-03-28,47.45366,-0.52578,44,4,1,1.0,1,49,50.0,10
201200029543,2012-03-29,47.47368,-0.57082,19,4,2,1.0,1,49,67.0,19
201200029544,2012-04-01,47.50502,-0.59541,19,4,1,1.0,1,49,88.0,18
201200029547,2012-03-31,47.44397,-0.511,31,4,1,1.0,1,49,90.0,18
201200029549,2012-04-04,47.46376,-0.53184,13,4,2,1.0,1,49,90.0,17
201200029580,2012-05-15,47.47045,-0.51587,69,4,1,1.0,1,49,60.0,16
201200029595,2012-05-25,47.45157,-0.50538,26,3,1,1.0,1,49,65.0,20
201200029601,2012-05-30,47.46264,-0.54052,41,3,1,1.0,1,49,90.0,19
201200029603,2012-05-31,47.47669,-0.5446,60,4,2,1.0,1,49,60.0,12
201200029617,2012-06-09,47.4549,-0.55361,33,3,1,1.0,1,49,80.0,17
201200029635,2012-07-05,47.46876,-0.50771,14,4,1,1.0,1,49,60.0,16
201200029636,2012-07-06,47.45074,-0.47261,6,4,1,1.0,1,49,60.0,8
201200029639,2012-07-09,47.47939,-0.57621,17,1,1,1.0,1,49,69.0,7
201200029641,2012-07-11,47.50207,-0.58831,44,3,2,1.0,1,49,60.0,10
201200029642,2012-07-12,47.47508,-0.54984,45,4,1,1.0,1,49,50.0,14
201200029647,2012-07-16,47.45152,-0.52644,18,4,1,1.0,1,49,70.0,18
201200029658,2012-07-30,47.48185,-0.54347,19,4,2,2.0,1,49,60.0,8
201200029661,2012-07-30,47.4907,-0.53209,53,4,1,1.0,1,49,123.0,17
201200029670,2012-08-12,47.477,-0.55275,78,3,1,1.0,1,49,71.0,11
201200029677,2012-08-21,47.4744,-0.56145,38,4,1,1.0,1,49,58.0,12
201200029699,2012-09-09,47.46271,-0.55508,31,4,2,1.0,1,49,120.0,19
201200029707,2012-09-19,47.50265,-0.58559,49,3,2,1.0,1,49,60.0,19
201200029721,2012-09-27,47.47231,-0.56674,38,4,1,1.0,1,49,60.0,8
201200029725,2012-09-28,47.49366,-0.59145,11,3,1,1.0,1,49,70.0,7
201200029740,2012-10-05,47.47335,-0.59253,21,4,1,1.0,1,49,58.0,16
201200029744,2012-10-09,47.46732,-0.54995,21,3,2,1.0,1,49,40.0,12
201200029746,2012-10-06,47.48314,-0.5695,18,4,1,1.0,1,49,70.0,15
201200029756,2012-10-16,47.46478,-0.54865,24,1,1,1.0,1,49,50.0,10
201200029774,2012-10-30,47.48595,-0.51496,21,4,1,1.0,2,49,80.0,7
201200029779,2012-11-04,47.47894,-0.54992,45,4,1,2.0,3,49,58.0,18
201200029781,2012-11-06,47.49209,-0.59254,75,3,1,1.0,1,49,90.0,15
201200029787,2012-11-21,47.46865,-0.49266,42,4,1,1.0,2,49,85.0,7
201200029791,2012-11-19,47.45987,-0.54587,22,4,1,1.0,1,49,60.0,12
201200029798,2012-11-21,47.47437,-0.51582,26,4,1,1.0,1,49,60.0,14
201200029806,2012-11-30,47.46436,-0.55404,21,4,2,1.0,1,49,60.0,8
201200029811,2012-12-06,47.47695,-0.59909,47,4,1,1.0,2,49,90.0,8
201200029815,2012-12-10,47.47635,-0.55111,22,4,1,1.0,1,49,90.0,16
201200029817,2012-12-12,47.45837,-0.54507,21,4,2,1.0,1,49,70.0,8
201200029818,2012-12-12,47.46074,-0.53313,21,4,1,1.0,1,49,70.0,14
201200029877,2012-05-29,47.0652,-0.87012,17,3,2,1.0,1,49,30.0,18
201200029888,2012-07-30,47.05084,-0.85109,74,3,1,3.0,1,49,60.0,16
201200029889,2012-08-02,47.06152,-0.86974,20,3,1,1.0,3,49,98.0,4
201200029940,2012-02-28,47.26137,-0.0784,26,4,2,1.0,1,49,55.0,8
201200029947,2012-03-29,47.25556,-0.07967,58,4,1,1.0,1,49,57.0,8
201200029968,2012-06-21,47.25544,-0.08337,21,3,1,1.0,1,49,33.0,16
201200029992,2012-10-02,47.25692,-0.0802,10,4,2,1.0,1,49,60.0,7
201200030007,2012-11-06,47.25557,-0.06666,60,4,2,1.0,1,49,89.0,15
201200030034,2012-01-25,49.6332,-1.64852,32,4,2,1.0,1,50,40.0,10
201200030061,2012-03-18,49.6575,-1.66874,55,4,2,1.0,1,50,100.0,9
201200030137,2012-08-10,49.6391,-1.61937,34,4,1,1.0,1,50,60.0,18
201200030152,2012-09-13,49.6421,-1.59305,5,4,2,1.0,1,50,30.0,17
201200030160,2012-09-25,49.6222,-1.62794,50,4,1,1.0,1,50,53.0,12
201200030174,2012-10-24,49.6359,-1.62569,40,4,2,1.0,1,50,90.0,16
201200030202,2012-12-08,49.6382,-1.62517,53,4,1,1.0,1,50,100.0,13
201200030212,2012-12-20,49.6486,-1.59205,21,4,2,2.0,5,50,60.0,8
201200030263,2012-08-09,48.8344,-1.5567,7,3,1,1.0,1,50,60.0,19
201200030268,2012-08-19,48.8095,-1.53695,59,4,1,1.0,1,50,90.0,12
201200030309,2012-10-22,49.1189,-1.08034,65,3,1,1.0,1,50,54.0,15
201200030445,2012-06-24,48.11015,5.14242,14,3,1,1.0,1,52,80.0,17
201200030552,2012-01-10,48.72337,6.1808,68,4,2,1.0,1,54,60.0,16
201200030718,2012-07-11,48.68659,6.17337,35,4,1,1.0,1,54,54.0,12
201200030789,2012-09-17,48.69151,6.16186,63,4,1,1.0,2,54,40.0,18
201200030818,2012-10-01,48.69062,6.17362,30,4,2,1.0,1,54,70.0,8
201200030824,2012-10-05,48.62577,6.15999,42,3,1,1.0,1,54,84.0,18
201200030825,2012-10-06,48.67781,6.21592,10,4,1,1.0,1,54,50.0,12
201200030834,2012-10-13,48.68396,6.15089,27,4,2,3.0,5,54,90.0,21
201200030910,2012-12-29,48.68157,6.21579,44,4,2,1.0,1,54,110.0,15
201200030937,2012-10-23,48.68503,5.89798,81,4,1,1.0,1,54,57.0,16
201200030971,2012-01-04,49.16768,5.39247,14,3,1,2.0,5,55,70.0,7
201200030976,2012-02-21,49.16362,5.37837,25,4,1,1.0,1,55,60.0,12
201200031385,2012-11-06,49.18446,6.87768,53,3,2,1.0,1,57,72.0,15
201200031461,2012-06-05,49.12667,6.15939,18,4,1,1.0,5,57,237.0,22
201200031478,2012-07-23,49.14338,6.17176,71,4,1,1.0,1,57,71.0,15
201200031482,2012-08-07,49.17515,6.16615,21,3,2,1.0,1,57,40.0,16
201200031560,2012-04-17,49.35743,6.13679,56,3,1,1.0,1,57,76.0,15
201200031573,2012-06-05,49.36083,6.18589,11,3,1,1.0,1,57,52.0,13
201200031603,2012-11-05,49.36546,6.20589,15,4,1,1.0,5,57,90.0,18
201200031609,2012-11-27,49.3506,6.19774,49,4,2,1.0,1,57,74.0,8
201200031796,2012-07-03,50.45996,3.56714,19,3,1,1.0,1,59,86.0,14
201200031796,2012-07-03,50.45996,3.56714,14,2,2,1.0,1,59,86.0,14
201200031828,2012-01-27,50.32019,3.22925,67,2,1,1.0,1,59,49.0,13
201200031982,2012-09-04,51.02717,2.33162,70,2,1,1.0,1,59,68.0,9
201200031982,2012-09-04,51.02717,2.33162,33,4,1,1.0,1,59,68.0,9
201200033400,2012-09-16,50.27457,2.78555,44,4,2,1.0,1,62,62.0,16
201200033447,2012-10-09,50.55931,2.47947,15,4,1,1.0,1,62,95.0,16
201200033463,2012-07-09,50.41452,2.8429,18,4,1,1.0,1,62,65.0,14
201200033481,2012-05-28,50.41099,1.57211,49,3,1,1.0,1,62,90.0,10
201200033567,2012-01-15,50.95522,1.8622,51,4,1,1.0,1,62,69.0,8
201200033570,2012-01-10,50.94642,1.95171,14,4,2,1.0,5,62,70.0,8
201200033854,2012-01-21,45.75161,3.10895,30,3,1,1.0,1,63,70.0,11
201200033969,2012-04-19,45.80603,3.11899,72,4,1,1.0,1,63,70.0,14
201200033990,2012-05-09,45.77868,3.09919,24,4,1,1.0,1,63,120.0,18
201200034115,2012-08-19,45.81028,3.09992,17,4,1,1.0,1,63,70.0,10
201200034328,2012-08-04,45.73009,3.20565,68,4,1,1.0,1,63,70.0,12
201200034339,2012-03-01,45.83132,3.09716,67,3,1,1.0,2,63,58.0,8
201200034340,2012-03-14,45.83388,3.10884,12,3,1,1.0,1,63,48.0,18
201200035023,2012-09-10,43.08939,-0.04838,71,4,1,1.0,1,65,60.0,10
201200035033,2012-01-03,43.23135,0.09396,63,4,2,1.0,1,65,80.0,16
201200035035,2012-01-04,43.22241,0.04302,43,4,2,1.0,1,65,88.0,16
201200035046,2012-03-14,43.21927,0.0701,70,3,1,1.0,1,65,59.0,12
201200035059,2012-06-07,43.20072,0.0509,79,3,1,1.0,1,65,70.0,13
201200035074,2012-07-26,43.2082,0.09513,57,4,1,1.0,1,65,80.0,18
201200035075,2012-07-29,43.23909,0.06041,58,4,1,1.0,1,65,90.0,10
201200035077,2012-08-01,43.23063,0.10098,12,4,1,1.0,1,65,40.0,10
201200035079,2012-08-06,43.24204,0.09529,67,3,1,1.0,1,65,31.0,11
201200035081,2012-08-08,43.21928,0.07114,36,4,1,1.0,1,65,100.0,7
201200035085,2012-08-27,43.23136,0.07802,39,4,1,1.0,1,65,44.0,18
201200035095,2012-09-22,43.24731,0.07236,76,4,1,1.0,1,65,60.0,10
201200035101,2012-10-03,43.25679,0.05196,12,3,2,1.0,1,65,130.0,16
201200035108,2012-10-17,43.24389,0.06099,12,4,1,1.0,1,65,71.0,17
201200035129,2012-11-19,43.23635,0.0654,32,4,1,1.0,5,65,100.0,7
201200035173,2012-02-17,42.68861,2.89454,59,4,1,1.0,1,66,70.0,7
201200035192,2012-03-20,42.71776,2.89101,41,4,1,1.0,1,66,50.0,17
201200035219,2012-05-11,42.69934,2.88865,43,4,1,1.0,1,66,120.0,14
201200035236,2012-06-15,42.70143,2.8939,76,4,2,1.0,1,66,80.0,13
201200035242,2012-06-27,42.69032,2.9097,39,4,2,1.0,1,66,134.0,9
201200035253,2012-07-19,42.69487,2.91837,92,4,1,1.0,1,66,80.0,8
201200035268,2012-08-19,42.7335,2.8901,47,4,2,1.0,1,66,80.0,16
201200035282,2012-09-16,42.696,2.90539,79,4,1,1.0,1,66,70.0,8
201200035284,2012-09-18,42.69736,2.88778,16,4,2,1.0,1,66,120.0,12
201200035295,2012-10-04,42.7041,2.90783,19,3,1,1.0,1,66,60.0,17
201200035308,2012-10-24,42.68007,2.90351,23,4,1,1.0,1,66,70.0,9
201200035316,2012-11-15,42.74169,2.89611,55,4,1,1.0,1,66,78.0,16
201200035320,2012-11-22,42.70901,2.88702,14,4,1,1.0,1,66,70.0,16
201200035851,2012-01-18,48.08101,7.36414,14,3,1,1.0,1,68,200.0,12
201200035854,2012-01-30,48.08144,7.3524,16,3,2,1.0,1,68,110.0,12
201200035861,2012-04-25,48.06918,7.36498,38,3,2,1.0,1,68,160.0,19
201200035863,2012-12-28,48.08049,7.3566,44,1,1,1.0,5,68,56.0,19
201200035864,2012-06-06,48.07381,7.34798,24,4,2,1.0,1,68,50.0,17
201200035872,2012-07-18,48.05114,7.36728,70,3,2,1.0,1,68,90.0,11
201200035881,2012-08-26,48.08526,7.35736,24,4,1,1.0,5,68,200.0,0
201200035882,2012-09-09,48.08029,7.38168,15,1,1,1.0,1,68,130.0,10
201200035890,2012-09-24,48.08877,7.3597,63,4,2,1.0,1,68,240.0,10
201200035894,2012-11-23,48.0687,7.33729,83,3,1,1.0,1,68,100.0,14
201200035898,2012-11-30,48.08283,7.33634,72,3,1,1.0,1,68,90.0,11
201200035903,2012-06-26,47.90155,7.2185,58,4,2,1.0,1,68,60.0,8
201200035912,2012-02-06,47.74375,7.32924,33,4,2,1.0,5,68,65.0,18
201200035925,2012-05-19,47.72954,7.32115,85,4,2,1.0,1,68,94.0,16
201200035948,2012-10-17,47.7646,7.29777,60,3,1,1.0,1,68,86.0,15
201200035961,2012-01-26,47.59011,7.55908,56,3,1,1.0,5,68,136.0,4
201200035966,2012-08-09,47.5874,7.567,61,3,1,1.0,1,68,65.0,18
201200035978,2012-05-25,47.81193,7.31109,76,3,2,1.0,1,68,17.0,17
201200036911,2012-07-05,45.67747,5.90957,17,3,1,1.0,1,73,92.0,18
201200036912,2012-07-10,45.6944,5.89604,22,3,1,1.0,1,73,120.0,18
201200036913,2012-08-30,45.69432,5.89992,70,3,1,1.0,1,73,98.0,16
201200036914,2012-10-01,45.68681,5.90695,59,3,1,1.0,1,73,66.0,13
201200036932,2012-05-01,45.5865,5.91515,11,2,1,1.0,1,73,48.0,15
201200037039,2012-05-12,49.54855,0.49335,52,4,1,1.0,1,76,30.0,15
201200037108,2012-05-11,49.27655,1.04094,10,4,1,1.0,1,76,71.0,16
201200037110,2012-07-23,49.30973,1.03673,81,3,1,1.0,1,76,90.0,14
201200037163,2012-02-27,49.4973,0.13045,53,4,2,1.0,2,76,93.0,7
201200037180,2012-03-28,49.49074,0.11996,14,2,2,1.0,1,76,106.0,16
201200037193,2012-04-26,49.51749,0.10613,61,3,1,1.0,1,76,120.0,17
201200037226,2012-06-08,49.49053,0.14929,41,3,1,1.0,2,76,130.0,6
201200037255,2012-07-13,49.49897,0.1624,55,4,2,1.0,1,76,109.0,13
201200037257,2012-07-19,49.54901,0.15714,22,3,1,1.0,1,76,98.0,21
201200037258,2012-07-24,49.48729,0.11398,27,4,2,1.0,1,76,150.0,16
201200037270,2012-08-16,49.49112,0.10574,22,3,1,1.0,1,76,89.0,8
201200037276,2012-08-24,49.48967,0.1425,16,4,1,1.0,1,76,52.0,18
201200037278,2012-08-31,49.4936,0.0958,21,4,1,1.0,1,76,70.0,19
201200037281,2012-09-03,49.49402,0.11166,41,4,2,2.0,1,76,100.0,8
201200037300,2012-10-11,49.50365,0.14707,40,4,1,3.0,2,76,57.0,8
201200037304,2012-10-15,49.50549,0.13389,21,4,2,1.0,5,76,60.0,22
201200037321,2012-11-06,49.49195,0.11024,26,1,1,1.0,1,76,68.0,15
201200037377,2012-01-14,49.52421,1.0416,56,3,1,1.0,1,76,60.0,14
201200037409,2012-03-03,49.42157,1.15035,71,2,1,3.0,1,76,44.0,17
201200037494,2012-07-02,49.43406,1.07568,15,4,1,1.0,1,76,30.0,15
201200037514,2012-08-01,49.34126,0.97332,52,2,1,1.0,1,76,400.0,7
201200037527,2012-08-16,49.39966,1.03565,65,4,1,1.0,1,76,60.0,20
201200037587,2012-11-05,49.43708,1.09631,46,4,2,2.0,1,76,58.0,17
201200037628,2012-10-25,49.45116,1.09841,19,4,1,1.0,2,76,122.0,8
201200037642,2012-01-20,48.87571,2.59177,48,4,1,2.0,1,77,58.0,15
201200037924,2012-07-28,48.40027,2.9711,8,3,1,1.0,1,77,50.0,18
201200038091,2012-09-21,48.76215,1.93672,73,4,2,2.0,1,78,140.0,16
201200038129,2012-03-12,48.76294,2.05069,15,3,1,1.0,1,78,58.0,17
201200038187,2012-12-19,48.95412,2.15521,26,4,2,1.0,3,78,70.0,7
201200038354,2012-05-29,48.82848,1.98905,8,4,1,1.0,1,78,49.0,15
201200038414,2012-09-20,48.98659,1.96522,31,4,2,1.0,1,78,70.0,8
201200038527,2012-06-14,48.89787,2.10843,53,3,1,1.0,1,78,116.0,18
201200038529,2012-05-12,48.90809,2.01742,59,3,1,1.0,1,78,150.0,10
201200038548,2012-02-17,48.94274,2.1602,62,4,1,1.0,1,78,60.0,15
201200038554,2012-04-02,48.94209,2.18311,41,4,1,1.0,1,78,79.0,9
201200038566,2012-09-25,48.94228,2.1965,32,4,1,8.0,1,78,80.0,16
201200038568,2012-11-22,48.93716,2.16952,17,4,1,7.0,1,78,158.0,16
201200038574,2012-05-28,48.78035,1.99083,15,3,1,1.0,1,78,160.0,13
201200038605,2012-08-14,48.7849,2.21354,28,4,1,1.0,1,78,110.0,9
201200038633,2012-03-25,48.80328,2.10537,38,4,1,1.0,1,78,140.0,11
201200038638,2012-05-21,48.82788,2.12008,83,3,1,2.0,1,78,70.0,9
201200038780,2012-01-13,49.87036,2.2837,47,4,2,1.0,1,80,50.0,15
201200038799,2012-02-14,49.89642,2.2978,20,4,2,1.0,2,80,38.0,7
201200038806,2012-02-24,49.89419,2.29289,27,4,2,1.0,1,80,12.0,8
201200038808,2012-02-25,49.88706,2.33268,35,4,1,1.0,1,80,64.0,14
201200038815,2012-03-08,49.87021,2.33028,51,4,1,1.0,1,80,10.0,17
201200039206,2012-04-03,43.44024,6.78048,36,2,2,1.0,1,83,70.0,15
201200039325,2012-04-12,43.10412,5.81859,54,3,1,1.0,3,83,80.0,22
201200039383,2012-03-20,43.1156,5.85627,65,3,1,1.0,1,83,131.0,8
201200039491,2012-04-27,43.10845,5.96345,78,3,1,1.0,1,83,58.0,8
201200039765,2012-02-29,46.69892,-1.42968,51,3,2,1.0,1,85,55.0,13
201200039789,2012-12-18,46.65287,-1.44341,74,3,2,1.0,1,85,45.0,9
201200039790,2012-12-27,46.69485,-1.43234,26,3,1,3.0,5,85,70.0,20
201200040302,2012-07-05,48.1734,6.44645,18,3,1,1.0,1,88,81.0,17
201200040328,2012-04-21,48.275,6.96615,22,4,1,1.0,5,88,75.0,0
201200040347,2012-10-01,48.26957,6.97571,38,3,1,1.0,1,88,90.0,17
201200040371,2012-10-09,47.80652,3.58338,29,3,1,1.0,1,89,96.0,12
201200043749,2012-06-15,48.9211,2.3996,12,3,1,1.0,1,93,70.0,17
201200043812,2012-11-12,48.9212,2.376,24,3,1,1.0,1,93,100.0,8
201200043833,2012-12-15,48.90863,2.39052,52,3,1,1.0,1,93,50.0,11
201200044077,2012-07-17,48.9342,2.47671,41,3,1,1.0,1,93,75.0,15
201200044328,2012-06-17,48.895,2.56342,72,3,1,1.0,1,93,70.0,10
201200044380,2012-04-11,48.9242,2.41151,55,4,1,1.0,1,93,25.0,12
201200044814,2012-04-17,48.9096,2.53349,18,3,1,2.0,1,93,60.0,17
201200044875,2012-10-02,48.9359,2.5684,46,3,1,1.0,1,93,60.0,16
201200044886,2012-11-01,48.91218,2.52139,8,3,1,2.0,1,93,60.0,10
201200044902,2012-12-07,48.92435,2.56988,18,3,1,2.0,3,93,70.0,17
201200045074,2012-07-29,48.8668,2.53433,36,4,1,1.0,1,93,25.0,13
201200045700,2012-05-03,48.9059,2.33809,27,4,2,1.0,1,93,25.0,20
201200045805,2012-07-02,48.9621,2.383,34,3,1,1.0,1,93,20.0,18
201200046467,2012-01-06,48.7726,2.43313,40,4,1,1.0,3,94,60.0,18
201200046484,2012-02-15,48.7654,2.49115,28,4,1,1.0,1,94,120.0,12
201200046485,2012-02-17,48.7748,2.47875,24,4,1,1.0,1,94,60.0,9
201200046487,2012-02-21,48.7738,2.4875,63,4,1,1.0,1,94,60.0,14
201200046500,2012-03-20,48.7907,2.44563,41,4,1,1.0,1,94,120.0,8
201200047090,2012-03-01,48.8111,2.38394,51,4,1,1.0,5,94,100.0,20
201200047099,2012-03-15,48.8087,2.38115,54,4,1,1.0,5,94,50.0,20
201200047393,2012-01-11,48.7917,2.49446,16,3,2,1.0,1,94,60.0,11
201200047407,2012-03-26,48.8078,2.50909,47,4,2,1.0,1,94,150.0,10
201200047905,2012-03-16,48.9399,2.2345,45,4,2,1.0,5,95,60.0,19
201200047921,2012-04-10,48.9696,2.2088,14,1,1,2.0,1,95,56.0,15
201200047977,2012-07-31,48.9767,2.2444,55,4,1,1.0,1,95,90.0,20
201200047987,2012-09-12,48.9739,2.2651,13,3,1,1.0,1,95,60.0,13
201200048010,2012-10-15,48.9499,2.2063,36,4,1,8.0,5,95,110.0,5
201200048014,2012-10-23,48.9472,2.2061,13,4,1,1.0,1,95,89.0,15
201200048022,2012-10-29,48.9503,2.2254,33,4,1,1.0,5,95,109.0,19
201200048264,2012-07-19,49.0309,2.4726,15,4,2,1.0,1,95,53.0,21
201200048285,2012-01-17,49.0325,2.4732,79,3,2,1.0,1,95,83.0,11
201200048382,2012-08-05,49.1083,2.2329,39,3,1,1.0,1,95,60.0,7
201200048396,2012-12-05,49.1375,2.2828,13,4,1,2.0,2,95,60.0,8
201300000050,2013-10-04,50.63939,2.63502,14,3,1,1.0,1,59,60.0,8
201300000056,2013-05-12,50.79363,2.48167,54,3,1,1.0,1,59,58.0,16
201300000068,2013-06-12,50.60966,3.18216,11,3,1,1.0,1,59,60.0,18
201300000092,2013-08-15,50.01505,4.0134,41,3,1,1.0,1,59,24.0,11
201300000140,2013-12-10,50.10035,3.15972,70,3,1,7.0,1,59,61.0,16
201300000140,2013-12-10,50.10035,3.15972,64,3,1,7.0,1,59,61.0,16
201300000193,2013-09-29,50.372,2.725,18,3,1,1.0,1,62,57.0,17
201300000475,2013-05-19,49.51,2.929,14,3,2,2.0,5,60,70.0,1
201300000631,2013-09-08,49.56093,0.37468,69,4,1,1.0,1,76,51.0,11
201300000652,2013-08-08,49.61239,1.5479,12,3,1,1.0,1,76,78.0,14
201300000679,2013-01-23,49.78975,0.67717,13,4,1,1.0,1,76,59.0,14
201300000807,2013-08-09,49.204,0.492,16,3,1,1.0,1,27,59.0,12
201300000827,2013-12-23,48.16006,-2.21174,24,3,1,3.0,3,35,70.0,17
201300000841,2013-06-25,48.30619,-1.16874,34,3,1,1.0,1,35,67.0,12
201300000909,2013-09-22,48.05611,-1.13177,51,3,1,7.0,1,35,60.0,8
201300001002,2013-07-12,48.43562,-2.06788,62,3,1,1.0,1,22,60.0,11
201300001041,2013-07-03,48.29353,-3.44279,68,4,1,2.0,1,22,65.0,9
201300001041,2013-07-03,48.29353,-3.44279,68,4,1,2.0,1,22,65.0,9
201300001045,2013-04-18,48.69386,-3.5236,14,3,2,1.0,1,22,80.0,20
201300001056,2013-08-14,48.67058,-3.58521,50,4,1,7.0,2,22,50.0,19
201300001058,2013-01-27,48.77,-3.28,64,3,1,6.0,1,22,70.0,10
201300001058,2013-01-27,48.77,-3.28,63,1,1,6.0,1,22,70.0,10
201300001068,2013-05-07,47.99386,-4.19119,36,3,1,1.0,1,29,115.0,13
201300001121,2013-02-20,48.49077,-4.5745,23,4,2,1.0,1,29,42.0,14
201300001164,2013-02-19,48.67064,-3.98703,72,3,1,7.0,1,29,58.0,8
201300001167,2013-08-21,48.68964,-4.0288,65,3,2,1.0,1,29,53.0,17
201300001193,2013-07-14,47.467,-2.477,59,3,1,1.0,2,56,69.0,10
201300001210,2013-06-18,47.66345,-2.99715,68,3,2,1.0,1,56,75.0,17
201300001316,2013-09-08,49.064,-0.31,72,4,1,1.0,1,14,60.0,10
201300001319,2013-12-05,49.138,-0.201,41,3,1,1.0,3,14,42.0,17
201300001356,2013-02-21,49.0203,-0.03478,82,2,1,7.0,1,14,42.0,9
201300001436,2013-08-12,48.6788,-1.29047,68,3,1,7.0,1,50,58.0,7
201300001453,2013-03-30,48.4576,-1.38579,61,2,1,1.0,1,50,39.0,11
201300001517,2013-06-19,49.1902,-1.57198,8,3,1,1.0,1,50,63.0,18
201300001518,2013-06-24,49.337,-1.49635,12,4,2,1.0,1,50,43.0,19
201300001524,2013-09-07,49.2851,-1.65469,49,3,1,7.0,1,50,44.0,11
201300001541,2013-05-13,48.5776,-1.09426,46,4,1,1.0,1,50,82.0,19
201300001606,2013-07-14,46.2209,5.2492,26,4,2,1.0,1,01,68.0,15
201300001696,2013-09-01,47.279,-1.467,76,3,1,1.0,1,44,88.0,8
201300001855,2013-07-06,47.394,-2.424,8,3,1,1.0,1,44,55.0,14
201300001895,2013-02-14,47.43502,-0.29524,61,3,2,6.0,1,49,55.0,16
201300001899,2013-11-09,47.47418,-0.33508,43,2,1,7.0,1,49,38.0,16
201300001966,2013-04-20,47.29377,0.02181,83,3,1,1.0,1,49,60.0,12
201300002044,2013-07-01,48.22122,-0.76983,16,3,1,1.0,1,53,55.0,17
201300002125,2013-12-09,47.896,0.053,59,3,1,7.0,1,72,50.0,16
201300002133,2013-12-03,47.702,-0.069,55,3,1,5.0,2,72,70.0,8
201300002222,2013-08-26,46.77969,-1.06342,9,3,1,1.0,1,85,53.0,18
201300002337,2013-09-24,46.70559,-1.89449,14,3,2,1.0,1,85,52.0,18
201300002346,2013-06-21,46.81517,-1.9924,59,3,2,1.0,1,85,44.0,15
201300002356,2013-12-16,46.79674,-2.0316,73,3,2,7.0,1,85,50.0,16
201300002363,2013-06-19,46.5679,-1.45797,45,3,2,1.0,1,85,40.0,18
201300002364,2013-07-01,46.42202,-1.49175,64,3,2,1.0,1,85,60.0,10
201300002372,2013-09-29,46.3434,-1.4457,44,2,1,7.0,2,85,50.0,17
201300002372,2013-09-29,46.3434,-1.4457,45,3,2,7.0,2,85,50.0,17
201300002384,2013-03-28,44.603,-0.939,49,3,1,1.0,1,33,65.0,13
201300002525,2013-01-31,45.307,-0.935,17,4,2,9.0,5,33,71.0,7
201300002561,2013-01-23,44.923,-0.242,39,3,2,1.0,1,33,50.0,17
201300002577,2013-09-25,44.793,-0.26,66,3,2,1.0,1,33,20.0,18
201300002577,2013-09-25,44.793,-0.26,62,2,1,1.0,1,33,20.0,18
201300002630,2013-10-08,45.1315,0.50739,46,3,2,1.0,1,24,70.0,18
201300002711,2013-11-28,44.9049,0.95276,16,4,1,1.0,2,24,59.0,17
201300002748,2013-09-17,43.6504,-1.43086,26,3,2,2.0,5,40,70.0,21
201300002871,2013-07-18,44.6795,0.16281,74,3,1,8.0,1,47,51.0,9
201300002893,2013-10-02,44.1935,0.02479,57,3,2,1.0,1,47,60.0,8
201300002953,2013-01-30,43.3682,-1.56665,42,3,1,1.0,1,64,54.0,15
201300002957,2013-07-19,43.3542,-1.55035,46,3,1,1.0,1,64,35.0,8
201300002994,2013-12-06,43.1977,-0.60452,54,3,2,1.0,1,64,40.0,8
201300003001,2013-10-05,43.252,-0.62,12,3,1,1.0,1,64,35.0,15
201300003006,2013-05-19,43.5361,-0.69022,71,2,1,8.0,1,64,66.0,11
201300003035,2013-07-12,46.815,0.321,65,3,1,1.0,1,86,60.0,11
201300003058,2013-06-13,46.533,0.726,51,3,1,2.0,1,86,62.0,18
201300003066,2013-03-04,46.15,0.303,67,3,1,1.0,1,86,75.0,13
201300003077,2013-06-26,45.69004,0.21056,42,3,1,1.0,1,16,31.0,9
201300003082,2013-11-16,45.72091,0.26634,17,3,1,1.0,1,16,50.0,16
201300003100,2013-07-14,45.36136,-0.08408,75,3,1,1.0,1,16,60.0,11
201300003102,2013-08-02,45.45126,-0.26061,20,3,1,1.0,1,16,62.0,17
201300003111,2013-07-04,45.89262,0.64677,9,3,1,1.0,1,16,49.0,18
201300003168,2013-09-22,46.322,-0.836,65,3,1,1.0,1,17,55.0,10
201300003168,2013-09-22,46.322,-0.836,70,3,1,1.0,1,17,55.0,10
201300003168,2013-09-22,46.322,-0.836,71,4,1,1.0,1,17,55.0,10
201300003172,2013-05-29,46.18989,-1.33838,63,3,1,1.0,1,17,39.0,9
201300003186,2013-08-15,45.39595,-0.45168,25,4,1,1.0,1,17,62.0,20
201300003216,2013-05-16,45.88786,-1.20026,67,3,1,8.0,1,17,60.0,9
201300003221,2013-08-05,46.04105,-1.39144,69,3,1,8.0,1,17,59.0,12
201300003272,2013-10-09,46.079,-0.938,65,2,1,1.0,1,17,65.0,15
201300003420,2013-12-15,45.785,1.191,67,2,1,8.0,1,87,66.0,13
201300003485,2013-07-09,45.15,1.446,55,3,1,1.0,1,19,68.0,11
201300003485,2013-07-09,45.15,1.446,58,1,2,1.0,1,19,68.0,11
201300003490,2013-11-21,45.128,1.417,31,4,1,1.0,1,19,80.0,10
201300003491,2013-11-26,45.147,1.339,53,4,1,1.0,2,19,71.0,10
201300003498,2013-03-10,45.197,1.506,15,3,1,1.0,1,19,33.0,15
201300003523,2013-06-15,46.194,2.241,76,3,2,1.0,1,23,63.0,18
201300003583,2013-10-27,43.66818,1.19126,42,4,1,1.0,1,31,60.0,10
201300003599,2013-09-25,43.68111,1.39565,49,4,1,1.0,1,31,61.0,11
201300003642,2013-01-01,43.32493,1.18966,55,3,1,8.0,1,31,78.0,15
201300003662,2013-09-15,43.57199,1.31226,53,3,1,1.0,1,31,50.0,18
201300003672,2013-07-21,43.1324,0.69149,39,3,1,7.0,1,31,39.0,10
201300003741,2013-12-15,43.085,1.625,45,3,1,1.0,1,09,57.0,12
201300003760,2013-12-14,42.99285,1.13728,34,2,1,3.0,4,09,89.0,5
201300003772,2013-12-07,49.04019,3.4047,80,3,2,2.0,1,02,50.0,10
201300003776,2013-08-18,44.276,2.43,13,3,1,1.0,1,12,63.0,18
201300003776,2013-08-18,44.276,2.43,32,2,1,1.0,1,12,63.0,18
201300003866,2013-01-23,43.7437,0.87239,27,4,1,8.0,1,32,56.0,16
201300003917,2013-07-30,43.9318,-0.11313,57,3,1,1.0,1,32,45.0,9
201300003930,2013-08-22,44.0175,0.53657,77,2,1,1.0,1,32,51.0,11
201300003955,2013-10-11,43.51,0.28345,55,3,1,1.0,1,32,60.0,16
201300004005,2013-01-14,44.91202,1.79306,70,3,1,8.0,1,46,60.0,14
201300004017,2013-05-26,44.75855,1.35195,43,3,1,1.0,1,46,55.0,17
201300004036,2013-08-17,43.15685,-0.01981,61,3,1,1.0,1,65,121.0,16
201300004138,2013-05-27,49.57375,3.63549,61,4,1,1.0,1,02,35.0,10
201300004141,2013-05-30,49.56871,3.64709,69,4,1,1.0,1,02,102.0,16
201300004150,2013-07-29,49.54656,3.61654,63,3,1,1.0,1,02,82.0,9
201300004170,2013-01-11,43.4949,2.33933,53,3,1,1.0,3,81,56.0,18
201300004177,2013-06-20,43.517,1.932,50,3,1,1.0,1,81,28.0,17
201300004501,2013-06-09,46.0098,5.59088,63,3,1,1.0,1,01,71.0,18
201300004571,2013-03-11,45.8802,5.21781,64,2,1,1.0,1,01,67.0,17
201300004580,2013-08-16,45.877,5.16044,39,3,2,1.0,1,01,70.0,6
201300004601,2013-03-01,45.9148,4.95539,43,3,1,1.0,3,01,57.0,19
201300004790,2013-07-04,49.38788,3.33271,52,4,1,7.0,1,02,60.0,7
201300004795,2013-09-10,49.37452,3.32679,50,3,1,1.0,2,02,100.0,19
201300004796,2013-10-09,49.38196,3.27994,48,4,2,1.0,5,02,40.0,19
201300004800,2013-10-25,49.38816,3.31715,67,3,2,1.0,1,02,60.0,9
201300004847,2013-09-26,45.211,5.673,42,2,2,1.0,1,38,95.0,7
201300004883,2013-08-31,44.818,5.751,63,2,2,1.0,1,38,62.0,15
201300004895,2013-12-17,45.084,5.728,79,3,1,1.0,1,38,74.0,14
201300004920,2013-07-04,45.303,5.485,69,3,1,1.0,1,38,50.0,17
201300005062,2013-04-17,45.5442,4.46084,37,3,2,1.0,1,42,58.0,16
201300005092,2013-09-13,45.53226,4.15428,56,4,1,1.0,1,42,70.0,15
201300005092,2013-09-13,45.53226,4.15428,51,1,1,1.0,1,42,70.0,15
201300005093,2013-10-17,45.55699,4.18433,64,3,1,1.0,1,42,60.0,13
201300005123,2013-06-11,45.58622,4.3114,64,2,1,1.0,1,42,75.0,14
201300005125,2013-09-05,45.53607,4.31964,62,3,2,1.0,1,42,60.0,9
201300005132,2013-12-17,45.60158,4.28307,80,3,1,1.0,1,42,52.0,15
201300005146,2013-09-30,45.99572,4.03393,60,3,2,1.0,1,42,20.0,15
201300005163,2013-07-02,46.08704,4.16981,16,3,1,1.0,1,42,25.0,16
201300005184,2013-11-23,45.57318,5.97649,10,4,1,1.0,3,73,70.0,17
201300005192,2013-07-15,45.50237,6.03498,65,3,1,1.0,1,73,83.0,13
201300005209,2013-07-19,45.62806,6.44678,26,3,1,1.0,1,73,58.0,9
201300005281,2013-05-17,46.078,6.417,51,3,1,8.0,1,74,68.0,11
201300005390,2013-09-28,45.708,3.312,51,3,1,1.0,1,63,100.0,17
201300005436,2013-06-10,45.553,3.743,46,4,1,1.0,1,63,75.0,16
201300005464,2013-08-21,45.529,3.293,75,3,1,1.0,1,63,55.0,10
201300005523,2013-08-14,46.747,2.967,53,3,1,1.0,2,03,65.0,19
201300005528,2013-07-05,46.453,3.745,50,3,2,1.0,1,03,60.0,12
201300005534,2013-05-02,46.466,3.419,11,4,2,1.0,1,03,30.0,16
201300005629,2013-08-14,45.023,2.819,58,2,1,6.0,1,15,36.0,11
201300005630,2013-08-29,45.018,2.818,55,1,1,1.0,1,15,39.0,14
201300005630,2013-08-29,45.018,2.818,13,3,1,1.0,1,15,39.0,14
201300005643,2013-06-06,45.0702,3.90305,68,3,1,1.0,1,43,80.0,14
201300005662,2013-08-11,45.1348,3.81104,9,3,2,1.0,1,43,70.0,18
201300005671,2013-07-07,45.0975,3.49494,74,3,1,1.0,1,43,90.0,8
201300005756,2013-03-04,49.20591,6.1611,40,4,1,1.0,1,57,108.0,12
201300005865,2013-04-03,48.86839,6.09358,32,3,1,1.0,1,54,60.0,18
201300005898,2013-04-24,48.49524,6.09522,13,3,1,1.0,1,54,55.0,13
201300005977,2013-10-23,49.156,5.906,21,3,2,8.0,1,54,145.0,16
201300005977,2013-10-23,49.156,5.906,62,3,1,8.0,1,54,145.0,16
201300005977,2013-10-23,49.156,5.906,65,3,1,8.0,1,54,145.0,16
201300006039,2013-06-08,49.207,5.336,61,3,1,1.0,1,55,63.0,10
201300006089,2013-01-24,48.25172,6.41965,47,3,1,8.0,1,88,65.0,10
201300006098,2013-06-16,48.25334,6.41128,81,3,2,1.0,1,88,73.0,8
201300006099,2013-07-30,48.25574,6.43486,46,4,1,1.0,1,88,70.0,16
201300006111,2013-07-05,48.34399,5.81293,73,3,1,1.0,1,88,51.0,12
201300006112,2013-07-07,48.30535,5.55738,32,2,1,6.0,1,88,75.0,12
201300006116,2013-08-14,48.37057,5.69779,61,3,1,1.0,1,88,53.0,14
201300006127,2013-08-31,48.32275,5.95362,12,3,1,1.0,1,88,65.0,18
201300006138,2013-10-03,48.0042,6.63321,48,3,1,1.0,1,88,62.0,13
201300006154,2013-09-20,48.23789,6.96539,27,3,1,1.0,1,88,70.0,15
201300006172,2013-04-18,48.38953,6.95533,73,3,1,1.0,1,88,77.0,8
201300006197,2013-08-05,48.496,7.668,49,3,2,7.0,1,67,54.0,18
201300006225,2013-05-10,48.77,7.865,10,3,2,1.0,1,67,90.0,17
201300006236,2013-09-03,48.545,7.49,61,3,2,7.0,1,67,91.0,14
201300006239,2013-01-15,48.5,7.46,12,4,1,8.0,1,67,30.0,13
201300006331,2013-05-14,48.997,8.02699,54,3,1,1.0,1,67,74.0,13
201300006348,2013-01-25,48.06032,7.4248,54,3,1,1.0,1,68,120.0,10
201300006349,2013-03-13,48.08005,7.39825,69,4,1,1.0,1,68,87.0,15
201300006351,2013-05-10,48.04597,7.41506,8,3,1,1.0,1,68,50.0,14
201300006359,2013-08-21,48.152,7.334,47,3,1,1.0,1,68,36.0,18
201300006360,2013-10-02,48.137,7.319,77,3,1,7.0,1,68,94.0,16
201300006368,2013-09-28,47.99189,7.06965,36,3,1,1.0,1,68,60.0,16
201300006375,2013-07-28,47.94198,7.54373,76,3,2,8.0,1,68,60.0,18
201300006395,2013-05-21,48.09403,7.30678,17,3,2,1.0,1,68,75.0,12
201300006399,2013-09-03,48.08384,7.25846,50,3,1,7.0,1,68,70.0,18
201300006436,2013-09-28,47.994,7.214,10,3,2,1.0,1,68,47.0,12
201300006470,2013-08-11,47.8168,7.19252,35,4,1,7.0,1,68,100.0,15
201300006617,2013-04-21,49.6279,5.0568,10,2,2,1.0,1,08,50.0,17
201300006618,2013-09-30,49.6754,4.97852,18,2,1,1.0,2,08,59.0,7
201300006668,2013-10-30,48.223,4.27,51,3,1,1.0,1,10,76.0,15
201300006668,2013-10-30,48.223,4.27,68,3,1,1.0,1,10,76.0,15
201300006668,2013-10-30,48.223,4.27,70,2,1,1.0,1,10,76.0,15
201300006668,2013-10-30,48.223,4.27,64,3,1,1.0,1,10,76.0,15
201300006668,2013-10-30,48.223,4.27,62,3,1,1.0,1,10,76.0,15
201300006671,2013-03-05,48.454,4.493,54,2,1,1.0,1,10,73.0,17
201300006676,2013-02-15,48.179,4.432,60,3,2,5.0,1,10,50.0,8
201300006708,2013-10-22,48.01916,4.78324,53,3,1,1.0,1,52,72.0,14
201300006790,2013-05-30,47.227,5.0,21,3,1,1.0,1,21,93.0,18
201300006835,2013-08-19,47.8571,4.57163,14,3,1,1.0,1,21,130.0,15
201300007172,2013-11-16,47.451,6.815,45,4,1,1.0,5,25,78.0,4
201300007189,2013-06-08,47.319,6.314,61,2,2,1.0,1,25,60.0,12
201300007204,2013-01-10,47.31737,6.23213,15,3,1,3.0,2,25,42.0,17
201300007418,2013-06-04,47.736,6.974,13,3,2,1.0,1,90,65.0,18
201300007482,2013-10-07,44.7735,4.8286,13,3,1,1.0,1,26,55.0,18
201300007755,2013-07-06,45.049,6.303,60,3,1,1.0,1,05,76.0,16
201300008150,2013-08-02,44.182,5.253,56,2,1,1.0,1,84,57.0,15
201300008174,2013-11-01,44.15,5.05,31,3,1,1.0,1,84,64.0,16
201300008223,2013-11-08,43.084,4.017,71,3,1,1.0,1,34,60.0,16
201300008231,2013-02-16,43.57401,4.0892,77,3,1,6.0,1,34,70.0,11
201300008239,2013-02-13,43.69288,4.16303,16,4,2,1.0,1,34,50.0,8
201300008436,2013-07-06,43.167,3.05,76,3,2,1.0,1,11,70.0,10
201300008477,2013-06-23,43.53899,4.1443,69,3,1,1.0,1,30,200.0,13
201300008478,2013-07-02,43.53576,4.13525,57,3,2,1.0,1,30,60.0,9
201300008484,2013-12-10,43.56976,4.1702,83,3,1,1.0,1,30,120.0,14
201300008504,2013-09-08,43.8325,4.4961,12,3,1,1.0,1,30,45.0,14
201300008517,2013-05-26,43.73448,4.21987,28,3,1,1.0,1,30,57.0,13
201300008548,2013-06-24,44.12536,3.90158,60,2,1,1.0,1,30,65.0,15
201300008549,2013-07-26,44.09495,3.9147,79,2,1,1.0,1,30,38.0,11
201300008564,2013-09-13,44.14802,4.16296,45,2,2,1.0,1,30,66.0,16
201300008610,2013-06-04,43.95629,4.38226,64,3,1,1.0,1,30,55.0,12
201300008647,2013-07-17,43.95226,4.64221,67,3,1,1.0,1,30,60.0,9
201300008666,2013-11-07,44.06475,4.75642,50,3,1,1.0,1,30,40.0,15
201300008676,2013-04-10,43.99083,3.60767,80,3,1,1.0,1,30,61.0,14
201300008912,2013-11-26,42.798,9.491,62,3,1,1.0,1,2B,62.0,10
201300008977,2013-04-17,44.9033,6.63039,48,4,2,1.0,1,05,84.0,10
201300009123,2013-11-21,48.437,2.071,66,4,2,8.0,2,91,25.0,15
201300009178,2013-05-27,48.743,2.186,41,3,1,1.0,1,91,62.0,6
201300009226,2013-01-23,48.445,2.855,52,2,1,8.0,2,77,50.0,17
201300009253,2013-07-27,48.75612,3.34368,12,3,1,1.0,1,77,49.0,15
201300009261,2013-09-13,48.94563,3.13368,11,3,1,1.0,1,77,46.0,17
201300009332,2013-08-23,48.54892,3.0642,13,3,1,1.0,1,77,40.0,13
201300009335,2013-09-03,48.08079,1.87738,8,3,1,1.0,1,45,60.0,17
201300009379,2013-11-09,47.69501,2.60865,66,3,1,7.0,1,45,135.0,9
201300009396,2013-07-02,47.99367,2.45415,12,3,1,1.0,1,45,65.0,16
201300009421,2013-08-23,48.03881,2.63656,75,2,1,1.0,1,45,65.0,15
201300009436,2013-10-08,48.20309,2.42702,44,3,1,1.0,2,45,50.0,7
201300009437,2013-06-08,48.30901,2.23217,78,3,1,1.0,1,45,40.0,9
201300009548,2013-12-31,48.731,1.443,50,3,1,2.0,1,28,76.0,9
201300009576,2013-08-13,46.5052,1.36182,24,3,2,1.0,1,36,45.0,13
201300009576,2013-08-13,46.5052,1.36182,2,1,1,1.0,1,36,45.0,13
201300009588,2013-05-03,46.8885,1.40896,25,4,1,1.0,5,36,70.0,22
201300009589,2013-07-08,46.8094,1.3653,15,3,1,1.0,1,36,29.0,16
201300009786,2013-02-06,47.5914,2.02361,12,3,1,7.0,2,41,78.0,7
201300009798,2013-01-23,47.9826,0.90701,78,4,2,1.0,1,41,61.0,15
201300009827,2013-06-27,48.02304,-3.82837,49,3,1,1.0,1,29,42.0,8
201300009829,2013-08-14,48.00598,-3.75003,19,3,1,7.0,2,29,29.0,19
201300011463,2013-08-31,47.271,5.063,17,3,1,1.0,3,21,70.0,22
201300011517,2013-04-11,48.15212,-1.58598,70,2,1,1.0,1,35,120.0,11
201300011671,2013-08-28,46.71294,4.13271,64,2,1,7.0,1,71,30.0,16
201300011848,2013-07-17,43.54691,5.29052,34,3,1,1.0,1,13,92.0,16
201300011888,2013-01-17,49.7945,4.74421,36,3,1,1.0,1,08,60.0,16
201300011891,2013-02-18,49.7664,4.71864,28,1,1,1.0,1,08,90.0,9
201300011891,2013-02-18,49.7664,4.71864,81,3,2,1.0,1,08,90.0,9
201300011894,2013-03-26,49.7288,4.71307,40,3,1,1.0,2,08,50.0,6
201300011919,2013-09-06,43.74794,4.83115,55,3,1,1.0,1,13,60.0,11
201300011924,2013-05-09,47.4944,1.52012,12,3,1,1.0,1,41,42.0,16
201300011997,2013-07-31,45.0713,5.0916,65,4,1,1.0,1,26,60.0,6
201300012085,2013-10-19,49.24712,3.09103,13,3,1,1.0,1,02,40.0,14
201300012509,2013-02-19,45.5108,4.26696,59,3,1,1.0,1,42,74.0,14
201300012536,2013-04-18,43.54439,1.34616,16,4,1,1.0,1,31,70.0,7
201300012578,2013-05-13,46.007,6.188,48,3,1,1.0,1,74,88.0,18
201300012625,2013-09-17,48.15062,-1.79674,55,3,1,1.0,2,35,73.0,7
201300012628,2013-12-28,47.50281,-2.827,65,3,2,2.0,1,56,40.0,16
201300012785,2013-08-08,48.30948,4.05408,53,3,1,1.0,1,10,88.0,17
201300012786,2013-07-24,48.30046,4.08683,63,4,2,1.0,1,10,39.0,19
201300012791,2013-09-04,48.30354,4.07292,17,4,1,1.0,1,10,103.0,18
201300012830,2013-06-23,43.713,7.05,30,2,1,1.0,1,06,53.0,14
201300013278,2013-08-30,44.543,0.0,9,4,1,1.0,1,12,68.0,17
201300013483,2013-09-06,43.66874,4.63447,49,4,1,1.0,1,13,79.0,14
201300013485,2013-09-28,43.67497,4.62502,48,4,1,1.0,5,13,70.0,23
201300013562,2013-06-03,43.29638,5.56864,36,4,1,1.0,1,13,40.0,12
201300013562,2013-06-03,43.29638,5.56864,37,4,1,1.0,1,13,40.0,12
201300013607,2013-08-17,43.293,5.56761,74,3,1,1.0,1,13,100.0,10
201300013615,2013-09-03,43.28633,5.58685,58,4,1,7.0,1,13,100.0,6
201300013650,2013-10-15,43.28426,5.59366,28,4,1,1.0,5,13,87.0,6
201300013707,2013-08-06,43.19258,5.60936,66,3,1,1.0,1,13,90.0,8
201300013744,2013-06-11,43.3971,5.25174,14,4,1,1.0,1,13,100.0,17
201300013835,2013-12-13,43.34729,5.37838,11,4,1,1.0,1,13,82.0,17
201300013842,2013-12-21,43.32554,5.43049,37,3,1,1.0,5,13,80.0,18
201300013874,2013-12-03,43.29259,5.36735,41,3,1,1.0,1,13,60.0,14
201300013935,2013-01-09,43.29076,5.47362,23,3,1,1.0,1,13,25.0,11
201300013980,2013-12-31,43.38113,5.36304,15,4,1,1.0,1,13,70.0,10
201300014211,2013-08-04,43.24851,5.45371,33,4,1,1.0,1,13,60.0,15
201300014235,2013-02-06,43.28042,5.38366,44,4,1,1.0,1,13,70.0,7
201300014407,2013-03-08,43.33945,5.35538,31,4,1,1.0,1,13,50.0,16
201300014412,2013-03-09,43.34551,5.47639,17,4,1,1.0,1,13,50.0,15
201300014452,2013-03-27,43.31559,5.43895,19,3,1,1.0,1,13,30.0,7
201300014497,2013-03-14,43.29135,5.37003,55,3,1,1.0,1,13,30.0,19
201300014516,2013-04-08,43.296,5.38689,24,4,1,1.0,5,13,60.0,21
201300014551,2013-03-02,43.24706,5.38261,57,4,2,1.0,1,13,20.0,15
201300014632,2013-04-26,43.24193,5.36639,24,4,1,1.0,2,13,60.0,19
201300014682,2013-04-14,43.25269,5.40227,28,3,1,1.0,5,13,150.0,2
201300014862,2013-02-21,43.34665,5.46272,63,1,1,1.0,1,13,50.0,10
201300014862,2013-02-21,43.34665,5.46272,72,4,2,1.0,1,13,50.0,10
201300014891,2013-05-23,43.3239,5.44419,34,4,1,1.0,1,13,63.0,9
201300014932,2013-06-13,43.33127,5.38476,13,3,1,1.0,1,13,60.0,18
201300015004,2013-06-15,43.33108,5.35489,49,4,1,1.0,3,13,30.0,22
201300015024,2013-06-01,43.29511,5.38281,23,4,1,1.0,5,13,60.0,2
201300015188,2013-07-10,43.26145,5.40378,16,3,1,1.0,1,13,64.0,12
201300015230,2013-07-19,43.33117,5.48843,41,3,1,1.0,1,13,70.0,9
201300015239,2013-07-10,43.32107,5.37516,40,4,1,1.0,1,13,90.0,17
201300015274,2013-07-22,43.26991,5.36597,42,3,1,1.0,1,13,120.0,17
201300015343,2013-08-19,43.26847,5.41927,78,4,1,1.0,1,13,80.0,7
201300015442,2013-08-27,43.28074,5.40731,18,3,1,1.0,5,13,45.0,22
201300015553,2013-09-05,43.27221,5.39087,38,4,2,1.0,1,13,40.0,7
201300015565,2013-09-06,43.27792,5.38824,48,1,1,1.0,1,13,93.0,15
201300015565,2013-09-06,43.27792,5.38824,61,4,2,1.0,1,13,93.0,15
201300015694,2013-09-27,43.27918,5.42288,75,3,1,1.0,1,13,70.0,11
201300015710,2013-07-01,43.25638,5.41976,53,4,1,1.0,1,13,60.0,11
201300015758,2013-09-16,43.29893,5.38814,37,4,1,1.0,2,13,30.0,20
201300015862,2013-10-13,43.32071,5.41445,50,4,2,1.0,1,13,67.0,13
201300015871,2013-11-05,43.3565,5.46659,61,3,1,1.0,5,13,70.0,18
201300015910,2013-09-06,43.36685,5.35621,49,4,1,1.0,1,13,130.0,14
201300015999,2013-11-24,43.30291,5.40074,56,4,1,1.0,1,13,220.0,17
201300016085,2013-11-09,43.25116,5.38796,28,4,1,1.0,1,13,60.0,9
201300016115,2013-12-10,43.30247,5.36947,11,4,1,1.0,5,13,120.0,18
201300016115,2013-12-10,43.30247,5.36947,13,4,1,1.0,5,13,120.0,18
201300016297,2013-05-25,43.63644,5.08116,56,3,2,1.0,1,13,70.0,12
201300016302,2013-08-27,43.64218,5.09315,14,3,1,1.0,1,13,50.0,17
201300016653,2013-01-08,49.1731,-0.35433,39,4,1,1.0,4,14,170.0,8
201300016715,2013-06-20,49.1543,-0.3533,6,3,1,1.0,1,14,70.0,18
201300016786,2013-09-11,43.83037,4.56379,54,4,1,1.0,1,30,75.0,18
201300016786,2013-09-11,43.83037,4.56379,32,3,1,1.0,1,30,75.0,18
201300016788,2013-11-04,43.718,4.45978,61,2,1,1.0,1,30,65.0,11
201300016819,2013-06-23,49.4087,0.24692,8,4,1,1.0,1,14,68.0,15
201300016999,2013-08-20,48.756,0.942,35,3,1,1.0,1,27,60.0,8
201300017089,2013-08-17,44.8322,1.29087,11,3,1,1.0,1,24,46.0,14
201300017203,2013-06-01,45.91516,-0.13234,10,3,1,1.0,1,16,37.0,19
201300017213,2013-07-25,46.5764,1.99738,60,3,1,1.0,1,36,60.0,12
201300017221,2013-04-10,46.5916,1.52301,55,3,1,1.0,1,36,70.0,11
201300017275,2013-12-04,47.01269,3.05871,58,3,1,1.0,1,18,70.0,15
201300017299,2013-03-16,46.72398,2.50432,15,1,2,1.0,1,18,50.0,10
201300017306,2013-11-11,46.7217,2.50671,15,4,1,1.0,1,18,50.0,13
201300017333,2013-02-16,47.27377,2.23292,61,3,1,8.0,1,18,70.0,11
201300017334,2013-03-10,47.57,2.465,67,3,1,1.0,2,18,73.0,18
201300017361,2013-12-11,45.6546,5.9135,15,3,1,1.0,1,73,70.0,12
201300017368,2013-06-16,45.65513,5.83551,61,2,1,1.0,1,73,46.0,14
201300017380,2013-09-14,45.20784,6.45796,38,3,1,1.0,1,73,80.0,12
201300017411,2013-04-08,47.84406,2.02489,13,3,1,1.0,1,45,48.0,18
201300017494,2013-08-05,49.481,2.942,66,3,2,1.0,1,60,30.0,7
201300017603,2013-07-24,43.941,7.087,44,4,1,1.0,1,06,71.0,15
201300017798,2013-03-11,46.0254,4.99055,78,3,1,1.0,1,01,63.0,14
201300017801,2013-08-13,45.9987,4.9024,64,4,1,1.0,1,01,75.0,9
201300017847,2013-08-03,44.14,5.304,60,2,1,2.0,1,84,60.0,10
201300017868,2013-06-05,49.309,3.409,51,2,1,1.0,4,02,54.0,23
201300018106,2013-06-11,48.66334,-2.98636,21,3,2,1.0,1,22,40.0,16
201300018119,2013-07-12,48.64218,-3.17925,42,3,1,1.0,1,22,36.0,15
201300018128,2013-05-18,47.52483,7.50787,49,3,1,1.0,1,68,32.0,11
201300018229,2013-08-08,48.35612,-4.31472,53,3,1,1.0,1,29,46.0,9
201300018255,2013-07-17,47.3564,1.13897,52,2,1,1.0,1,41,55.0,20
201300018311,2013-10-25,45.5021,4.32117,13,3,1,1.0,1,42,53.0,18
201300018312,2013-11-13,45.81059,4.03943,85,2,1,1.0,1,42,62.0,16
201300018385,2013-08-14,49.205,5.557,37,4,1,1.0,1,55,80.0,15
201300018395,2013-03-25,48.67069,-0.15189,67,3,1,1.0,1,61,60.0,16
201300018400,2013-07-31,48.83011,-0.58271,22,3,1,1.0,1,61,70.0,15
201300018401,2013-09-03,48.58797,-0.50067,65,3,1,7.0,1,61,74.0,11
201300018421,2013-10-29,48.42973,0.75458,69,3,1,1.0,1,61,60.0,11
201300018536,2013-05-07,47.006,4.25466,80,4,1,1.0,1,71,31.0,14
201300018546,2013-07-05,46.86674,4.19916,57,4,1,1.0,1,71,80.0,12
201300018764,2013-10-02,49.92859,2.67349,8,4,1,1.0,1,80,59.0,15
201300018870,2013-01-28,49.86906,1.04897,67,3,1,1.0,1,76,159.0,14
201300018977,2013-04-26,50.8822,2.47192,11,4,1,1.0,1,59,60.0,14
201300019003,2013-09-21,47.5865,-3.02705,54,3,2,1.0,5,56,35.0,22
201300019005,2013-01-03,47.79021,-3.47537,62,3,1,1.0,1,56,45.0,15
201300019041,2013-08-04,47.88969,-2.45442,9,3,1,1.0,1,56,47.0,19
201300019042,2013-08-07,47.98216,-2.7702,61,3,2,1.0,1,56,42.0,10
201300019078,2013-03-23,44.989,1.826,65,3,1,1.0,1,19,62.0,13
201300019145,2013-06-08,48.115,3.286,55,3,1,1.0,1,89,100.0,16
201300019150,2013-04-22,49.22902,6.21087,16,3,1,7.0,1,57,82.0,15
201300019216,2013-02-07,43.6678,3.8557,41,2,1,1.0,1,34,6.0,16
201300019281,2013-09-04,45.67837,0.17525,16,3,1,1.0,1,16,46.0,17
201300019290,2013-10-30,45.61092,0.10145,13,4,1,1.0,2,16,36.0,17
201300019298,2013-08-19,45.64768,0.16443,24,4,2,1.0,1,16,78.0,15
201300019310,2013-06-07,45.69442,-0.34764,42,3,1,1.0,1,16,85.0,7
201300019312,2013-06-10,45.67877,-0.31148,50,3,1,1.0,1,16,70.0,8
201300019314,2013-09-04,45.41302,-0.19375,57,2,1,1.0,1,16,57.0,8
201300019336,2013-02-02,45.94768,-0.97184,19,1,1,1.0,1,17,55.0,10
201300019347,2013-03-07,45.95824,-0.9692,57,1,1,2.0,2,17,40.0,18
201300019358,2013-04-30,45.94602,-0.89163,15,3,2,2.0,1,17,65.0,8
201300019359,2013-05-06,45.9287,-0.96006,14,4,1,1.0,1,17,42.0,17
201300019373,2013-06-27,45.93017,-0.95974,64,4,2,1.0,1,17,60.0,17
201300019379,2013-07-29,45.94687,-0.9762,40,4,2,1.0,1,17,40.0,17
201300019381,2013-08-06,45.93881,-0.9628,16,4,1,1.0,1,17,50.0,19
201300019391,2013-09-16,45.9312,-0.97027,11,4,2,2.0,1,17,60.0,7
201300019394,2013-09-24,45.94307,-0.96014,71,4,2,1.0,1,17,50.0,8
201300019398,2013-10-14,45.94106,-0.96014,12,4,1,1.0,1,17,45.0,16
201300019400,2013-10-18,45.94364,-0.89138,12,4,1,1.0,1,17,100.0,18
201300019409,2013-11-20,45.93288,-0.96643,41,3,1,1.0,1,17,50.0,13
201300019410,2013-11-20,45.94578,-0.95566,17,4,2,2.0,5,17,60.0,18
201300019417,2013-12-19,45.93099,-0.96577,17,3,2,1.0,1,17,50.0,9
201300019418,2013-12-19,45.95015,-0.92565,16,4,1,2.0,5,17,70.0,19
201300019652,2013-04-25,45.74858,-0.6469,67,4,1,1.0,2,17,60.0,8
201300019676,2013-09-19,45.74586,-0.63049,59,4,1,1.0,1,17,60.0,9
201300019680,2013-10-19,45.75256,-0.63096,45,4,2,1.0,1,17,40.0,9
201300019762,2013-04-09,50.444,2.272,80,4,1,2.0,1,62,60.0,8
201300019797,2013-11-02,43.19459,6.03705,14,3,1,1.0,1,83,59.0,16
201300019811,2013-02-14,48.9873,-1.14681,46,3,1,1.0,3,50,30.0,19
201300019811,2013-02-14,48.9873,-1.14681,57,4,1,1.0,3,50,30.0,19
201300019845,2013-01-13,47.10243,2.41191,16,1,1,1.0,1,18,66.0,14
201300019845,2013-01-13,47.10243,2.41191,12,3,1,1.0,1,18,66.0,14
201300019876,2013-04-17,47.05359,2.38062,50,4,1,1.0,1,18,60.0,9
201300019896,2013-06-05,47.07151,2.3765,16,4,1,1.0,1,18,58.0,14
201300019946,2013-09-24,47.08951,2.40084,52,4,2,1.0,1,18,60.0,10
201300019955,2013-10-10,47.10475,2.39024,18,4,2,3.0,2,18,50.0,7
201300019962,2013-10-17,47.08725,2.39283,19,1,1,1.0,1,18,55.0,17
201300019970,2013-10-29,47.06558,2.39526,65,4,1,1.0,1,18,70.0,10
201300020172,2013-11-06,43.12387,6.35101,43,3,1,1.0,1,83,75.0,14
201300020322,2013-08-04,47.87768,7.19984,53,3,1,1.0,1,68,43.0,17
201300020324,2013-05-12,51.05714,2.55588,47,3,1,7.0,1,59,50.0,11
201300020347,2013-07-23,45.54656,5.30685,25,3,1,1.0,1,19,96.0,15
201300020352,2013-07-13,47.79718,7.36108,11,3,2,1.0,1,68,30.0,15
201300020353,2013-07-17,47.83091,7.32003,60,3,1,1.0,1,68,61.0,17
201300020356,2013-09-25,47.829,7.51,55,3,1,1.0,1,68,70.0,8
201300020477,2013-05-23,48.45605,-2.04336,16,1,1,1.0,1,22,22.0,15
201300020504,2013-08-16,48.72487,-3.47259,60,4,1,1.0,1,22,75.0,11
201300020542,2013-03-07,48.50377,-2.74065,50,4,1,1.0,1,22,70.0,19
201300020595,2013-07-20,48.51096,-2.75929,40,4,1,1.0,1,22,70.0,19
201300020615,2013-08-28,48.49903,-2.73711,85,2,1,1.0,1,22,71.0,9
201300020670,2013-11-16,48.50771,-2.76588,24,3,1,1.0,1,22,20.0,11
201300020721,2013-03-27,44.8589,0.47456,20,3,1,1.0,1,24,62.0,18
201300020726,2013-10-07,44.8493,0.49281,59,3,1,1.0,2,24,70.0,7
201300020744,2013-07-30,45.1974,0.78779,11,3,1,1.0,1,24,600.0,18
201300020905,2013-03-04,47.89984,6.36148,36,4,2,1.0,1,25,80.0,16
201300020911,2013-06-26,46.90569,6.33409,36,3,1,1.0,1,25,22.0,14
201300020913,2013-07-26,46.91094,6.35994,10,3,1,1.0,1,25,78.0,16
201300020957,2013-06-08,46.0086,5.74801,36,2,1,8.0,1,01,60.0,15
201300021008,2013-01-10,45.0453,5.0644,21,4,1,1.0,1,26,40.0,9
201300021026,2013-06-06,45.0521,5.0478,70,4,1,1.0,1,26,60.0,10
201300021032,2013-06-28,45.0436,5.0616,20,4,1,1.0,1,26,65.0,17
201300021053,2013-08-16,45.0458,5.0506,60,4,1,1.0,1,26,60.0,12
201300021054,2013-08-18,45.0453,5.062,27,4,1,1.0,1,26,80.0,12
201300021064,2013-09-24,45.0471,5.0708,46,4,1,1.0,5,26,65.0,21
201300021073,2013-10-22,45.0412,5.081,18,4,1,1.0,1,26,70.0,12
201300021077,2013-10-29,45.0511,5.0692,8,4,1,1.0,1,26,60.0,17
201300021101,2013-02-08,44.9254,4.8916,50,3,2,1.0,1,26,80.0,13
201300021119,2013-04-12,44.9148,4.9079,58,4,2,1.0,1,26,60.0,12
201300021136,2013-06-05,44.9325,4.8986,52,4,2,1.0,1,26,75.0,7
201300021139,2013-06-11,44.9159,4.8887,40,3,1,1.0,1,26,70.0,9
201300021140,2013-06-15,44.9204,4.9002,50,3,1,1.0,1,26,55.0,7
201300021142,2013-06-19,44.9244,4.9034,27,4,2,1.0,5,26,30.0,22
201300021163,2013-09-04,44.9492,4.8982,71,4,1,1.0,1,26,60.0,9
201300021507,2013-11-23,48.45578,1.4626,61,4,1,1.0,1,28,100.0,12
201300021658,2013-11-13,47.84142,-1.68102,45,3,2,1.0,5,35,60.0,6
201300021730,2013-05-02,44.437,2.679,31,3,2,1.0,1,12,113.0,15
201300021944,2013-03-28,47.87159,-3.91902,12,4,1,1.0,1,29,40.0,18
201300021952,2013-05-12,47.87752,-3.90029,71,4,1,1.0,1,29,60.0,16
201300021963,2013-07-22,47.89515,-3.91364,61,4,1,1.0,1,29,70.0,7
201300021983,2013-10-01,47.88002,-3.92421,15,4,1,1.0,1,29,50.0,12
201300021992,2013-12-09,47.87708,-3.92516,84,3,2,1.0,1,29,107.0,12
201300022035,2013-07-09,49.55576,0.21595,45,3,1,1.0,1,76,39.0,7
201300022241,2013-09-13,44.13435,4.08914,16,4,1,1.0,1,30,80.0,15
201300022266,2013-07-17,44.16051,4.61817,53,4,2,1.0,1,30,80.0,8
201300022317,2013-02-18,43.82174,4.34902,30,4,1,2.0,1,30,87.0,8
201300022346,2013-03-26,43.82614,4.37689,45,3,1,1.0,1,30,67.0,11
201300022351,2013-04-05,43.84167,4.3614,22,4,1,1.0,2,30,40.0,20
201300022366,2013-04-17,43.82957,4.36179,2,4,1,1.0,1,30,124.0,19
201300022423,2013-07-07,43.83721,4.38509,69,4,1,1.0,1,30,70.0,10
201300022447,2013-08-01,43.84853,4.34167,19,4,1,1.0,1,30,30.0,19
201300022489,2013-10-09,43.84726,4.38964,71,4,1,1.0,1,30,88.0,9
201300022490,2013-10-09,43.83637,4.35076,31,1,1,1.0,1,30,30.0,15
201300022497,2013-10-16,43.84018,4.36377,50,4,2,1.0,5,30,103.0,20
201300022513,2013-11-02,43.82643,4.37633,13,3,1,1.0,1,30,35.0,17
201300022520,2013-11-05,43.8309,4.38164,52,4,2,1.0,1,30,70.0,10
201300022546,2013-12-23,43.83288,4.42592,57,4,1,1.0,1,30,60.0,12
201300022687,2013-12-03,43.10787,0.71634,45,4,1,1.0,5,31,100.0,18
201300022820,2013-03-29,43.6159,1.34003,50,4,1,1.0,1,31,60.0,11
201300022979,2013-07-17,43.58201,1.34331,47,1,1,1.0,1,31,60.0,9
201300023102,2013-10-18,43.6079,1.33009,12,4,1,1.0,1,31,60.0,15
201300023237,2013-07-04,48.272,3.807,80,3,1,1.0,1,10,70.0,16
201300024414,2013-08-24,43.30877,3.51301,66,2,1,1.0,1,34,90.0,10
201300024418,2013-09-10,43.28319,3.49824,83,3,1,1.0,1,34,130.0,13
201300024516,2013-01-03,43.60531,3.89192,56,4,1,1.0,1,34,30.0,12
201300024520,2013-01-04,43.6144,3.88377,59,4,1,1.0,5,34,90.0,18
201300024544,2013-01-17,43.61108,3.87351,22,4,1,1.0,5,34,60.0,18
201300024563,2013-01-29,43.60811,3.89674,37,4,1,1.0,1,34,60.0,8
201300024586,2013-02-20,43.61301,3.85888,32,4,1,1.0,1,34,60.0,13
201300024611,2013-03-12,43.62403,3.86214,26,4,2,1.0,1,34,120.0,17
201300024626,2013-03-20,43.63636,3.82726,23,4,1,8.0,5,34,60.0,20
201300024635,2013-03-25,43.61034,3.89042,53,4,1,1.0,1,34,120.0,8
201300024649,2013-04-07,43.62832,3.81757,30,4,1,1.0,1,34,128.0,12
201300024664,2013-04-13,43.61154,3.87203,8,4,2,1.0,1,34,60.0,15
201300024682,2013-04-30,43.62015,3.85903,23,4,2,2.0,1,34,60.0,10
201300024707,2013-05-22,43.60834,3.90662,23,4,1,1.0,1,34,60.0,16
201300024710,2013-05-22,43.62032,3.85971,11,4,1,1.0,1,34,60.0,18
201300024712,2013-05-24,43.63738,3.83156,31,4,2,1.0,1,34,60.0,9
201300024720,2013-05-30,43.60964,3.83831,37,4,2,1.0,1,34,60.0,8
201300024724,2013-05-31,43.61364,3.87704,19,4,1,1.0,1,34,60.0,13
201300024729,2013-06-02,43.59808,3.90289,51,3,2,1.0,1,34,120.0,18
201300024751,2013-06-19,43.61496,3.89789,26,4,2,8.0,1,34,360.0,18
201300024752,2013-06-20,43.61702,3.85485,15,4,1,8.0,1,34,120.0,8
201300024794,2013-07-24,43.59014,3.85569,2013,3,1,1.0,1,34,100.0,7
201300024811,2013-08-07,43.61648,3.83372,11,4,1,1.0,1,34,60.0,13
201300024830,2013-08-22,43.60905,3.89022,21,4,1,1.0,1,34,90.0,19
201300024834,2013-08-27,43.61395,3.86857,23,1,1,1.0,1,34,60.0,10
201300024841,2013-08-30,43.63048,3.87145,19,4,1,1.0,1,34,60.0,16
201300024841,2013-08-30,43.63048,3.87145,21,4,2,1.0,1,34,60.0,16
201300024856,2013-09-10,43.61503,3.89274,58,3,2,1.0,1,34,60.0,19
201300024862,2013-09-13,43.62755,3.86943,34,4,1,1.0,5,34,80.0,21
201300024875,2013-09-20,43.59094,3.85479,27,4,2,1.0,1,34,120.0,11
201300024882,2013-09-24,43.5988,3.90258,46,4,1,8.0,1,34,174.0,13
201300024884,2013-09-28,43.61597,3.88071,18,4,1,8.0,2,34,50.0,19
201300024886,2013-09-30,43.61256,3.89517,40,3,1,1.0,1,34,90.0,8
201300024898,2013-10-06,43.6058,3.8994,46,4,2,1.0,1,34,60.0,12
201300024899,2013-10-07,43.61998,3.84209,12,4,1,1.0,1,34,60.0,8
201300024900,2013-10-07,43.62539,3.87108,25,4,2,1.0,1,34,60.0,17
201300024905,2013-10-11,43.6215,3.86843,18,4,1,1.0,1,34,60.0,12
201300024908,2013-10-12,43.63314,3.82469,13,4,1,8.0,1,34,60.0,17
201300024943,2013-11-08,43.60911,3.88808,21,4,2,8.0,1,34,60.0,15
201300024961,2013-11-20,43.60468,3.88313,29,3,1,1.0,5,34,30.0,19
201300024965,2013-11-23,43.61922,3.86413,23,4,2,1.0,1,34,60.0,10
201300024973,2013-11-28,43.63088,3.82219,34,3,1,1.0,5,34,80.0,22
201300024975,2013-11-29,43.61178,3.82555,22,4,1,1.0,5,34,120.0,22
201300025222,2013-05-29,48.1026,-1.67803,56,4,2,1.0,1,35,60.0,8
201300025560,2013-01-16,46.7931,1.71127,68,4,1,1.0,1,36,70.0,13
201300025594,2013-09-22,46.8049,1.69907,68,3,1,1.0,1,36,70.0,10
201300025597,2013-10-02,46.8269,1.7047,17,4,1,1.0,5,36,70.0,7
201300025643,2013-07-25,46.8103,1.68752,49,3,2,1.0,1,36,58.0,12
201300025648,2013-08-06,46.8099,1.7045,15,4,1,1.0,1,36,62.0,16
201300025653,2013-09-24,46.8067,1.69169,23,4,2,1.0,1,36,70.0,17
201300026233,2013-01-31,45.1817,5.74484,22,4,2,1.0,1,38,40.0,9
201300026234,2013-02-01,45.1498,5.69793,13,4,1,2.0,1,38,120.0,17
201300026240,2013-02-21,45.1844,5.76821,88,3,1,1.0,1,38,300.0,8
201300026242,2013-02-28,45.1998,5.73998,84,4,2,1.0,1,38,70.0,10
201300026420,2013-08-01,43.7239,-1.05113,84,2,2,1.0,1,40,60.0,7
201300026576,2013-06-16,45.39635,4.23496,78,3,1,1.0,1,42,70.0,12
201300026592,2013-05-12,45.51247,4.58521,58,3,1,1.0,1,42,70.0,11
201300026601,2013-01-10,46.04355,4.06745,34,4,1,1.0,5,42,86.0,5
201300026615,2013-03-19,46.02877,4.06529,67,3,2,1.0,1,42,60.0,9
201300026622,2013-03-18,46.03945,4.08244,41,4,1,1.0,1,42,70.0,16
201300026629,2013-05-03,46.03691,4.06534,22,4,2,1.0,5,42,70.0,21
201300026659,2013-07-10,46.05366,4.07346,56,3,1,1.0,1,42,90.0,17
201300026672,2013-08-11,46.02733,4.08256,32,1,1,1.0,1,42,79.0,10
201300026680,2013-09-05,46.07112,4.07366,13,4,1,1.0,1,42,63.0,14
201300026689,2013-09-26,46.04839,4.06953,60,4,2,1.0,1,42,95.0,9
201300026692,2013-10-04,46.03106,4.07566,17,4,2,2.0,2,42,60.0,7
201300026694,2013-10-11,46.04748,4.05183,19,3,2,1.0,2,42,75.0,18
201300026698,2013-10-18,46.03377,4.07782,75,3,2,1.0,1,42,60.0,10
201300026705,2013-10-31,46.04542,4.05625,44,3,1,1.0,1,42,65.0,13
201300026712,2013-11-20,46.04129,4.05551,81,3,1,4.0,1,42,105.0,9
201300026718,2013-12-20,46.03693,4.0654,86,3,1,1.0,5,42,65.0,17
201300026723,2013-12-06,46.03644,4.06385,36,3,1,1.0,2,42,77.0,16
201300026727,2013-12-12,46.02638,4.0858,41,4,1,1.0,1,42,80.0,14
201300026753,2013-01-07,45.45268,4.3824,24,4,1,1.0,1,42,60.0,12
201300026761,2013-01-05,45.45517,4.37762,64,4,1,1.0,2,42,60.0,17
201300026828,2013-07-03,45.43603,4.38427,37,4,1,1.0,1,42,120.0,15
201300026835,2013-07-19,45.43255,4.39441,24,4,1,1.0,5,42,30.0,1
201300026845,2013-08-08,45.42442,4.3749,77,4,1,3.0,1,42,70.0,12
201300026852,2013-08-23,45.45814,4.40535,35,3,1,1.0,1,42,48.0,13
201300026890,2013-09-13,45.46052,4.40047,58,4,1,1.0,1,42,60.0,8
201300026937,2013-10-19,45.0496,3.90751,14,4,1,1.0,1,43,105.0,14
201300027410,2013-04-17,48.02231,2.73622,11,4,1,1.0,1,45,50.0,19
201300027413,2013-04-24,47.99029,2.78503,77,4,2,1.0,1,45,55.0,16
201300027438,2013-08-23,47.97532,2.7333,12,4,1,1.0,1,45,60.0,16
201300027463,2013-12-06,48.02139,2.7372,28,4,1,2.0,5,45,60.0,4
201300027488,2013-03-13,47.90835,1.87726,53,4,1,1.0,1,45,49.0,15
201300027492,2013-03-23,47.90009,1.88262,43,4,1,1.0,1,45,120.0,17
201300027503,2013-04-17,47.88684,1.91843,63,3,2,1.0,1,45,44.0,10
201300027509,2013-05-06,47.88501,1.9292,13,4,1,1.0,1,45,68.0,18
201300027525,2013-06-24,47.8768,1.98426,15,3,2,1.0,1,45,78.0,7
201300027531,2013-07-02,47.90441,1.90442,45,4,1,1.0,1,45,12.0,11
201300027543,2013-10-04,47.91202,1.91948,43,3,1,1.0,1,45,50.0,15
201300027547,2013-10-17,47.93257,1.92834,62,4,1,1.0,1,45,75.0,11
201300027628,2013-01-07,47.4642,-0.53148,49,4,2,1.0,2,49,60.0,7
201300027633,2013-01-11,47.44074,-0.49853,60,4,2,1.0,1,49,40.0,8
201300027634,2013-01-11,47.46114,-0.48988,19,4,1,1.0,5,49,139.0,18
201300027650,2013-01-30,47.43208,-0.48542,60,3,1,2.0,1,49,90.0,10
201300027651,2013-01-31,47.46538,-0.55701,32,4,1,1.0,2,49,60.0,8
201300027662,2013-02-12,47.46806,-0.55103,46,4,1,1.0,1,49,50.0,8
201300027668,2013-02-21,47.47586,-0.54805,51,1,1,1.0,2,49,60.0,7
201300027673,2013-03-05,47.47341,-0.54402,61,4,2,1.0,1,49,100.0,12
201300027692,2013-03-27,47.4792,-0.55759,28,4,2,1.0,1,49,98.0,17
201300027706,2013-04-18,47.47319,-0.59783,52,4,1,1.0,1,49,60.0,18
201300027708,2013-04-19,47.4894,-0.50516,17,4,1,1.0,1,49,90.0,12
201300027715,2013-04-29,47.45619,-0.52783,29,4,1,1.0,1,49,40.0,7
201300027724,2013-05-07,47.47363,-0.5711,36,3,1,1.0,1,49,42.0,16
201300027730,2013-05-11,47.47584,-0.55006,46,3,2,1.0,1,49,120.0,17
201300027734,2013-05-13,47.49094,-0.52973,66,3,2,1.0,1,49,90.0,15
201300027736,2013-05-16,47.4483,-0.53864,73,4,1,1.0,1,49,71.0,16
201300027742,2013-05-22,47.47812,-0.59851,15,4,2,1.0,1,49,60.0,17
201300027743,2013-05-22,47.44985,-0.51584,32,4,2,1.0,1,49,56.0,18
201300027744,2013-05-22,47.49167,-0.55161,33,4,1,1.0,1,49,114.0,15
201300027745,2013-05-27,47.48749,-0.52972,5,4,2,1.0,1,49,55.0,20
201300027747,2013-05-29,47.46868,-0.55839,8,2,1,1.0,1,49,63.0,8
201300027761,2013-06-08,47.47319,-0.53152,50,4,2,1.0,1,49,29.0,18
201300027775,2013-06-25,47.47928,-0.59747,52,4,2,1.0,1,49,70.0,17
201300027777,2013-06-25,47.45186,-0.54445,44,1,2,1.0,1,49,85.0,13
201300027777,2013-06-25,47.45186,-0.54445,25,4,2,1.0,1,49,85.0,13
201300027783,2013-06-30,47.44751,-0.56177,16,4,1,1.0,1,49,60.0,10
201300027785,2013-07-03,47.46473,-0.5939,18,4,2,1.0,1,49,84.0,8
201300027795,2013-07-12,47.47228,-0.54634,53,4,2,1.0,3,49,60.0,8
201300027796,2013-07-16,47.4742,-0.56722,19,4,2,1.0,1,49,120.0,19
201300027812,2013-08-24,47.4755,-0.53661,22,1,1,1.0,1,49,40.0,10
201300027834,2013-09-17,47.47402,-0.53743,16,3,2,1.0,1,49,60.0,12
201300028011,2013-01-03,47.25285,-0.08036,46,4,1,1.0,2,49,70.0,8
201300028020,2013-02-06,47.25173,-0.05873,41,3,2,3.0,2,49,60.0,7
201300028046,2013-05-06,47.24402,-0.03351,40,1,1,1.0,1,49,60.0,16
201300028046,2013-05-06,47.24402,-0.03351,65,3,1,1.0,1,49,60.0,16
201300028057,2013-06-20,47.2544,-0.08182,19,4,1,1.0,1,49,30.0,13
201300028060,2013-06-29,47.23814,-0.03547,72,4,1,1.0,1,49,50.0,17
201300028073,2013-07-31,47.25264,-0.06155,72,4,2,1.0,1,49,50.0,18
201300028079,2013-09-03,47.2612,-0.09868,61,4,1,1.0,1,49,39.0,16
201300028080,2013-09-05,47.26629,-0.08458,32,3,1,1.0,1,49,60.0,13
201300028122,2013-02-03,49.6473,-1.58851,19,4,2,2.0,5,50,78.0,17
201300028161,2013-05-07,49.6328,-1.6046,17,4,1,1.0,1,50,60.0,19
201300028163,2013-05-10,49.6391,-1.61976,44,4,1,1.0,1,50,90.0,17
201300028165,2013-05-14,49.6437,-1.62999,23,4,1,2.0,1,50,70.0,18
201300028184,2013-06-15,49.6438,-1.6254,68,1,1,1.0,1,50,38.0,15
201300028186,2013-06-18,49.6417,-1.62134,58,4,2,1.0,1,50,90.0,18
201300028202,2013-07-12,49.6356,-1.58479,77,4,1,1.0,1,50,20.0,13
201300028204,2013-07-19,49.6452,-1.62885,19,4,1,1.0,1,50,15.0,12
201300028230,2013-10-06,49.6513,-1.55276,8,4,1,1.0,1,50,55.0,17
201300028276,2013-07-05,49.0487,-1.43998,62,3,1,1.0,1,50,36.0,11
201300028306,2013-07-19,48.8377,-1.58935,31,4,1,1.0,1,50,70.0,12
201300028307,2013-07-24,48.8099,-1.57053,38,3,1,1.0,1,50,60.0,18
201300028333,2013-12-24,48.8142,-1.56469,19,4,1,1.0,5,50,45.0,17
201300028356,2013-07-06,49.1092,-1.0737,16,3,1,1.0,1,50,60.0,18
201300028486,2013-10-24,48.10481,5.14261,47,4,2,1.0,2,52,126.0,7
201300028536,2013-06-01,49.16955,5.96026,58,2,1,1.0,1,54,67.0,14
201300029000,2013-05-02,49.16773,5.39083,42,4,1,1.0,1,55,75.0,12
201300029387,2013-04-25,49.25527,6.10294,13,4,1,1.0,1,57,108.0,17
201300029398,2013-10-01,49.25608,6.09701,56,1,1,1.0,1,57,25.0,11
201300029398,2013-10-01,49.25608,6.09701,79,4,2,1.0,1,57,25.0,11
201300029412,2013-02-18,49.12861,6.17421,64,4,1,1.0,1,57,105.0,16
201300029414,2013-03-06,49.13563,6.14882,45,4,1,1.0,1,57,83.0,17
201300029449,2013-08-26,49.12592,6.18874,29,4,1,2.0,1,57,95.0,15
201300029450,2013-09-03,49.11177,6.18841,16,4,2,1.0,1,57,120.0,18
201300029458,2013-10-03,49.09893,6.15399,4,4,1,1.0,1,57,43.0,17
201300029488,2013-06-08,48.72806,7.0686,39,3,1,1.0,1,57,60.0,9
201300029501,2013-12-09,48.73486,7.04254,64,3,1,1.0,5,57,80.0,17
201300029516,2013-01-31,49.35283,6.15926,39,4,1,1.0,1,57,74.0,11
201300029523,2013-03-06,49.35367,6.14666,46,4,2,1.0,1,57,60.0,16
201300029531,2013-04-14,49.32643,6.12627,16,3,1,1.0,1,57,104.0,18
201300029538,2013-06-01,49.35776,6.13671,18,3,1,1.0,1,57,103.0,10
201300029547,2013-06-22,49.35776,6.13671,39,4,2,1.0,1,57,82.0,15
201300029548,2013-06-23,49.35792,6.16937,56,4,1,1.0,1,57,100.0,11
201300029549,2013-06-25,49.34603,6.20437,35,3,1,1.0,1,57,120.0,14
201300029555,2013-08-20,49.35778,6.16698,39,3,1,1.0,1,57,32.0,9
201300030228,2013-07-06,50.6528,3.12868,32,2,1,1.0,4,59,130.0,2
201300031126,2013-12-16,50.54633,2.47135,59,2,2,1.0,1,62,62.0,14
201300031134,2013-04-02,50.40631,2.82089,6,3,1,1.0,1,62,51.0,13
201300031163,2013-06-17,50.41258,1.56784,20,3,1,2.0,2,62,87.0,8
201300031173,2013-04-19,50.53925,2.62787,9,3,1,1.0,1,62,60.0,18
201300031258,2013-03-29,50.93982,1.85881,58,2,2,1.0,5,62,54.0,20
201300031360,2013-04-18,50.44261,2.80252,77,3,2,1.0,1,62,100.0,9
201300031365,2013-06-17,50.46026,2.84982,23,3,2,1.0,1,62,70.0,16
201300031365,2013-06-17,50.46026,2.84982,3,2,1,1.0,1,62,70.0,16
201300031442,2013-01-26,50.49414,2.49824,50,4,1,8.0,3,62,40.0,5
201300031720,2013-07-23,45.7651,3.12295,25,4,2,1.0,1,63,100.0,11
201300031734,2013-08-03,45.79997,3.11643,10,2,2,1.0,1,63,55.0,19
201300031925,2013-04-24,45.73299,3.21061,44,4,1,1.0,1,63,60.0,18
201300031940,2013-08-31,45.74339,3.16753,55,3,1,1.0,1,63,80.0,10
201300031941,2013-09-03,45.73242,3.18926,12,4,1,1.0,1,63,60.0,17
201300031947,2013-10-01,45.74106,3.17459,44,4,1,1.0,1,63,80.0,12
201300032044,2013-07-02,43.4803,-1.50942,35,3,1,1.0,1,64,80.0,17
201300032047,2013-07-07,43.481,-1.46029,61,3,1,1.0,1,64,70.0,10
201300032061,2013-07-31,43.4958,-1.48423,41,3,1,1.0,1,64,160.0,12
201300032077,2013-08-28,43.4965,-1.46978,36,3,2,1.0,1,64,80.0,15
201300032078,2013-09-01,43.5001,-1.49068,62,1,1,1.0,1,64,80.0,11
201300032088,2013-09-10,43.52,-1.48871,59,1,1,1.0,1,64,70.0,14
201300032088,2013-09-10,43.52,-1.48871,59,3,2,1.0,1,64,70.0,14
201300032107,2013-10-27,43.4995,-1.54055,66,3,1,1.0,1,64,80.0,17
201300032121,2013-12-10,43.5262,-1.51447,67,3,1,1.0,1,64,80.0,10
201300032124,2013-12-14,43.4989,-1.48143,52,3,2,1.0,1,64,80.0,11
201300032158,2013-08-06,43.4587,-1.54735,65,3,1,1.0,1,64,80.0,13
201300032167,2013-11-20,43.4801,-1.56192,20,4,1,3.0,5,64,50.0,18
201300032220,2013-02-27,43.3186,-0.35982,92,4,1,1.0,1,64,90.0,14
201300032266,2013-04-25,43.3282,-0.38572,43,4,2,1.0,1,64,63.0,8
201300032307,2013-06-19,43.299,-0.36668,15,4,1,2.0,1,64,42.0,15
201300032335,2013-07-18,43.2978,-0.38585,42,4,1,1.0,1,64,93.0,17
201300032338,2013-07-21,43.3085,-0.4273,51,4,1,1.0,1,64,75.0,10
201300032353,2013-08-29,43.3418,-0.37983,26,4,1,1.0,1,64,84.0,17
201300032376,2013-10-08,43.3217,-0.36249,26,4,2,1.0,1,64,32.0,9
201300032379,2013-10-17,43.3102,-0.38912,17,4,1,1.0,5,64,75.0,7
201300032429,2013-12-03,43.3005,-0.39321,51,4,2,1.0,1,64,101.0,11
201300032554,2013-07-11,43.3938,-1.65073,18,4,1,1.0,1,64,100.0,14
201300032555,2013-07-26,43.35,-1.74718,68,3,1,1.0,1,64,60.0,11
201300032573,2013-01-09,43.09558,-0.03488,61,4,1,1.0,1,65,79.0,17
201300032580,2013-03-03,43.09082,-0.01952,7,3,1,1.0,1,65,65.0,10
201300032585,2013-04-03,43.09003,-0.04265,55,4,1,1.0,1,65,88.0,18
201300032591,2013-08-09,43.08325,-0.04463,58,3,1,1.0,1,65,173.0,10
201300032616,2013-01-31,43.23211,0.08709,70,4,2,1.0,1,65,90.0,9
201300032617,2013-01-31,43.2396,0.07233,18,4,1,1.0,1,65,98.0,13
201300032624,2013-02-11,43.228,0.07565,86,4,1,8.0,1,65,78.0,14
201300032639,2013-03-18,43.22419,0.06836,19,4,1,2.0,1,65,72.0,18
201300032640,2013-03-20,43.23192,0.08067,71,4,2,1.0,1,65,100.0,16
201300032674,2013-06-28,43.23238,0.10541,62,4,2,1.0,1,65,73.0,8
201300032676,2013-07-01,43.231,0.07569,61,4,2,1.0,1,65,59.0,16
201300032706,2013-10-07,43.23195,0.09969,11,4,2,1.0,1,65,80.0,13
201300032725,2013-12-08,43.26013,0.0718,25,4,1,1.0,3,65,35.0,20
201300032758,2013-03-10,42.69875,2.90546,64,4,2,1.0,1,66,80.0,9
201300032783,2013-04-22,42.68893,2.89986,24,4,2,1.0,1,66,70.0,18
201300032793,2013-05-13,42.68793,2.84965,51,4,1,1.0,2,66,80.0,6
201300032845,2013-10-09,42.67962,2.90406,22,4,2,1.0,1,66,141.0,12
201300032849,2013-10-22,42.68172,2.85213,47,3,1,1.0,3,66,38.0,18
201300032850,2013-10-27,42.68114,2.91059,59,3,1,1.0,1,66,70.0,9
201300032860,2013-12-01,42.68724,2.89545,39,3,1,1.0,5,66,70.0,23
201300033292,2013-02-03,48.08207,7.36035,73,4,2,1.0,1,68,110.0,16
201300033296,2013-02-14,48.0749,7.34414,29,4,2,1.0,1,68,200.0,8
201300033302,2013-03-15,48.06646,7.34513,48,4,2,1.0,1,68,80.0,16
201300033306,2013-04-24,48.07964,7.36243,14,4,1,1.0,1,68,50.0,14
201300033326,2013-08-10,48.08594,7.32993,34,3,1,1.0,1,68,75.0,12
201300033329,2013-08-30,48.08369,7.35381,77,3,1,1.0,1,68,80.0,17
201300033332,2013-09-26,48.10743,7.3797,37,3,1,1.0,1,68,100.0,10
201300033333,2013-09-27,48.07727,7.34785,33,4,2,1.0,1,68,60.0,7
201300033333,2013-09-27,48.07727,7.34785,16,4,1,1.0,1,68,60.0,7
201300033343,2013-11-28,48.08707,7.3681,68,3,1,1.0,2,68,80.0,16
201300033344,2013-11-28,48.08102,7.36005,50,4,2,1.0,1,68,60.0,15
201300033357,2013-03-04,47.74961,7.33903,14,1,1,1.0,1,68,30.0,11
201300033357,2013-03-04,47.74961,7.33903,90,3,2,1.0,1,68,30.0,11
201300033370,2013-04-29,47.73391,7.31611,12,4,2,2.0,1,68,61.0,16
201300033370,2013-04-29,47.73391,7.31611,12,4,2,2.0,1,68,61.0,16
201300033380,2013-05-29,47.75554,7.3172,59,3,1,2.0,1,68,80.0,7
201300033385,2013-06-28,47.74768,7.3318,48,3,1,1.0,1,68,110.0,13
201300033402,2013-10-09,47.74508,7.34669,61,3,1,1.0,1,68,70.0,11
201300033428,2013-08-21,47.59375,7.58106,62,4,1,1.0,2,68,95.0,7
201300033435,2013-06-18,47.57849,7.54735,27,4,1,1.0,1,68,136.0,17
201300034104,2013-01-03,46.79487,4.84708,65,3,1,1.0,1,71,93.0,10
201300034120,2013-04-23,46.78279,4.8474,14,3,1,1.0,1,71,37.0,14
201300034125,2013-06-03,46.77801,4.83946,18,3,1,1.0,1,71,84.0,13
201300034237,2013-07-27,45.69385,5.9104,51,3,2,1.0,1,73,55.0,13
201300034238,2013-08-17,45.69458,5.91027,48,4,1,1.0,1,73,75.0,10
201300034255,2013-08-12,45.56964,5.91116,35,3,1,1.0,1,73,65.0,18
201300034391,2013-07-06,49.52817,0.5434,62,3,1,1.0,1,76,57.0,8
201300034396,2013-12-12,49.49619,0.54892,78,3,1,1.0,1,76,125.0,14
201300034435,2013-06-21,49.91787,1.09069,70,4,1,1.0,1,76,78.0,17
201300034487,2013-12-28,49.7418,0.36805,74,3,2,1.0,1,76,35.0,11
201300034492,2013-01-10,49.52034,0.08285,92,3,1,2.0,1,76,62.0,12
201300034506,2013-01-30,49.48725,0.12593,25,4,1,3.0,2,76,54.0,8
201300034581,2013-06-09,49.48446,0.10355,53,4,2,1.0,1,76,80.0,16
201300034595,2013-07-03,49.49428,0.13824,21,1,1,1.0,1,76,180.0,16
201300034601,2013-07-09,49.51982,0.11479,8,4,1,1.0,1,76,110.0,19
201300034602,2013-07-10,49.5087,0.12194,24,4,1,1.0,1,76,48.0,9
201300034604,2013-07-11,49.49876,0.13599,21,4,1,1.0,5,76,73.0,1
201300034610,2013-07-21,49.50354,0.08665,67,3,1,1.0,1,76,70.0,18
201300034614,2013-08-04,49.49731,0.12793,43,4,1,1.0,1,76,63.0,17
201300034618,2013-08-10,49.52133,0.1602,63,4,1,1.0,2,76,130.0,21
201300034630,2013-09-05,49.50115,0.13054,41,4,1,1.0,1,76,120.0,16
201300034643,2013-09-24,49.50095,0.07919,33,3,2,1.0,1,76,56.0,10
201300034653,2013-10-20,49.50754,0.13925,27,3,1,1.0,5,76,110.0,19
201300034654,2013-10-23,49.49726,0.21119,51,4,1,1.0,2,76,80.0,7
201300034663,2013-11-01,49.49828,0.12298,23,4,2,2.0,5,76,83.0,23
201300034713,2013-12-19,49.43392,1.0918,21,1,1,1.0,5,76,60.0,19
201300034715,2013-12-17,49.43426,1.08143,14,4,1,1.0,1,76,60.0,17
201300034799,2013-05-26,49.47794,1.05889,11,3,1,1.0,1,76,42.0,20
201300034835,2013-06-14,49.39891,1.05792,53,4,1,1.0,1,76,20.0,19
201300034876,2013-09-11,49.3719,1.09796,13,4,2,1.0,1,76,79.0,17
201300034892,2013-10-05,49.48586,1.06172,52,3,1,1.0,1,76,60.0,17
201300034925,2013-11-16,49.45333,1.15859,25,4,2,1.0,1,76,37.0,16
201300034958,2013-06-28,48.86695,2.59339,64,3,1,2.0,1,77,50.0,15
201300035025,2013-08-04,48.40445,2.70064,78,3,1,1.0,1,77,96.0,10
201300035104,2013-05-12,48.62211,2.52852,57,3,1,1.0,1,77,90.0,11
201300035111,2013-06-30,48.60339,2.5595,63,3,1,1.0,1,77,87.0,8
201300035150,2013-06-27,48.38154,2.80599,5,2,1,1.0,1,77,32.0,18
201300035540,2013-01-08,48.8277,1.98252,13,3,1,2.0,1,78,23.0,8
201300035638,2013-04-23,48.65891,1.85837,10,4,1,1.0,1,78,60.0,8
201300035640,2013-04-29,48.71842,1.89202,47,3,2,1.0,1,78,40.0,12
201300035693,2013-01-14,48.93376,2.15121,14,4,1,1.0,1,78,60.0,12
201300035696,2013-02-18,48.93085,2.15581,25,4,2,7.0,1,78,58.0,8
201300035865,2013-12-18,50.10406,1.82794,51,3,1,1.0,1,80,64.0,13
201300035874,2013-09-18,50.1035,1.8262,35,4,1,1.0,1,80,65.0,16
201300035880,2013-01-08,49.8779,2.28934,18,4,1,1.0,5,80,60.0,18
201300036321,2013-04-01,43.12395,6.11184,17,3,1,2.0,2,83,65.0,17
201300036365,2013-06-05,43.1132,5.84787,52,4,2,1.0,1,83,60.0,14
201300036539,2013-05-28,43.12104,5.93524,43,4,1,8.0,1,83,45.0,7
201300036589,2013-08-01,43.10919,6.03103,48,4,1,1.0,1,83,60.0,12
201300036660,2013-10-18,43.13717,6.00596,19,3,1,1.0,1,83,50.0,14
201300036816,2013-03-20,46.65846,-1.44118,80,3,1,1.0,1,85,70.0,11
201300036835,2013-11-29,46.66003,-1.44064,15,3,2,1.0,1,85,70.0,9
201300037429,2013-08-07,48.18359,6.43801,32,4,1,1.0,1,88,65.0,16
201300037433,2013-10-30,48.17588,6.44985,31,1,1,1.0,1,88,94.0,8
201300037438,2013-11-28,48.18397,6.46727,22,4,1,5.0,5,88,105.0,19
201300037477,2013-03-19,47.81491,3.57315,28,3,1,1.0,1,89,106.0,7
201300037501,2013-09-03,48.22953,3.2671,15,4,1,1.0,1,89,53.0,17
201300037502,2013-08-21,48.2083,3.27678,78,4,1,1.0,1,89,80.0,14
201300045065,2013-01-10,48.9914,2.2064,14,4,1,2.0,2,95,80.0,8
201400000122,2014-08-09,50.05898,4.16714,48,4,1,1.0,1,59,50.0,12
201400000217,2014-10-15,50.33344,3.02159,78,3,2,1.0,1,62,50.0,9
201400000291,2014-09-21,50.32852,2.31011,19,3,1,1.0,1,62,60.0,13
201400000544,2014-02-23,49.52216,1.13623,46,3,2,1.0,1,76,650.0,11
201400000559,2014-03-10,49.90768,1.30382,68,3,1,1.0,1,76,58.0,14
201400000568,2014-09-16,49.69762,1.18603,11,3,1,1.0,1,76,45.0,14
201400000627,2014-08-31,49.55504,0.29799,47,3,1,1.0,1,76,68.0,11
201400000797,2014-05-30,49.23,0.212,9,3,2,1.0,1,27,280.0,14
201400000816,2014-08-13,49.18,0.562,67,2,2,1.0,1,27,31.0,11
201400000822,2014-06-25,49.16,0.411,15,3,1,1.0,1,27,6.0,10
201400000901,2014-10-09,47.73932,-1.96979,76,3,2,1.0,1,35,48.0,17
201400000906,2014-03-23,47.8263,-1.80988,11,4,1,1.0,1,35,80.0,11
201400000932,2014-12-28,48.01217,-1.83714,59,3,1,7.0,1,35,56.0,16
201400000933,2014-02-09,47.92352,-1.95733,51,3,1,1.0,1,35,60.0,10
201400001033,2014-07-30,48.52836,-2.32543,65,2,1,1.0,1,22,70.0,16
201400001064,2014-10-09,47.966,-4.331,58,3,1,2.0,2,29,65.0,19
201400001094,2014-06-24,48.49254,-4.07733,65,3,1,1.0,1,29,70.0,11
201400001121,2014-12-04,48.538,-4.597,76,3,1,2.0,1,29,47.0,14
201400001137,2014-02-21,48.06303,-3.97809,68,2,1,8.0,1,29,57.0,15
201400001157,2014-11-01,48.51709,-3.70926,58,2,1,7.0,1,29,68.0,16
201400001177,2014-05-31,48.66265,-4.10303,6,4,1,1.0,1,29,55.0,18
201400001177,2014-05-31,48.66265,-4.10303,5,4,1,1.0,1,29,55.0,18
201400001248,2014-03-02,47.93909,-2.40368,44,3,1,2.0,1,56,90.0,12
201400001317,2014-01-13,49.1247,-0.20698,74,3,1,1.0,1,14,89.0,16
201400001335,2014-03-10,49.299,-0.30688,46,3,1,1.0,1,14,65.0,18
201400001345,2014-04-05,49.1553,-0.16591,63,3,1,1.0,1,14,62.0,15
201400001357,2014-06-17,49.2209,-0.76744,64,2,1,1.0,1,14,41.0,10
201400001371,2014-11-22,48.879,-0.34877,14,2,1,1.0,1,14,65.0,14
201400001380,2014-02-07,49.1438,0.34073,36,2,1,6.0,1,14,110.0,8
201400001392,2014-09-28,49.1743,-0.06497,77,3,1,1.0,1,14,44.0,10
201400001406,2014-03-19,48.9213,-0.85491,14,3,1,1.0,1,14,52.0,16
201400001448,2014-03-29,48.6587,-1.33778,12,3,2,1.0,1,50,59.0,14
201400001483,2014-07-07,49.6042,-1.66376,50,3,1,7.0,1,50,65.0,8
201400001505,2014-11-01,49.6472,-1.3818,76,3,1,8.0,2,50,65.0,18
201400001507,2014-03-31,49.0417,-1.56574,65,3,2,7.0,1,50,66.0,16
201400001511,2014-07-10,49.0554,-1.48409,55,3,1,1.0,1,50,60.0,8
201400001547,2014-05-16,48.6804,-0.79161,10,4,1,1.0,1,50,60.0,17
201400001571,2014-05-28,46.2067,5.24069,65,4,2,1.0,1,01,55.0,9
201400001576,2014-06-18,46.1739,5.19867,46,4,1,1.0,1,01,101.0,15
201400001582,2014-07-01,46.1918,5.21241,63,4,1,1.0,1,01,127.0,8
201400001592,2014-08-15,46.1977,5.23936,23,4,1,1.0,1,01,70.0,14
201400001633,2014-06-15,48.64431,-0.2082,10,3,1,1.0,1,61,49.0,16
201400001642,2014-09-10,48.89886,0.37443,66,3,1,1.0,1,61,60.0,15
201400001656,2014-07-10,48.55904,-0.39823,68,3,1,1.0,1,61,70.0,13
201400001663,2014-08-27,48.76272,-0.73572,52,3,1,1.0,1,61,65.0,15
201400001724,2014-10-23,47.562,-1.046,42,4,1,1.0,1,44,60.0,14
201400001861,2014-12-02,47.44,-2.087,37,3,1,1.0,1,44,40.0,11
201400001873,2014-05-28,47.45571,-0.26651,12,3,1,1.0,1,49,43.0,20
201400001883,2014-06-07,47.39887,-0.45102,40,3,1,1.0,1,49,30.0,10
201400001909,2014-07-26,47.18187,-1.11383,11,3,1,1.0,1,49,59.0,11
201400001943,2014-07-18,47.33433,-1.26383,63,3,1,1.0,1,49,70.0,18
201400002011,2014-09-22,48.11978,-0.72311,82,3,1,1.0,1,53,77.0,16
201400002128,2014-11-14,47.933,0.067,51,3,1,1.0,3,72,60.0,19
201400002237,2014-10-27,46.71463,-1.31781,77,2,1,1.0,1,85,59.0,8
201400002276,2014-08-21,46.69712,-1.50003,7,3,1,1.0,1,85,58.0,15
201400002290,2014-04-23,46.3405,-1.083,24,1,1,2.0,1,85,70.0,14
201400002290,2014-04-23,46.3405,-1.083,26,3,1,2.0,1,85,70.0,14
201400002298,2014-12-15,46.45773,-1.16499,59,3,2,2.0,1,85,58.0,17
201400002337,2014-07-25,46.62953,-1.69024,41,3,1,1.0,1,85,50.0,12
201400002353,2014-04-25,46.70154,-1.95052,38,3,1,1.0,1,85,140.0,8
201400002356,2014-05-22,46.76185,-1.83725,78,3,2,1.0,1,85,40.0,16
201400002357,2014-05-28,46.67056,-1.90454,62,3,1,1.0,1,85,60.0,16
201400002358,2014-05-30,46.59863,-1.83117,40,3,1,1.0,1,85,90.0,17
201400002363,2014-10-14,46.70159,-1.89552,15,3,1,1.0,2,85,46.0,7
201400002610,2014-06-24,45.1952,0.80867,16,3,1,1.0,1,24,60.0,14
201400002621,2014-03-20,45.1481,0.53464,71,3,1,1.0,1,24,61.0,16
201400002668,2014-06-11,45.2472,0.45945,67,3,1,1.0,1,24,72.0,7
201400002827,2014-05-12,44.1823,0.57291,60,3,2,1.0,1,47,90.0,16
201400002839,2014-08-22,44.2573,0.92278,36,3,1,1.0,1,47,37.0,18
201400002842,2014-10-27,44.1615,0.78214,14,3,1,1.0,2,47,100.0,18
201400002896,2014-03-01,43.301,-0.418,33,4,1,8.0,1,64,78.0,12
201400002898,2014-05-10,43.232,-0.381,12,3,1,1.0,1,64,75.0,16
201400002915,2014-06-14,43.123,-0.255,51,3,1,1.0,1,64,76.0,8
201400002980,2014-07-29,43.269,-0.879,79,3,1,1.0,1,64,65.0,10
201400002991,2014-06-08,43.317,-1.01,43,3,1,1.0,1,64,93.0,8
201400003099,2014-07-20,46.541,0.852,48,3,1,1.0,1,86,52.0,13
201400003108,2014-10-24,45.6021,0.29762,57,3,1,1.0,1,16,41.0,17
201400003161,2014-05-31,45.63238,0.04025,45,3,1,1.0,1,16,48.0,17
201400003161,2014-05-31,45.63238,0.04025,41,3,1,1.0,1,16,48.0,17
201400003172,2014-06-30,46.19326,-0.96715,48,3,1,1.0,1,17,50.0,14
201400003183,2014-03-09,46.18247,-1.31455,55,2,1,1.0,1,17,72.0,16
201400003192,2014-09-11,46.1861,-1.37134,73,2,2,1.0,1,17,56.0,11
201400003204,2014-09-21,45.43786,-0.45102,85,3,1,1.0,1,17,92.0,10
201400003217,2014-08-02,45.36048,-0.32582,79,2,2,1.0,1,17,50.0,18
201400003239,2014-06-03,45.91058,-1.26424,66,3,2,1.0,1,17,50.0,11
201400003240,2014-06-13,45.92286,-1.32599,80,2,1,1.0,1,17,55.0,9
201400003241,2014-07-22,46.01329,-1.345,18,1,1,1.0,1,17,46.0,18
201400003241,2014-07-22,46.01329,-1.345,17,1,1,1.0,1,17,46.0,18
201400003241,2014-07-22,46.01329,-1.345,71,3,2,1.0,1,17,46.0,18
201400003260,2014-11-09,45.67176,-1.00076,65,3,1,1.0,2,17,90.0,8
201400003266,2014-03-16,45.98784,-0.90393,80,2,1,1.0,1,17,50.0,14
201400003302,2014-10-31,45.83085,-0.90285,71,2,1,1.0,1,17,61.0,7
201400003318,2014-10-12,45.53389,-0.46159,61,3,2,1.0,1,17,39.0,10
201400003325,2014-08-31,45.69192,-0.90119,44,4,1,1.0,1,17,60.0,10
201400003325,2014-08-31,45.69192,-0.90119,46,3,1,1.0,1,17,60.0,10
201400003325,2014-08-31,45.69192,-0.90119,47,1,1,1.0,1,17,60.0,10
201400003325,2014-08-31,45.69192,-0.90119,42,3,1,1.0,1,17,60.0,10
201400003325,2014-08-31,45.69192,-0.90119,42,4,1,1.0,1,17,60.0,10
201400003468,2014-10-18,45.0632,1.73783,54,3,1,1.0,1,19,56.0,10
201400003471,2014-03-16,45.224,1.45093,15,2,1,1.0,1,19,73.0,14
201400003474,2014-10-18,45.1978,1.50458,60,3,2,1.0,1,19,105.0,15
201400003631,2014-04-28,43.50464,1.19577,15,3,1,7.0,1,31,42.0,17
201400003673,2014-07-04,42.79235,0.59172,56,2,1,1.0,1,31,50.0,17
201400003725,2014-10-30,43.0545,1.58571,72,3,1,1.0,1,09,47.0,15
201400003735,2014-05-01,43.23882,1.57308,22,3,1,1.0,1,09,78.0,15
201400003766,2014-06-22,44.2853,2.48128,76,3,1,1.0,1,12,70.0,9
201400003785,2014-05-09,44.3897,2.67483,67,3,1,1.0,1,12,79.0,14
201400003968,2014-04-17,44.73203,1.92491,24,3,2,1.0,1,46,72.0,13
201400003979,2014-07-03,44.87339,2.03663,44,3,1,1.0,1,46,84.0,9
201400004032,2014-06-14,42.99035,-0.09703,65,3,1,1.0,1,65,69.0,11
201400004037,2014-08-27,42.87849,0.02184,58,3,1,1.0,1,65,84.0,14
201400004062,2014-02-17,44.0796,2.29339,46,3,1,1.0,1,81,50.0,11
201400004084,2014-09-22,43.7685,1.77289,83,4,1,1.0,1,81,70.0,17
201400004104,2014-01-09,43.8796,2.02091,63,3,2,1.0,1,81,45.0,15
201400004119,2014-10-23,43.902,1.902,74,3,1,1.0,1,81,60.0,10
201400004133,2014-11-01,49.57119,3.65505,53,3,1,1.0,1,02,80.0,10
201400004136,2014-12-19,49.3241,3.3502,50,4,1,8.0,2,02,60.0,8
201400004232,2014-03-11,43.839,1.297,79,2,1,1.0,1,82,30.0,13
201400004263,2014-05-05,43.9467,1.29689,13,2,1,1.0,1,82,38.0,13
201400004465,2014-06-02,45.886,4.429,72,3,1,1.0,1,69,55.0,15
201400004494,2014-02-10,46.2873,5.29778,19,2,2,3.0,2,01,50.0,7
201400004505,2014-06-07,46.3292,5.06653,74,2,1,1.0,1,01,62.0,10
201400004576,2014-06-18,46.1733,5.56943,58,2,1,1.0,2,01,106.0,7
201400004618,2014-07-03,46.2309,5.04772,65,3,1,1.0,1,01,50.0,15
201400004648,2014-03-16,45.9713,4.85264,24,3,1,1.0,1,01,54.0,10
201400004662,2014-06-09,46.0515,4.76615,53,3,1,1.0,1,01,68.0,10
201400004676,2014-11-13,44.579,4.393,74,3,1,1.0,1,07,50.0,13
201400004772,2014-10-18,49.85124,3.27322,7,3,1,1.0,1,02,48.0,13
201400004814,2014-05-22,49.37678,3.34271,6,4,1,1.0,1,02,60.0,17
201400004828,2014-09-11,45.16365,5.81093,65,2,2,1.0,1,38,63.0,17
201400005074,2014-04-12,45.36835,4.44234,72,3,1,1.0,1,42,70.0,16
201400005085,2014-07-25,45.52899,4.37262,60,3,1,1.0,1,42,50.0,10
201400005087,2014-09-14,45.48225,4.38901,41,3,2,1.0,1,42,93.0,10
201400005119,2014-09-21,45.63619,3.86788,32,3,1,1.0,1,42,40.0,12
201400005124,2014-04-24,45.71479,4.2006,81,1,1,1.0,1,42,70.0,17
201400005124,2014-04-24,45.71479,4.2006,64,4,1,1.0,1,42,70.0,17
201400005124,2014-04-24,45.71479,4.2006,71,2,1,1.0,1,42,70.0,17
201400005127,2014-06-01,45.74526,4.31096,8,3,1,1.0,1,42,70.0,15
201400005129,2014-07-08,45.73897,4.29522,64,3,1,8.0,1,42,65.0,10
201400005160,2014-06-13,45.59061,4.19548,74,3,2,1.0,1,42,52.0,18
201400005163,2014-10-20,45.67722,4.35571,69,2,1,1.0,1,42,49.0,17
201400005169,2014-04-30,45.44661,4.72378,15,3,1,1.0,1,42,59.0,15
201400005214,2014-12-19,45.87734,4.27517,45,4,1,2.0,5,42,65.0,17
201400005218,2014-04-24,46.14705,4.10751,84,3,1,1.0,1,42,64.0,9
201400005238,2014-09-10,45.84848,3.99079,19,3,1,1.0,1,42,53.0,18
201400005242,2014-11-10,45.93681,3.94813,61,3,1,1.0,1,42,62.0,11
201400005250,2014-08-10,45.706,5.9114,35,3,1,1.0,1,73,60.0,12
201400005252,2014-05-12,45.5331,5.9559,65,3,1,1.0,1,73,70.0,11
201400005254,2014-08-06,45.5995,5.9639,53,3,2,1.0,1,73,70.0,16
201400005297,2014-07-26,45.4456,6.5936,49,3,1,1.0,1,73,79.0,13
201400005480,2014-09-23,45.64462,3.23086,55,3,1,8.0,2,63,93.0,7
201400005489,2014-05-01,45.596,3.762,13,4,1,1.0,1,63,51.0,18
201400005625,2014-03-16,46.583,3.165,58,3,1,1.0,1,03,70.0,10
201400005676,2014-10-08,46.32,3.405,47,3,1,1.0,1,03,175.0,18
201400005908,2014-07-20,49.10487,6.9593,68,2,1,1.0,1,57,73.0,9
201400005969,2014-03-28,48.58632,6.33198,35,3,1,1.0,1,54,59.0,14
201400005975,2014-09-16,48.59453,6.33261,40,4,1,1.0,1,54,59.0,18
201400005980,2014-11-15,48.76973,6.25918,13,3,1,8.0,1,54,51.0,16
201400006112,2014-03-01,48.66644,5.84987,43,4,1,1.0,1,54,30.0,11
201400006193,2014-08-15,48.15618,6.05697,24,3,1,1.0,1,88,50.0,16
201400006198,2014-08-30,48.40765,6.53958,10,3,2,1.0,1,88,50.0,18
201400006210,2014-06-20,48.2507,6.42338,83,3,1,1.0,1,88,60.0,9
201400006250,2014-01-31,48.22487,5.92558,61,3,1,7.0,1,88,68.0,14
201400006257,2014-09-18,48.11181,6.57486,79,3,1,1.0,1,88,63.0,14
201400006263,2014-07-31,48.02184,6.89384,47,3,2,1.0,1,88,70.0,18
201400006389,2014-06-09,48.732,7.711,75,3,1,1.0,1,67,70.0,17
201400006462,2014-04-01,48.08117,7.38658,27,4,2,1.0,1,68,63.0,11
201400006469,2014-05-16,48.13249,7.28997,51,3,1,1.0,1,68,50.0,16
201400006471,2014-06-11,48.13834,7.26681,16,4,1,1.0,1,68,20.0,17
201400006482,2014-08-10,47.99555,7.07256,65,3,1,1.0,1,68,35.0,13
201400006484,2014-10-22,48.05491,7.10332,16,4,1,3.0,1,68,70.0,9
201400006514,2014-04-12,47.59963,7.37069,62,3,1,1.0,1,68,60.0,11
201400006555,2014-06-24,47.77916,7.34752,44,4,1,1.0,1,68,75.0,8
201400006564,2014-01-27,47.49305,7.48082,63,3,2,1.0,1,68,60.0,11
201400006570,2014-04-26,47.50125,7.50346,42,3,1,3.0,3,68,70.0,22
201400006575,2014-10-01,47.56218,7.52274,16,4,1,1.0,1,68,70.0,9
201400006578,2014-05-28,47.66281,7.50053,15,4,1,1.0,1,68,60.0,17
201400006592,2014-04-23,47.86083,7.04864,60,3,1,1.0,1,68,85.0,11
201400006596,2014-05-29,47.97312,6.98797,53,3,1,8.0,1,68,65.0,16
201400006599,2014-09-27,47.89788,6.98226,63,2,2,1.0,5,68,70.0,20
201400006604,2014-09-06,47.81094,6.89515,33,2,1,8.0,1,68,52.0,14
201400006750,2014-09-16,48.33324,4.13316,10,3,1,1.0,1,10,55.0,9
201400006778,2014-05-09,48.27765,4.83389,60,3,1,1.0,1,10,82.0,8
201400006785,2014-04-07,48.505,4.384,11,3,1,1.0,1,10,70.0,18
201400006814,2014-10-14,48.02794,4.91538,11,3,1,1.0,1,52,64.0,16
201400006832,2014-04-02,47.94737,5.33915,13,3,1,1.0,1,52,52.0,18
201400006858,2014-01-12,48.55042,5.07457,42,3,1,9.0,1,52,55.0,9
201400006875,2014-08-28,47.408,5.117,67,2,1,1.0,1,21,90.0,10
201400006877,2014-11-14,47.4,5.128,80,3,1,2.0,1,21,90.0,14
201400006892,2014-08-30,47.233,4.967,69,3,1,1.0,1,21,50.0,18
201400006919,2014-05-23,47.015,4.934,84,2,1,1.0,1,21,74.0,16
201400006923,2014-07-16,47.061,4.84,45,3,2,1.0,1,21,68.0,18
201400006951,2014-04-03,47.285,4.192,83,3,1,8.0,1,21,56.0,10
201400007050,2014-01-18,46.97233,4.30429,54,4,1,1.0,1,71,110.0,13
201400007069,2014-08-27,46.67156,4.60262,7,3,1,1.0,1,71,50.0,17
201400007178,2014-08-11,47.99968,3.72068,60,3,1,1.0,1,89,68.0,11
201400007190,2014-08-30,47.72426,3.75154,34,1,1,1.0,1,89,58.0,13
201400007190,2014-08-30,47.72426,3.75154,64,4,2,1.0,1,89,58.0,13
201400007202,2014-01-21,47.50226,3.98423,51,3,1,1.0,3,89,68.0,7
201400007207,2014-08-28,47.49677,3.95398,75,3,1,1.0,1,89,68.0,10
201400007221,2014-07-26,47.961,3.52634,25,3,1,1.0,1,89,73.0,20
201400007228,2014-09-27,48.21257,3.35713,14,3,1,1.0,1,89,55.0,18
201400007229,2014-10-23,48.14667,3.28162,54,3,1,1.0,3,89,70.0,21
201400007234,2014-01-04,48.15765,3.09756,28,2,2,2.0,3,89,50.0,18
201400007274,2014-04-04,47.03793,5.78507,72,3,2,1.0,1,25,40.0,13
201400007280,2014-09-05,47.192,5.95,15,4,1,1.0,1,25,65.0,18
201400007291,2014-07-18,47.545,6.723,54,3,1,1.0,1,25,60.0,18
201400007310,2014-08-02,47.31717,6.81152,42,3,1,9.0,1,25,70.0,13
201400007319,2014-06-03,47.394,6.502,66,4,1,1.0,1,25,60.0,16
201400007523,2014-10-17,47.68,6.529,76,3,1,1.0,1,70,71.0,13
201400007895,2014-04-14,43.74075,5.96759,72,2,1,7.0,1,04,46.0,15
201400007953,2014-08-19,44.68411,6.32802,13,3,1,1.0,1,05,59.0,10
201400007953,2014-08-19,44.68411,6.32802,15,4,1,1.0,1,05,59.0,10
201400007973,2014-09-01,44.53167,6.43918,53,3,1,1.0,1,05,100.0,15
201400008037,2014-09-21,43.702,7.117,50,2,1,1.0,1,06,60.0,11
201400008223,2014-01-02,43.351,6.675,26,3,2,2.0,1,83,70.0,15
201400008241,2014-06-16,43.23663,6.64978,47,3,1,1.0,1,83,80.0,16
201400008280,2014-03-07,43.17973,5.69789,14,4,1,1.0,1,83,70.0,15
201400008530,2014-07-24,43.28579,3.27665,29,3,2,1.0,3,34,69.0,22
201400008530,2014-07-24,43.28579,3.27665,32,2,1,1.0,3,34,69.0,22
201400008557,2014-07-23,43.44007,3.62598,77,2,1,1.0,1,34,81.0,15
201400008576,2014-11-18,43.005,2.565,63,3,1,1.0,1,11,91.0,15
201400008600,2014-02-11,43.198,2.12,31,3,1,1.0,1,11,82.0,13
201400008642,2014-01-31,43.19152,3.12736,67,4,1,1.0,1,11,29.0,15
201400008646,2014-04-02,43.23365,3.05404,74,3,1,8.0,1,11,37.0,8
201400008648,2014-05-02,43.23903,3.12455,10,3,1,1.0,1,11,45.0,17
201400008690,2014-07-15,43.52825,4.14937,57,3,1,1.0,2,30,70.0,7
201400008695,2014-08-25,43.58264,4.20748,65,3,1,1.0,1,30,71.0,11
201400008705,2014-05-16,43.7821,4.20502,65,3,1,1.0,1,30,72.0,14
201400008713,2014-03-28,43.86624,4.44436,58,3,1,1.0,1,30,60.0,10
201400008720,2014-09-26,43.86075,4.44499,82,3,1,1.0,1,30,80.0,8
201400008735,2014-06-29,43.65032,4.25221,18,4,2,1.0,1,30,46.0,15
201400008766,2014-05-09,44.153,4.05844,59,3,1,1.0,1,30,71.0,17
201400008793,2014-08-28,44.42896,4.02144,68,3,1,1.0,1,30,50.0,11
201400008807,2014-06-05,44.29937,4.3425,83,3,1,1.0,1,30,93.0,14
201400008833,2014-01-15,44.23907,4.64873,15,3,1,1.0,3,30,36.0,7
201400008838,2014-09-04,44.27215,4.41971,60,2,1,1.0,1,30,50.0,11
201400008875,2014-06-08,43.95294,3.64474,47,4,1,1.0,1,30,32.0,19
201400008888,2014-05-03,43.8852,4.02137,66,3,1,1.0,1,30,50.0,9
201400008888,2014-05-03,43.8852,4.02137,65,3,1,1.0,1,30,50.0,9
201400009001,2014-06-18,41.84216,8.76785,30,3,2,1.0,1,2A,78.0,10
201400009015,2014-04-23,42.355,8.645,30,3,1,1.0,1,2A,80.0,16
201400009055,2014-06-03,41.69797,8.90308,75,2,1,1.0,1,2A,80.0,8
201400009143,2014-07-30,44.89616,6.63298,39,3,2,1.0,1,05,137.0,11
201400009207,2014-08-01,48.894,1.608,75,2,1,1.0,1,78,37.0,9
201400009222,2014-03-31,48.784,1.814,33,4,1,1.0,1,78,60.0,10
201400009223,2014-04-09,48.742,1.887,71,2,1,1.0,1,78,47.0,9
201400009280,2014-06-18,48.479,2.304,65,2,1,1.0,1,91,71.0,15
201400009284,2014-08-02,48.571,2.031,69,3,1,1.0,1,91,62.0,10
201400009435,2014-06-24,48.54,2.941,27,3,1,1.0,1,77,63.0,19
201400009498,2014-01-02,47.86543,2.21875,84,3,2,1.0,1,45,60.0,11
201400009503,2014-09-14,47.89187,2.23858,58,3,2,1.0,1,45,60.0,12
201400009510,2014-02-24,47.82574,1.76269,17,4,2,1.0,1,45,65.0,17
201400009512,2014-07-03,47.85799,1.77532,66,3,2,1.0,1,45,33.0,18
201400009513,2014-10-01,47.72278,1.9354,49,3,1,1.0,3,45,40.0,20
201400009528,2014-09-14,47.87039,2.12588,28,3,2,7.0,1,45,60.0,9
201400009561,2014-04-16,47.6947,2.28243,87,3,1,1.0,1,45,70.0,14
201400009622,2014-10-16,46.99563,2.25801,58,4,1,3.0,4,18,55.0,19
201400009672,2014-10-06,48.416,1.801,32,3,1,1.0,3,28,60.0,20
201400009696,2014-09-12,48.07621,1.32938,11,3,1,1.0,1,28,60.0,18
201400009709,2014-11-15,48.178,1.47,4,3,2,1.0,1,28,39.0,14
201400009709,2014-11-15,48.178,1.47,37,3,2,1.0,1,28,39.0,14
201400009723,2014-09-10,48.70085,1.43595,13,3,1,1.0,1,28,50.0,20
201400009730,2014-07-04,48.83287,1.4199,14,3,1,1.0,1,28,65.0,14
201400009756,2014-04-15,48.46055,1.00307,83,2,1,7.0,1,28,70.0,17
201400009770,2014-10-01,46.8173,1.59882,77,2,1,1.0,1,36,57.0,11
201400009775,2014-06-13,47.1343,1.50145,72,4,1,1.0,1,36,50.0,16
201400009813,2014-05-11,46.9936,1.91782,65,2,2,2.0,1,36,43.0,11
201400009938,2014-07-26,47.659,1.503,52,1,1,1.0,1,41,29.0,12
201400009938,2014-07-26,47.659,1.503,57,3,2,1.0,1,41,29.0,12
201400009975,2014-10-31,47.99521,-3.89036,39,3,1,1.0,3,29,70.0,18
201400011881,2014-07-04,48.11521,-0.96009,80,3,2,1.0,1,53,60.0,14
201400012032,2014-11-09,49.7445,4.71466,22,3,1,3.0,5,08,92.0,22
201400012117,2014-10-28,43.53011,1.52059,21,3,1,1.0,1,31,80.0,12
201400012124,2014-02-19,45.2753,5.0413,62,2,1,1.0,1,26,33.0,14
201400012244,2014-08-22,45.15931,5.69603,66,3,1,1.0,1,38,85.0,10
201400012252,2014-06-29,45.0783,6.05053,53,2,1,1.0,1,38,82.0,19
201400012255,2014-08-10,45.208,6.071,51,3,1,1.0,1,38,50.0,11
201400012471,2014-01-08,48.656,2.45,12,4,1,1.0,5,91,54.0,7
201400012557,2014-03-14,45.26292,5.84226,20,4,1,1.0,1,38,59.0,16
201400012562,2014-09-07,45.27071,5.84116,55,2,1,1.0,1,38,61.0,11
201400012638,2014-10-02,45.46678,4.16479,50,4,1,1.0,1,42,42.0,17
201400012681,2014-05-20,45.843,4.834,22,3,1,1.0,1,69,70.0,14
201400012681,2014-05-20,45.843,4.834,22,3,1,1.0,1,69,70.0,14
201400012721,2014-05-16,43.762,3.521,52,4,2,1.0,1,34,70.0,9
201400012724,2014-01-15,46.3359,5.12671,32,3,1,1.0,1,01,30.0,11
201400012768,2014-09-30,48.15024,-1.73044,43,3,1,5.0,3,35,76.0,7
201400012805,2014-08-12,43.899,3.497,51,4,1,1.0,1,34,79.0,18
201400012830,2014-08-08,44.92671,6.69707,66,3,1,1.0,1,05,66.0,10
201400012941,2014-03-22,48.61,7.687,74,4,2,1.0,1,67,70.0,13
201400013032,2014-01-23,43.19961,2.35274,42,4,1,1.0,2,11,30.0,7
201400013062,2014-04-14,43.19729,2.35789,71,4,1,1.0,1,11,60.0,7
201400013071,2014-04-30,43.2134,2.30403,47,3,1,1.0,1,11,90.0,15
201400013086,2014-05-28,43.21324,2.34506,31,4,1,1.0,3,11,60.0,1
201400013098,2014-07-01,43.21498,2.34102,75,4,1,1.0,1,11,50.0,11
201400013119,2014-08-29,43.20645,2.33471,80,4,1,1.0,1,11,60.0,9
201400013369,2014-02-16,44.3452,2.58002,68,4,1,1.0,1,12,66.0,11
201400013545,2014-09-22,43.67497,4.62501,29,3,1,1.0,1,13,41.0,8
201400013547,2014-09-26,43.67812,4.62684,39,1,1,1.0,1,13,50.0,17
201400013561,2014-12-01,43.6712,4.6331,29,4,2,2.0,1,13,76.0,13
201400013565,2014-01-03,43.28634,5.58729,77,4,1,1.0,1,13,54.0,14
201400013566,2014-01-06,43.28481,5.59198,40,3,1,1.0,1,13,74.0,7
201400013591,2014-03-05,43.30872,5.6081,77,4,1,1.0,1,13,90.0,15
201400013732,2014-05-04,43.19071,5.64089,67,3,1,1.0,1,13,39.0,14
201400013734,2014-05-28,43.18739,5.62017,25,3,1,7.0,1,13,39.0,19
201400013744,2014-08-26,43.19191,5.60472,46,3,2,7.0,1,13,77.0,18
201400014044,2014-01-28,43.35113,5.47181,52,3,1,2.0,5,13,30.0,18
201400016367,2014-04-21,43.83694,4.72565,16,4,1,1.0,1,13,61.0,16
201400016409,2014-09-09,43.80271,4.66294,69,4,1,1.0,1,13,70.0,16
201400016504,2014-03-29,43.46533,5.35358,59,4,1,1.0,1,13,60.0,10
201400016598,2014-09-08,43.44005,5.36179,66,4,1,1.0,1,13,60.0,11
201400016617,2014-10-07,43.43974,5.24261,19,3,1,1.0,1,13,25.0,12
201400016761,2014-08-07,44.6691,0.46533,51,3,1,1.0,1,24,43.0,20
201400016768,2014-05-17,47.81015,7.2405,32,3,2,1.0,1,68,67.0,15
201400016811,2014-04-22,49.2062,-0.35207,27,4,2,1.0,1,14,70.0,8
201400016817,2014-05-12,49.1937,-0.34792,53,4,1,1.0,1,14,70.0,17
201400016836,2014-08-09,49.2016,-0.30211,53,3,1,1.0,5,14,70.0,5
201400016839,2014-08-14,49.1927,-0.35975,24,3,1,1.0,5,14,70.0,5
201400016847,2014-09-16,49.1838,-0.35992,23,3,1,1.0,5,14,70.0,23
201400016847,2014-09-16,49.1838,-0.35992,23,1,1,1.0,5,14,70.0,23
201400016848,2014-09-13,49.2062,-0.37662,43,3,1,1.0,1,14,70.0,18
201400016850,2014-09-29,49.2043,-0.29422,8,3,1,1.0,5,14,70.0,19
201400016853,2014-10-03,49.185,-0.36267,21,1,2,1.0,1,14,100.0,17
201400016858,2014-10-09,49.1923,-0.2634,66,4,2,1.0,1,14,35.0,16
201400016886,2014-01-04,49.2847,-0.10243,26,3,2,8.0,1,14,104.0,12
201400016889,2014-01-23,49.2789,-0.09514,12,4,1,1.0,1,14,70.0,13
201400016892,2014-05-05,49.2852,-0.10889,26,4,2,1.0,1,14,30.0,13
201400016895,2014-08-04,49.2875,-0.12344,35,4,2,2.0,1,14,60.0,13
201400016896,2014-08-12,49.2868,-0.11729,18,4,2,1.0,1,14,80.0,11
201400016905,2014-02-25,43.76184,4.52514,47,3,2,2.0,1,30,72.0,11
201400016952,2014-08-17,49.7225,4.98872,69,3,1,1.0,1,08,32.0,10
201400016969,2014-08-11,47.92583,5.69633,51,3,1,1.0,1,52,45.0,11
201400016987,2014-06-23,49.4112,0.2589,46,4,2,1.0,1,14,77.0,16
201400016994,2014-10-13,49.4232,0.23178,15,3,1,1.0,5,14,60.0,19
201400017152,2014-01-18,48.464,0.513,15,3,1,1.0,3,27,40.0,18
201400017166,2014-04-15,49.044,0.463,52,3,2,1.0,1,27,7.0,18
201400017170,2014-07-10,48.564,0.395,10,3,1,1.0,1,27,5.0,10
201400017189,2014-10-18,49.213,0.511,69,3,1,1.0,1,27,61.0,15
201400017245,2014-10-26,44.34209,-1.02379,34,3,1,1.0,1,40,80.0,10
201400017245,2014-10-26,44.34209,-1.02379,35,4,1,1.0,1,40,80.0,10
201400017271,2014-08-18,48.30423,-0.63932,5,3,1,1.0,1,53,75.0,17
201400017272,2014-03-11,48.41332,-0.82828,50,3,1,1.0,1,53,80.0,17
201400017313,2014-03-09,45.74247,0.13136,54,2,1,1.0,1,16,41.0,15
201400017313,2014-03-09,45.74247,0.13136,54,3,2,1.0,1,16,41.0,15
201400017317,2014-04-18,45.02249,0.19236,51,3,2,1.0,1,16,56.0,11
201400017319,2014-06-15,46.9417,1.31575,14,3,2,1.0,1,36,35.0,16
201400017365,2014-05-04,48.51232,3.68342,68,3,1,7.0,1,10,68.0,9
201400017378,2014-03-16,45.0386,3.97007,48,3,1,1.0,1,43,48.0,14
201400017474,2014-06-22,45.5579,5.789,58,3,2,1.0,1,73,60.0,10
201400017482,2014-06-22,45.7945,6.4844,26,2,1,1.0,1,73,59.0,11
201400017648,2014-08-13,49.0815,-1.03304,10,3,1,1.0,1,50,46.0,14
201400017697,2014-07-14,44.5303,6.32206,15,3,1,1.0,1,05,125.0,16
201400017704,2014-10-10,49.2427,-0.87284,18,4,2,1.0,2,14,65.0,7
201400017707,2014-01-22,49.2937,-0.64819,8,3,1,1.0,4,14,8.0,18
201400017747,2014-07-15,49.062,0.10615,79,4,1,1.0,1,14,51.0,15
201400017751,2014-02-09,48.8447,-0.9134,25,4,1,8.0,1,14,61.0,17
201400017779,2014-05-24,48.027,0.335,48,3,2,1.0,2,72,70.0,5
201400018141,2014-07-16,47.84085,-4.28358,50,3,2,1.0,1,29,70.0,18
201400018144,2014-12-20,47.83454,-4.18899,65,4,1,1.0,1,29,60.0,16
201400018195,2014-11-08,48.0124,-2.08576,31,2,2,3.0,3,35,63.0,18
201400018206,2014-07-04,48.67857,-1.86067,64,3,2,1.0,1,35,53.0,10
201400018268,2014-12-18,47.14869,6.33235,52,3,1,2.0,2,25,85.0,7
201400018272,2014-09-06,47.421,6.893,64,3,1,1.0,1,25,51.0,15
201400018306,2014-09-21,48.60888,-2.82264,44,2,1,1.0,2,22,30.0,20
201400018355,2014-11-27,48.51426,-1.94722,64,3,1,1.0,1,22,56.0,10
201400018356,2014-12-26,48.41118,-2.08248,14,3,2,2.0,1,22,66.0,12
201400018360,2014-05-05,48.44682,-3.35688,62,3,1,1.0,1,22,41.0,9
201400018376,2014-04-25,48.69005,-3.44546,53,2,1,1.0,1,22,72.0,16
201400018595,2014-08-02,44.319,2.535,11,3,1,1.0,1,12,50.0,17
201400018618,2014-03-02,47.41415,-0.3474,76,3,1,1.0,1,49,57.0,12
201400018625,2014-12-29,47.44762,-0.40962,56,4,2,7.0,1,49,58.0,14
201400018633,2014-08-20,47.38033,0.08685,64,3,1,7.0,1,49,47.0,10
201400018667,2014-07-11,48.70189,0.29022,11,2,2,1.0,1,61,53.0,14
201400018707,2014-10-17,50.00796,1.43794,10,2,1,1.0,1,76,43.0,18
201400018816,2014-08-03,46.59527,4.05364,68,3,1,1.0,1,71,62.0,9
201400018829,2014-03-10,43.411,-0.715,84,2,2,1.0,1,64,66.0,14
201400018904,2014-10-31,49.88882,1.71836,54,4,1,1.0,5,80,60.0,5
201400018935,2014-11-25,50.06625,1.77414,16,3,1,2.0,3,80,33.0,17
201400018957,2014-09-13,50.12762,1.73898,35,3,2,1.0,1,80,60.0,11
201400019250,2014-11-09,47.48492,-3.11724,59,1,1,1.0,1,56,59.0,12
201400019318,2014-09-11,44.9697,1.82574,77,3,1,1.0,1,19,64.0,14
201400019408,2014-03-25,48.15524,-1.62533,66,3,1,1.0,1,35,90.0,12
201400019412,2014-07-08,48.18966,-1.67136,79,3,2,2.0,1,35,55.0,14
201400019418,2014-03-28,43.53279,1.35449,12,4,2,1.0,1,31,70.0,16
201400019542,2014-07-24,45.65654,0.14381,15,4,1,1.0,1,16,66.0,20
201400019570,2014-11-11,45.64879,0.17432,15,4,1,1.0,1,16,46.0,11
201400019595,2014-08-30,45.69595,-0.33302,41,3,2,1.0,1,16,61.0,18
201400019617,2014-01-07,45.94161,-0.96867,64,4,2,1.0,1,17,50.0,9
201400019627,2014-02-10,45.947,-0.98842,47,4,1,2.0,1,17,55.0,16
201400019646,2014-06-27,45.94196,-0.96265,29,4,2,1.0,1,17,55.0,10
201400019657,2014-08-07,45.95068,-0.93206,53,4,1,1.0,1,17,40.0,10
201400019670,2014-10-13,45.9552,-0.97055,48,4,1,1.0,1,17,60.0,14
201400019673,2014-11-05,45.97103,-0.91837,62,4,1,1.0,1,17,60.0,11
201400019952,2014-04-15,45.73767,-0.64703,20,3,1,1.0,1,17,60.0,14
201400019953,2014-04-18,45.74978,-0.66808,51,4,2,1.0,1,17,60.0,16
201400019954,2014-04-25,45.74468,-0.62735,87,4,1,1.0,1,17,60.0,17
201400019964,2014-06-27,45.74391,-0.64718,48,4,2,1.0,1,17,60.0,15
201400020093,2014-10-03,43.205,6.043,67,2,1,1.0,1,83,63.0,12
201400020107,2014-09-27,44.493,0.13,42,3,1,1.0,1,47,65.0,18
201400020180,2014-04-09,47.08629,2.39903,27,4,1,1.0,1,18,100.0,13
201400020248,2014-09-10,47.08891,2.39325,17,4,2,1.0,1,18,30.0,19
201400020402,2014-01-10,47.20156,2.07749,31,3,1,1.0,1,18,5.0,10
201400020437,2014-11-12,47.231,2.08136,51,2,2,1.0,1,18,65.0,15
201400020468,2014-01-12,43.29986,0.15502,10,3,1,1.0,1,65,430.0,16
201400020562,2014-07-02,45.1606,1.50331,69,2,1,1.0,1,19,152.0,15
201400020657,2014-03-12,45.2625,1.76101,18,3,1,1.0,1,19,82.0,13
201400020671,2014-07-15,45.5558,2.31195,7,3,2,1.0,1,19,67.0,19
201400020674,2014-07-31,45.56223,2.30032,65,3,1,1.0,1,19,83.0,17
201400020678,2014-04-09,47.79846,7.3792,25,3,2,1.0,1,68,61.0,16
201400020855,2014-02-21,48.47796,-2.71159,31,3,2,1.0,2,22,86.0,19
201400020860,2014-03-04,48.53327,-2.75959,57,4,2,1.0,1,22,70.0,10
201400020864,2014-03-07,48.46268,-2.78544,54,4,2,1.0,1,22,32.0,14
201400020887,2014-04-26,48.50625,-2.76118,39,4,1,1.0,1,22,67.0,15
201400020901,2014-05-18,48.48792,-2.79489,56,4,2,1.0,1,22,70.0,10
201400020907,2014-05-26,48.52941,-2.7534,14,3,1,1.0,1,22,55.0,18
201400020911,2014-06-06,48.49694,-2.74709,67,4,2,1.0,1,22,70.0,15
201400020922,2014-06-26,48.48588,-2.78921,65,4,1,1.0,1,22,60.0,13
201400020934,2014-07-21,48.49587,-2.73608,44,3,2,1.0,1,22,65.0,10
201400020944,2014-08-15,48.48322,-2.75005,70,3,1,1.0,1,22,50.0,8
201400020964,2014-09-18,48.51943,-2.73646,21,1,1,1.0,1,22,60.0,15
201400020966,2014-09-24,48.4992,-2.75504,55,4,1,1.0,5,22,85.0,7
201400020984,2014-10-14,48.50567,-2.74504,61,4,1,1.0,1,22,80.0,12
201400020996,2014-11-06,48.50313,-2.7196,69,4,2,1.0,1,22,58.0,9
201400021010,2014-11-28,48.49669,-2.72469,35,4,2,1.0,1,22,500.0,17
201400021023,2014-12-13,48.5188,-2.76471,69,2,2,1.0,1,22,60.0,14
201400021048,2014-02-24,44.8591,0.48485,76,3,1,1.0,1,24,60.0,8
201400021051,2014-04-03,44.8529,0.507,53,2,2,2.0,1,24,70.0,8
201400021074,2014-06-02,45.1888,0.74054,64,4,1,1.0,1,24,120.0,12
201400021079,2014-09-11,45.1796,0.71535,86,3,2,1.0,1,24,100.0,10
201400021252,2014-09-26,47.51515,6.82986,11,3,1,1.0,1,25,60.0,12
201400021322,2014-06-11,50.4077,1.64025,76,3,2,1.0,1,62,75.0,11
201400021371,2014-06-03,44.5555,4.7211,61,3,1,1.0,1,26,37.0,18
201400021408,2014-03-29,45.0451,5.0446,66,3,1,1.0,1,26,40.0,11
201400021413,2014-04-14,45.0433,5.0291,64,4,2,1.0,1,26,70.0,11
201400021430,2014-06-19,45.0486,5.0487,12,4,1,1.0,1,26,60.0,17
201400021451,2014-09-30,45.0453,5.062,62,4,2,1.0,1,26,50.0,11
201400021452,2014-10-01,45.0453,5.062,62,4,2,1.0,1,26,50.0,11
201400021473,2014-12-10,45.0427,5.058,16,4,1,1.0,2,26,60.0,7
201400021481,2014-01-10,44.9201,4.9152,30,3,1,1.0,1,26,70.0,10
201400021505,2014-05-10,44.9318,4.8837,48,4,1,1.0,1,26,170.0,14
201400021518,2014-08-27,44.954,4.963,16,3,1,1.0,1,26,49.0,18
201400021521,2014-09-03,44.8999,4.8789,37,4,1,1.0,1,26,84.0,16
201400021627,2014-09-16,49.163,1.134,53,3,1,1.0,1,27,144.0,16
201400021671,2014-07-31,49.043,1.29,19,3,1,1.0,1,27,52.0,7
201400021674,2014-09-08,49.053,1.285,40,4,2,1.0,1,27,50.0,9
201400021746,2014-10-12,48.4523,1.48876,80,3,1,2.0,1,28,60.0,8
201400021800,2014-03-11,48.44526,1.49648,58,4,2,1.0,2,28,35.0,8
201400021857,2014-06-20,48.44469,1.49173,25,4,1,1.0,5,28,30.0,23
201400021866,2014-07-18,48.4521,1.52685,14,4,1,1.0,1,28,52.0,17
201400021872,2014-07-25,48.4374,1.48465,24,4,1,1.0,1,28,60.0,17
201400021905,2014-07-15,46.06707,3.92185,46,3,2,1.0,1,42,60.0,9
201400021925,2014-03-20,48.75059,1.36091,16,4,1,1.0,2,28,70.0,20
201400021936,2014-05-19,48.73332,1.35516,68,4,1,1.0,1,28,75.0,14
201400021945,2014-07-04,48.73648,1.37218,23,3,1,1.0,1,28,50.0,6
201400022118,2014-06-05,47.77894,7.36819,42,3,2,1.0,1,68,70.0,13
201400022123,2014-06-30,46.0296,4.75425,79,4,1,1.0,1,01,61.0,10
201400022590,2014-08-05,44.16883,4.61941,44,3,1,1.0,1,30,89.0,18
201400022654,2014-04-04,43.8321,4.36256,39,4,1,1.0,1,30,40.0,11
201400022659,2014-04-08,43.83274,4.35266,37,4,1,1.0,5,30,47.0,21
201400022684,2014-05-13,43.83128,4.36428,50,3,1,1.0,1,30,40.0,20
201400022692,2014-05-31,43.82662,4.36616,66,3,1,1.0,1,30,55.0,9
201400022699,2014-06-09,43.82684,4.35311,21,4,1,1.0,5,30,100.0,0
201400022714,2014-07-01,43.82885,4.36286,44,4,2,1.0,1,30,68.0,12
201400022725,2014-07-16,43.82806,4.34772,18,3,1,1.0,1,30,73.0,7
201400022738,2014-08-11,43.8297,4.35226,13,3,2,1.0,5,30,60.0,21
201400022740,2014-08-15,43.84046,4.3594,47,4,1,1.0,5,30,96.0,0
201400022769,2014-09-30,43.83217,4.358,22,4,1,1.0,1,30,80.0,15
201400022773,2014-10-06,43.82436,4.36926,23,4,2,1.0,1,30,121.0,15
201400022777,2014-10-07,43.83936,4.32183,49,4,1,2.0,3,30,70.0,20
201400022780,2014-10-11,43.82353,4.32787,12,4,1,1.0,1,30,156.0,18
201400022799,2014-11-06,43.84568,4.37169,21,4,1,1.0,2,30,53.0,17
201400022825,2014-12-11,43.82324,4.36778,5,4,1,1.0,2,30,101.0,17
201400022873,2014-05-02,44.382,4.7036,73,3,1,1.0,1,26,48.0,9
201400022877,2014-05-21,44.3799,4.6926,64,3,2,1.0,1,26,34.0,20
201400022927,2014-03-09,48.31981,-1.86794,82,3,2,7.0,1,35,60.0,18
201400022948,2014-04-23,50.79343,1.97004,37,3,1,1.0,1,62,43.0,9
201400022949,2014-08-09,50.87773,2.08604,34,3,1,1.0,1,62,62.0,11
201400022968,2014-02-06,48.343,7.321,40,3,1,1.0,1,67,80.0,15
201400022993,2014-10-21,43.11067,0.71783,91,4,1,1.0,1,31,100.0,11
201400023185,2014-04-11,43.60496,1.3069,29,4,1,1.0,1,31,90.0,6
201400023516,2014-10-08,43.61399,1.35304,41,4,1,1.0,1,31,70.0,8
201400023681,2014-08-11,48.13262,7.31862,50,3,1,1.0,1,68,89.0,17
201400024925,2014-07-17,46.99958,-0.64018,46,4,1,1.0,5,49,60.0,4
201400025018,2014-12-09,43.34732,3.25377,49,3,1,1.0,4,34,60.0,18
201400025048,2014-01-18,43.64229,3.85923,25,4,2,2.0,1,34,60.0,12
201400025053,2014-01-23,43.63672,3.83079,43,4,1,1.0,1,34,80.0,17
201400025057,2014-01-25,43.59064,3.88473,26,4,2,8.0,1,34,50.0,9
201400025058,2014-01-27,43.60657,3.84768,13,4,1,1.0,1,34,70.0,8
201400025078,2014-02-15,43.5914,3.8911,46,4,1,1.0,5,34,30.0,19
201400025080,2014-02-16,43.57693,3.89726,11,2,2,8.0,3,34,60.0,18
201400025086,2014-02-23,43.61989,3.83239,25,4,1,1.0,5,34,30.0,20
201400025088,2014-02-25,43.60974,3.86308,29,4,1,2.0,1,34,70.0,8
201400025095,2014-03-02,43.61356,3.88077,24,4,1,1.0,5,34,60.0,4
201400025121,2014-03-23,43.58847,3.86962,32,4,1,1.0,5,34,60.0,20
201400025126,2014-03-28,43.62644,3.82293,27,4,1,1.0,1,34,60.0,15
201400025170,2014-05-03,43.61438,3.88382,54,4,1,1.0,1,34,86.0,17
201400025173,2014-05-04,43.55033,3.89759,58,3,1,1.0,1,34,50.0,11
201400025177,2014-05-08,43.62638,3.88531,39,4,1,8.0,1,34,20.0,15
201400025194,2014-05-17,43.59132,3.88489,47,4,1,1.0,1,34,60.0,12
201400025204,2014-05-25,43.60032,3.86743,25,4,1,1.0,1,34,120.0,9
201400025222,2014-06-15,43.62147,3.86854,24,3,1,1.0,5,34,70.0,1
201400025225,2014-06-16,43.6146,3.82951,31,4,2,1.0,1,34,64.0,17
201400025243,2014-07-01,43.6202,3.81787,47,4,1,8.0,1,34,80.0,14
201400025263,2014-07-18,43.61506,3.82401,41,3,2,1.0,1,34,20.0,16
201400025265,2014-07-20,43.6011,3.86693,12,3,1,1.0,1,34,30.0,17
201400025281,2014-08-01,43.63506,3.84416,31,4,1,1.0,1,34,100.0,18
201400025304,2014-08-27,43.6128,3.86741,17,1,1,1.0,1,34,70.0,15
201400025304,2014-08-27,43.6128,3.86741,17,4,1,1.0,1,34,70.0,15
201400025307,2014-08-29,43.60045,3.87553,17,4,1,1.0,1,34,70.0,15
201400025312,2014-08-31,43.57637,3.87419,51,4,1,1.0,1,34,90.0,10
201400025315,2014-09-02,43.63842,3.84762,28,3,2,1.0,5,34,60.0,22
201400025333,2014-09-11,43.64462,3.84165,24,4,1,1.0,1,34,18.0,17
201400025348,2014-09-22,43.61364,3.8399,44,4,1,1.0,1,34,20.0,13
201400025362,2014-10-06,43.62074,3.87718,23,4,2,2.0,3,34,60.0,19
201400025385,2014-10-30,43.61051,3.88058,22,1,1,1.0,1,34,60.0,15
201400025428,2014-12-26,43.59076,3.89738,14,4,1,1.0,1,34,57.0,14
201400025432,2014-01-17,43.40171,3.66161,77,3,2,1.0,1,34,80.0,16
201400025824,2014-08-29,48.08404,-1.62289,50,2,2,1.0,1,35,72.0,15
201400026050,2014-01-18,46.8024,1.69625,22,1,2,1.0,2,36,53.0,19
201400026050,2014-01-18,46.8024,1.69625,54,4,2,1.0,2,36,53.0,19
201400026051,2014-07-22,46.8167,1.71139,31,4,2,1.0,1,36,70.0,11
201400026054,2014-03-25,46.7977,1.7059,11,4,1,1.0,1,36,67.0,17
201400026105,2014-09-17,46.7622,1.67846,58,4,2,1.0,1,36,70.0,16
201400026125,2014-04-01,46.764,1.68512,69,4,1,1.0,1,36,59.0,10
201400026164,2014-06-23,46.8143,1.6966,23,4,1,1.0,1,36,90.0,8
201400026166,2014-06-25,46.7999,1.72341,68,4,1,1.0,1,36,90.0,15
201400026946,2014-05-10,43.74539,-1.04798,14,4,1,1.0,1,40,70.0,10
201400027064,2014-06-12,47.806,1.069,50,3,2,1.0,1,41,80.0,11
201400027116,2014-07-03,45.53365,4.63082,38,4,1,1.0,1,42,90.0,13
201400027122,2014-08-31,45.53006,4.62173,62,3,1,1.0,1,42,100.0,11
201400027132,2014-01-10,46.04232,4.07331,44,4,2,1.0,1,42,80.0,12
201400027166,2014-04-10,46.02774,4.08509,53,1,1,1.0,1,42,90.0,10
201400027167,2014-04-12,46.04242,4.04899,18,4,1,1.0,1,42,83.0,18
201400027194,2014-06-16,46.05719,4.04602,70,4,1,1.0,1,42,60.0,12
201400027197,2014-06-21,46.03013,4.08347,49,3,1,1.0,1,42,105.0,17
201400027208,2014-07-04,46.03691,4.07711,14,3,1,1.0,1,42,60.0,17
201400027211,2014-07-15,46.03666,4.06432,34,4,1,1.0,1,42,70.0,16
201400027221,2014-08-21,46.04312,4.03246,70,4,1,1.0,1,42,60.0,14
201400027222,2014-08-22,46.03884,4.08423,15,4,1,1.0,1,42,60.0,15
201400027263,2014-12-03,46.03925,4.04563,72,4,1,2.0,1,42,60.0,8
201400027273,2014-12-22,46.05248,4.04427,67,3,1,1.0,1,42,60.0,15
201400027291,2014-09-03,45.47473,4.51171,36,3,1,1.0,1,42,85.0,8
201400027291,2014-09-03,45.47473,4.51171,2,4,2,1.0,1,42,85.0,8
201400027309,2014-01-26,45.43895,4.38286,44,4,1,1.0,1,42,30.0,13
201400027312,2014-02-01,45.48233,4.43131,52,4,1,1.0,1,42,60.0,11
201400027317,2014-02-10,45.43775,4.38752,21,4,1,1.0,1,42,30.0,15
201400027385,2014-07-15,45.42077,4.398,44,4,1,8.0,1,42,80.0,12
201400027449,2014-12-14,45.45233,4.44736,21,4,1,1.0,1,42,60.0,17
201400027468,2014-06-10,45.0499,3.91668,27,3,1,1.0,1,43,70.0,17
201400027472,2014-06-12,45.0552,3.90904,55,3,1,1.0,1,43,70.0,10
201400027473,2014-06-20,45.048,3.89334,66,3,2,1.0,1,43,100.0,17
201400028034,2014-04-16,47.98647,2.71218,77,3,1,1.0,1,45,60.0,10
201400028040,2014-04-27,48.00249,2.73883,74,4,1,1.0,1,45,90.0,10
201400028049,2014-05-24,48.02343,2.73263,19,4,2,8.0,1,45,50.0,16
201400028100,2014-01-17,47.90419,1.83584,73,3,1,1.0,1,45,58.0,14
201400028105,2014-02-03,47.9048,1.91347,13,3,1,1.0,1,45,120.0,12
201400028110,2014-02-07,47.94978,1.88358,14,3,1,1.0,1,45,58.0,15
201400028114,2014-02-26,47.91598,1.84008,65,3,1,1.0,1,45,48.0,10
201400028115,2014-03-02,47.91884,1.82864,17,4,2,1.0,1,45,51.0,15
201400028126,2014-05-15,47.92133,1.90711,41,3,2,1.0,1,45,50.0,8
201400028147,2014-08-20,47.85419,1.91702,12,4,1,1.0,1,45,50.0,17
201400028159,2014-09-24,47.90846,1.93828,16,3,1,1.0,1,45,60.0,14
201400028163,2014-10-03,47.90893,1.89939,13,3,1,1.0,1,45,40.0,11
201400028193,2014-05-20,44.44076,1.443,59,4,1,1.0,1,46,58.0,12
201400028196,2014-07-19,44.43194,1.45655,65,4,1,1.0,1,46,70.0,14
201400028279,2014-02-05,47.47418,-0.56712,22,3,2,2.0,5,49,69.0,7
201400028281,2014-02-10,47.46092,-0.53943,23,1,1,2.0,2,49,60.0,7
201400028285,2014-02-11,47.45609,-0.53374,48,3,2,1.0,1,49,60.0,9
201400028289,2014-02-11,47.47694,-0.5988,21,4,2,1.0,1,49,92.0,16
201400028293,2014-02-14,47.47034,-0.56923,75,4,1,8.0,1,49,100.0,17
201400028340,2014-04-04,47.47649,-0.53289,22,3,2,1.0,1,49,60.0,13
201400028341,2014-04-10,47.4646,-0.55042,42,3,2,1.0,1,49,40.0,18
201400028343,2014-04-09,47.47629,-0.53907,12,4,2,1.0,1,49,60.0,15
201400028352,2014-04-15,47.45337,-0.52593,22,4,2,1.0,1,49,60.0,16
201400028368,2014-04-25,47.4552,-0.57299,31,3,1,1.0,1,49,50.0,7
201400028377,2014-05-13,47.48964,-0.51472,14,3,1,1.0,1,49,60.0,12
201400028380,2014-05-19,47.47323,-0.55844,60,4,1,1.0,1,49,33.0,14
201400028381,2014-05-16,47.46854,-0.55867,22,4,2,1.0,1,49,60.0,16
201400028387,2014-05-16,47.46972,-0.54774,15,4,2,1.0,1,49,60.0,17
201400028390,2014-05-17,47.48722,-0.58099,12,4,1,1.0,1,49,50.0,17
201400028391,2014-05-16,47.46608,-0.5471,19,4,1,1.0,1,49,60.0,18
201400028391,2014-05-16,47.46608,-0.5471,58,1,2,1.0,1,49,60.0,18
201400028394,2014-05-22,47.48062,-0.60388,21,4,2,1.0,1,49,60.0,12
201400028396,2014-05-24,47.47437,-0.56021,46,4,2,1.0,1,49,60.0,15
201400028404,2014-05-30,47.47116,-0.54934,49,4,2,1.0,1,49,60.0,18
201400028408,2014-06-07,47.48241,-0.58081,90,3,1,2.0,1,49,70.0,10
201400028411,2014-06-12,47.46425,-0.53139,21,4,2,1.0,1,49,40.0,14
201400028412,2014-06-13,47.45691,-0.532,20,4,2,1.0,1,49,55.0,18
201400028413,2014-06-13,47.47435,-0.55237,24,4,1,1.0,1,49,50.0,19
201400028417,2014-06-20,47.47842,-0.56475,11,4,1,1.0,1,49,60.0,8
201400028418,2014-06-22,47.4371,-0.51467,50,4,1,1.0,1,49,120.0,10
201400028427,2014-07-02,47.47102,-0.5459,64,4,2,1.0,1,49,70.0,16
201400028427,2014-07-02,47.47102,-0.5459,18,1,1,1.0,1,49,70.0,16
201400028434,2014-07-07,47.4458,-0.56592,10,4,1,1.0,1,49,80.0,17
201400028441,2014-07-18,47.51149,-0.59264,40,4,1,1.0,1,49,30.0,17
201400028446,2014-07-28,47.47473,-0.56087,16,4,1,1.0,1,49,60.0,11
201400028457,2014-08-28,47.47466,-0.5529,34,4,1,1.0,1,49,43.0,12
201400028457,2014-08-28,47.47466,-0.5529,3,1,2,1.0,1,49,43.0,12
201400028465,2014-09-04,47.45383,-0.52698,23,4,1,1.0,1,49,70.0,17
201400028474,2014-09-18,47.5094,-0.59257,38,4,1,1.0,1,49,30.0,17
201400028484,2014-09-23,47.47283,-0.55615,20,4,1,1.0,1,49,60.0,17
201400028488,2014-09-25,47.45953,-0.60336,17,4,1,1.0,1,49,30.0,14
201400028491,2014-09-26,47.47682,-0.54075,38,3,1,1.0,3,49,59.0,20
201400028494,2014-09-29,47.4754,-0.54914,68,4,1,1.0,1,49,52.0,16
201400028495,2014-09-29,47.45596,-0.55383,40,4,1,1.0,2,49,29.0,7
201400028503,2014-10-06,47.46884,-0.54174,42,4,1,3.0,1,49,83.0,15
201400028509,2014-10-09,47.47132,-0.5469,27,4,2,1.0,1,49,60.0,15
201400028517,2014-10-14,47.48788,-0.55409,21,4,1,1.0,1,49,60.0,17
201400028521,2014-10-16,47.46842,-0.55022,61,4,1,1.0,1,49,56.0,9
201400028523,2014-10-19,47.47219,-0.54097,34,4,1,1.0,5,49,60.0,1
201400028526,2014-10-18,47.49053,-0.58267,31,4,1,1.0,1,49,60.0,16
201400028530,2014-10-23,47.44072,-0.49841,60,3,1,1.0,1,49,60.0,9
201400028531,2014-10-23,47.46973,-0.56189,19,4,2,1.0,1,49,72.0,16
201400028541,2014-10-30,47.47504,-0.52534,50,4,1,1.0,3,49,60.0,20
201400028552,2014-11-10,47.48625,-0.57899,24,4,1,2.0,5,49,60.0,19
201400028557,2014-11-06,47.47202,-0.56714,22,4,2,1.0,1,49,100.0,7
201400028569,2014-11-25,47.48708,-0.55496,17,4,1,5.0,5,49,70.0,18
201400028577,2014-12-03,47.47349,-0.58833,19,3,1,1.0,1,49,80.0,13
201400028592,2014-12-15,47.46943,-0.54922,35,1,1,1.0,5,49,65.0,20
201400028597,2014-12-18,47.46857,-0.55866,31,1,1,1.0,5,49,60.0,19
201400028599,2014-12-19,47.4831,-0.54918,28,4,1,2.0,5,49,46.0,19
201400028622,2014-04-01,47.05567,-0.87642,56,3,2,1.0,1,49,60.0,8
201400028681,2014-03-18,47.26021,-0.08908,58,3,2,8.0,1,49,98.0,10
201400028692,2014-04-15,47.26124,-0.09863,67,3,2,1.0,1,49,59.0,11
201400028757,2014-01-15,49.6345,-1.61376,17,4,1,1.0,5,50,90.0,7
201400028759,2014-01-18,49.6569,-1.66166,77,4,1,1.0,1,50,52.0,10
201400028794,2014-04-06,49.6242,-1.64451,14,3,1,1.0,1,50,60.0,17
201400028814,2014-06-03,49.6423,-1.62221,52,4,1,1.0,1,50,60.0,16
201400028851,2014-08-15,49.6396,-1.6174,39,4,1,1.0,1,50,61.0,20
201400028898,2014-10-31,49.6468,-1.6424,55,4,2,1.0,1,50,64.0,8
201400028898,2014-10-31,49.6468,-1.6424,27,4,1,1.0,1,50,64.0,8
201400028933,2014-04-30,49.0534,-1.44189,12,3,2,1.0,1,50,120.0,18
201400029022,2014-10-27,49.1145,-1.05448,40,4,2,1.0,1,50,70.0,8
201400029117,2014-02-18,48.11473,5.14052,51,4,2,2.0,5,52,40.0,20
201400029123,2014-04-27,48.09876,5.14696,16,3,1,1.0,1,52,50.0,10
201400029128,2014-07-08,48.10742,5.14779,61,4,2,1.0,1,52,60.0,16
201400029134,2014-10-10,48.08439,5.146,23,4,1,1.0,1,52,106.0,8
201400029137,2014-12-17,48.11984,5.14227,57,4,1,2.0,5,52,59.0,7
201400029163,2014-05-17,48.07334,-0.69995,9,4,1,1.0,1,53,35.0,17
201400029186,2014-05-28,49.22424,5.98184,24,4,1,1.0,1,54,100.0,12
201400029638,2014-04-24,48.9168,6.06452,66,3,1,1.0,1,54,115.0,10
201400029968,2014-11-22,47.64634,-2.76344,64,3,2,8.0,1,56,63.0,10
201400030011,2014-01-07,49.0735,6.1479,52,3,1,1.0,1,57,94.0,15
201400030013,2014-01-14,49.11804,6.18376,44,4,1,1.0,1,57,45.0,14
201400030018,2014-02-02,49.15989,6.15916,48,3,1,1.0,1,57,137.0,15
201400030030,2014-03-03,49.11001,6.16721,24,3,2,8.0,1,57,88.0,9
201400030062,2014-05-22,49.08618,6.15611,12,3,1,1.0,1,57,70.0,17
201400030067,2014-06-03,49.10067,6.18858,59,3,2,1.0,1,57,56.0,12
201400030071,2014-06-19,49.10052,6.18466,39,4,1,1.0,1,57,68.0,18
201400030096,2014-10-01,49.12319,6.1879,55,4,1,5.0,2,57,80.0,7
201400030109,2014-11-01,49.10719,6.11823,58,4,1,1.0,1,57,75.0,16
201400030112,2014-11-08,49.09535,6.15843,32,4,1,1.0,5,57,86.0,20
201400030134,2014-04-15,49.10808,6.71532,72,3,1,1.0,1,57,80.0,13
201400030175,2014-03-11,49.35916,6.19083,84,3,2,1.0,1,57,110.0,10
201400030187,2014-05-22,49.34658,6.12735,14,3,1,1.0,1,57,40.0,19
201400030193,2014-06-21,49.31308,6.0787,35,4,1,1.0,1,57,62.0,18
201400030198,2014-07-19,49.33437,6.13484,56,3,1,1.0,3,57,61.0,9
201400030203,2014-08-29,49.35791,6.16939,16,4,1,2.0,1,57,76.0,19
201400030214,2014-10-23,49.35002,6.20267,74,3,2,1.0,1,57,60.0,14
201400030221,2014-12-02,49.35019,6.17309,19,4,2,1.0,5,57,70.0,18
201400031419,2014-06-21,47.9129,7.20478,43,4,1,1.0,1,68,60.0,16
201400031452,2014-05-30,47.55,1.549,12,4,1,1.0,1,41,45.0,17
201400031580,2014-02-21,48.42886,0.0944,27,3,1,1.0,2,61,90.0,7
201400031671,2014-05-22,50.28876,2.80788,28,3,1,1.0,1,62,52.0,7
201400031692,2014-10-27,50.32373,2.75289,49,4,2,1.0,3,62,76.0,18
201400031719,2014-04-09,50.42209,2.84186,60,4,2,1.0,2,62,72.0,8
201400031724,2014-06-17,50.40161,2.87138,60,4,2,1.0,1,62,54.0,16
201400031739,2014-12-03,50.40902,2.86089,21,4,2,1.0,5,62,50.0,20
201400031742,2014-05-26,50.41441,1.58676,53,3,1,3.0,2,62,60.0,20
201400031746,2014-10-18,50.40529,1.56872,51,3,1,1.0,5,62,78.0,20
201400031752,2014-01-11,50.55509,2.7685,61,3,2,1.0,1,62,52.0,15
201400031763,2014-05-24,50.52443,2.65277,67,3,1,1.0,1,62,60.0,10
201400031807,2014-10-06,50.73401,1.59465,18,3,2,8.0,1,62,72.0,12
201400031824,2014-09-11,50.4723,2.55315,16,3,1,1.0,1,62,53.0,13
201400031839,2014-03-20,50.94683,1.84573,16,4,1,1.0,1,62,49.0,16
201400031852,2014-08-10,50.9478,1.95119,36,4,2,6.0,1,62,75.0,17
201400031886,2014-06-08,50.44334,2.88314,12,2,1,1.0,1,62,60.0,14
201400031898,2014-09-10,50.47139,2.99755,17,3,1,1.0,1,62,80.0,17
201400031990,2014-09-15,50.4949,2.85488,15,4,1,1.0,1,62,82.0,17
201400032054,2014-04-21,50.45093,2.57907,52,3,1,1.0,1,62,69.0,12
201400032083,2014-08-18,50.51532,1.6061,38,4,2,1.0,1,62,55.0,9
201400032157,2014-09-07,45.7844,3.09766,76,3,1,1.0,1,63,65.0,18
201400032205,2014-03-09,45.72749,3.20242,55,4,1,1.0,1,63,90.0,9
201400032244,2014-06-19,45.53219,3.45699,44,4,2,5.0,1,63,90.0,8
201400032245,2014-07-18,45.53193,3.45699,69,3,1,1.0,1,63,70.0,7
201400032350,2014-10-24,43.50116,-1.46705,29,3,1,1.0,1,64,70.0,11
201400032360,2014-11-20,43.49488,-1.52821,40,1,2,1.0,5,64,70.0,18
201400032366,2014-12-12,43.48938,-1.46804,51,4,2,1.0,1,64,80.0,16
201400032417,2014-10-10,43.45976,-1.54538,70,3,1,1.0,1,64,70.0,17
201400032561,2014-06-06,43.30786,0.33841,61,4,2,1.0,1,64,82.0,13
201400032563,2014-06-10,43.29655,-0.37427,26,4,1,1.0,1,64,120.0,14
201400032569,2014-06-22,43.3038,-0.35091,72,4,1,1.0,1,64,67.0,11
201400032590,2014-08-01,43.31848,-0.34537,70,3,2,2.0,1,64,53.0,17
201400032612,2014-09-12,43.30879,-0.4084,27,4,1,1.0,1,64,105.0,7
201400032639,2014-10-03,43.30019,-0.37518,36,4,1,1.0,5,64,34.0,20
201400032641,2014-10-05,43.29913,-0.37193,8,4,1,1.0,1,64,170.0,18
201400032661,2014-10-22,43.3107,-0.37712,13,4,2,1.0,1,64,36.0,10
201400032726,2014-12-12,43.30043,-0.36531,18,1,1,1.0,1,64,92.0,13
201400032781,2014-07-23,43.4092,-1.63641,11,4,1,1.0,1,64,49.0,18
201400032852,2014-03-11,43.09876,-0.03802,12,4,1,1.0,1,65,50.0,13
201400032853,2014-03-24,43.11607,-0.03292,29,3,2,3.0,1,65,80.0,16
201400032869,2014-08-02,43.09466,-0.0461,31,1,1,1.0,1,65,60.0,14
201400032877,2014-09-14,43.10696,-0.06496,47,1,1,1.0,5,65,85.0,21
201400032891,2014-01-08,43.23747,0.06677,81,4,1,1.0,1,65,77.0,16
201400032926,2014-06-04,43.20362,0.10315,44,3,1,2.0,1,65,72.0,7
201400032931,2014-06-25,43.20422,0.09601,47,4,1,7.0,1,65,77.0,15
201400032960,2014-10-16,43.23706,0.05046,85,3,1,1.0,1,65,109.0,10
201400032968,2014-11-01,43.25097,0.07275,68,4,1,1.0,1,65,107.0,10
201400032989,2014-01-29,42.70541,2.90167,78,2,1,1.0,1,66,62.0,16
201400033032,2014-05-06,42.69863,2.92879,59,3,1,1.0,1,66,70.0,6
201400033048,2014-07-01,42.7101,2.911,18,4,2,1.0,1,66,70.0,15
201400033091,2014-10-07,42.68706,2.88737,22,4,1,1.0,1,66,70.0,10
201400033105,2014-10-21,42.68154,2.89408,54,4,1,1.0,1,66,70.0,9
201400033109,2014-11-13,42.69001,2.89378,16,4,1,1.0,1,66,80.0,7
201400033121,2014-12-04,42.69012,2.89199,52,3,1,1.0,5,66,70.0,18
201400033547,2014-04-12,48.08176,7.36378,42,3,2,1.0,1,68,200.0,12
201400033561,2014-09-16,48.09559,7.36876,58,3,1,1.0,1,68,200.0,9
201400033562,2014-10-06,48.07411,7.35247,64,3,2,1.0,1,68,80.0,17
201400033567,2014-10-31,48.067,7.34325,33,3,1,1.0,1,68,120.0,15
201400033568,2014-11-03,48.09557,7.36874,39,4,1,1.0,1,68,200.0,8
201400033569,2014-11-04,48.07721,7.34795,7,4,2,2.0,5,68,140.0,18
201400033571,2014-11-16,48.07602,7.34908,66,3,1,2.0,5,68,69.0,19
201400033579,2014-05-15,48.05106,7.40118,58,2,1,1.0,1,68,60.0,18
201400033586,2014-11-20,48.08071,7.33421,14,3,1,1.0,1,68,110.0,12
201400033592,2014-01-28,47.72782,7.34774,42,4,1,1.0,1,68,126.0,14
201400033595,2014-02-06,47.75874,7.35043,66,3,1,1.0,1,68,81.0,11
201400033596,2014-02-09,47.75973,7.34419,16,4,1,1.0,2,68,90.0,18
201400033601,2014-02-20,47.75008,7.34565,39,4,2,1.0,1,68,80.0,8
201400033628,2014-06-11,47.72954,7.32114,13,4,1,1.0,1,68,110.0,8
201400033629,2014-06-12,47.74494,7.33463,40,4,1,1.0,1,68,37.0,9
201400033633,2014-06-20,47.73752,7.28834,68,3,2,1.0,1,68,82.0,17
201400033642,2014-07-19,47.75246,7.33757,48,3,1,1.0,1,68,60.0,18
201400033644,2014-08-06,47.75831,7.33443,66,3,1,1.0,1,68,30.0,14
201400033653,2014-09-08,47.77061,7.32091,42,4,1,1.0,1,68,160.0,7
201400033662,2014-09-28,47.75891,7.34506,54,4,1,1.0,1,68,134.0,13
201400033666,2014-10-07,47.74604,7.33558,40,3,1,1.0,1,68,40.0,16
201400033669,2014-10-18,47.73961,7.30191,79,4,2,1.0,1,68,145.0,17
201400033674,2014-11-04,47.7358,7.30681,59,3,1,1.0,5,68,58.0,18
201400033678,2014-11-12,47.76088,7.32391,53,3,1,3.0,5,68,82.0,18
201400033693,2014-03-17,47.59651,7.55333,48,3,2,1.0,1,68,70.0,9
201400033695,2014-04-17,47.57849,7.54736,75,3,1,1.0,1,68,105.0,16
201400033702,2014-10-08,47.58559,7.5632,71,4,1,1.0,1,68,120.0,14
201400033705,2014-11-08,47.60365,7.54493,67,4,2,1.0,1,68,115.0,9
201400034456,2014-05-15,46.77496,4.83686,36,3,1,1.0,1,71,62.0,15
201400034546,2014-03-20,45.7162,5.8878,74,3,1,1.0,1,73,64.0,16
201400034558,2014-02-14,45.5713,5.9404,19,2,1,1.0,5,73,44.0,19
201400034567,2014-07-19,45.5626,5.9251,59,3,1,1.0,1,73,77.0,16
201400034694,2014-01-18,49.88172,1.12622,68,4,1,1.0,1,76,109.0,9
201400034725,2014-08-07,49.88682,1.08612,54,4,2,1.0,1,76,67.0,16
201400034727,2014-08-10,49.92921,1.10249,9,4,1,1.0,1,76,62.0,17
201400034735,2014-11-02,49.89242,1.04,84,2,1,1.0,1,76,31.0,12
201400034763,2014-08-16,49.74923,0.40327,52,3,1,1.0,1,76,68.0,10
201400034765,2014-09-28,49.75276,0.3963,26,4,1,1.0,5,76,56.0,3
201400034778,2014-01-10,49.49119,0.1408,90,4,1,1.0,1,76,90.0,11
201400034797,2014-02-07,49.50037,0.16682,14,4,1,1.0,1,76,110.0,10
201400034837,2014-03-31,49.51623,0.12,57,3,1,2.0,1,76,232.0,8
201400034841,2014-04-04,49.51096,0.09914,18,4,1,1.0,1,76,50.0,15
201400034846,2014-04-10,49.48964,0.09772,57,3,2,1.0,1,76,110.0,12
201400034846,2014-04-10,49.48964,0.09772,21,1,1,1.0,1,76,110.0,12
201400034874,2014-05-20,49.52294,0.1135,38,4,1,1.0,1,76,34.0,19
201400034889,2014-06-14,49.49764,0.13131,13,4,1,1.0,1,76,50.0,18
201400034900,2014-06-29,49.50242,0.1747,52,4,1,3.0,1,76,120.0,10
201400034918,2014-08-01,49.52351,0.22374,8,4,1,1.0,1,76,58.0,14
201400034927,2014-08-23,49.49088,0.12957,17,3,2,1.0,2,76,70.0,5
201400034935,2014-09-11,49.49185,0.1328,13,3,1,1.0,1,76,76.0,13
201400034966,2014-10-22,49.49299,0.11438,32,4,1,1.0,1,76,60.0,10
201400034966,2014-10-22,49.49299,0.11438,76,3,1,1.0,1,76,60.0,10
201400035087,2014-02-11,49.43463,1.11784,50,4,1,2.0,5,76,25.0,6
201400035177,2014-05-28,49.44283,1.08933,54,4,2,1.0,1,76,42.0,18
201400035178,2014-05-18,49.44084,1.08839,27,4,1,1.0,1,76,50.0,17
201400035213,2014-08-11,49.33635,1.01292,63,3,1,1.0,1,76,40.0,14
201400035635,2014-02-02,48.4736,2.41535,48,2,2,9.0,3,77,120.0,1
201400036484,2014-03-28,43.937,2.16703,74,3,1,1.0,1,81,60.0,8
201400036499,2014-01-10,43.5888,2.19311,80,3,1,1.0,1,81,70.0,11
201400036507,2014-09-19,43.6231,2.25188,19,3,2,1.0,1,81,73.0,15
201400036627,2014-03-25,43.42027,6.74406,81,3,1,1.0,1,83,300.0,14
201400036745,2014-08-04,43.09837,5.82774,73,4,2,1.0,1,83,30.0,20
201400036841,2014-03-07,43.13841,6.03308,26,4,1,1.0,2,83,60.0,18
201400036847,2014-03-18,43.12406,6.01432,22,3,2,1.0,1,83,40.0,14
201400036857,2014-04-01,43.13556,6.02321,88,3,2,8.0,1,83,60.0,16
201400036885,2014-05-16,43.01332,6.01714,21,4,2,1.0,1,83,60.0,8
201400036903,2014-05-18,43.12952,5.91289,16,4,2,1.0,1,83,53.0,15
201400036910,2014-06-18,43.13522,5.97742,49,4,1,1.0,1,83,36.0,7
201400036911,2014-06-18,43.12765,5.92433,13,3,1,1.0,1,83,25.0,18
201400036924,2014-07-16,43.12784,5.92229,44,3,1,1.0,1,83,80.0,11
201400036938,2014-08-07,43.12125,5.89361,80,4,1,1.0,1,83,50.0,11
201400037053,2014-07-25,43.89839,4.89739,54,2,1,3.0,1,84,110.0,19
201400037078,2014-08-14,43.86384,5.04315,15,2,1,1.0,1,84,50.0,15
201400037096,2014-01-06,46.6665,-1.43017,14,4,1,2.0,5,85,100.0,7
201400037106,2014-02-04,46.68165,-1.43663,41,3,1,3.0,5,85,100.0,19
201400037109,2014-02-17,46.65972,-1.44077,39,3,2,1.0,5,85,55.0,7
201400037115,2014-03-13,46.69478,-1.42987,32,4,1,1.0,1,85,140.0,9
201400037125,2014-05-13,46.65973,-1.44076,40,3,2,1.0,1,85,45.0,9
201400037148,2014-11-29,46.7015,-1.43977,21,3,1,1.0,1,85,45.0,15
201400037236,2014-10-04,46.81437,0.53516,15,3,1,8.0,5,86,51.0,19
201400037360,2014-06-12,46.59119,0.35555,75,4,2,1.0,1,86,70.0,9
201400037426,2014-09-29,46.56175,0.37363,30,3,2,2.0,1,86,60.0,9
201400037436,2014-10-18,46.5994,0.34367,56,3,1,1.0,1,86,60.0,10
201400037439,2014-10-24,46.58772,0.34903,21,4,1,1.0,1,86,90.0,13
201400037441,2014-10-26,46.5785,0.3789,18,3,1,1.0,1,86,60.0,18
201400037866,2014-03-19,48.183,6.46751,39,4,1,1.0,1,88,76.0,10
201400037878,2014-06-22,48.19088,6.41537,61,3,1,1.0,1,88,67.0,17
201400037896,2014-08-23,48.0207,6.66598,41,3,1,3.0,1,88,70.0,15
201400037922,2014-06-15,48.28026,6.95159,64,3,1,1.0,1,88,70.0,11
201400037927,2014-06-06,48.29161,6.95119,13,3,1,1.0,1,88,60.0,7
201400037963,2014-08-29,48.22756,3.26669,65,3,1,1.0,1,89,90.0,11
201400043837,2014-09-12,48.7523,2.49218,41,4,1,1.0,1,94,60.0,7
201400043969,2014-03-09,48.8181,2.4124,70,4,1,1.0,1,94,66.0,17
201400044063,2014-06-21,48.8235,2.55322,39,4,1,1.0,1,94,45.0,10
201400044078,2014-08-27,48.8084,2.57754,40,1,1,1.0,1,94,65.0,9
201400044086,2014-09-26,48.7936,2.56661,76,4,1,1.0,1,94,60.0,16
201400044193,2014-03-08,48.7449,2.40787,13,4,1,1.0,5,94,62.0,20
201400044215,2014-01-19,48.7751,2.43983,53,3,1,1.0,1,94,120.0,11
201400044284,2014-06-13,48.8056,2.45882,15,4,1,1.0,1,94,60.0,11
201400044421,2014-01-16,48.7892,2.32534,11,4,1,1.0,2,94,50.0,17
201400044478,2014-05-15,48.7874,2.3542,9,4,1,1.0,1,94,60.0,11
201400044803,2014-01-21,48.8084,2.3737,37,1,1,1.0,5,94,70.0,17
201400044849,2014-09-19,48.8149,2.40171,38,4,1,1.0,1,94,90.0,17
201400044853,2014-05-19,48.8121,2.38564,44,3,1,1.0,1,94,120.0,18
201400044854,2014-09-21,48.8181,2.39797,60,3,1,2.0,5,94,90.0,4
201400044903,2014-06-06,48.8174,2.38089,44,4,1,1.0,1,94,30.0,18
201400044928,2014-01-27,48.8071,2.42547,35,4,1,2.0,1,94,160.0,17
201400045041,2014-02-12,48.8346,2.50406,12,4,1,1.0,1,94,26.0,12
201400045055,2014-09-01,48.8365,2.48214,56,4,2,1.0,1,94,122.0,9
201400045070,2014-09-16,48.8383,2.48972,46,4,2,1.0,1,94,62.0,17
201400045076,2014-09-22,48.8241,2.46895,27,3,1,1.0,1,94,60.0,7
201400045145,2014-03-12,48.7877,2.49142,11,4,1,1.0,1,94,50.0,16
201400045146,2014-03-14,48.7898,2.48443,67,4,1,1.0,1,94,60.0,18
201400045166,2014-06-13,48.7861,2.49217,13,4,1,1.0,1,94,51.0,14
201400045572,2014-09-01,48.7897,2.38984,23,3,1,1.0,1,94,100.0,14
201400045572,2014-09-01,48.7897,2.38984,24,1,1,1.0,1,94,100.0,14
201400045579,2014-09-26,48.786,2.39159,59,3,1,1.0,1,94,70.0,18
201400050725,2014-06-21,45.52226,4.86897,77,2,1,1.0,1,38,79.0,14
201500000062,2015-11-02,50.641,2.722,74,3,1,5.0,1,59,50.0,9
201500000092,2015-05-05,50.66572,3.00818,53,2,2,6.0,1,59,69.0,12
201500000093,2015-05-22,50.69039,2.99471,73,3,1,1.0,1,59,40.0,11
201500000209,2015-05-26,50.18183,2.6578,8,3,1,1.0,1,62,67.0,18
201500000246,2015-06-15,50.61111,2.47597,15,3,1,1.0,1,62,64.0,18
201500000248,2015-06-28,50.61875,2.47133,11,3,1,1.0,1,62,55.0,15
201500000263,2015-09-06,50.67859,1.83109,11,3,1,1.0,1,62,70.0,17
201500000321,2015-06-26,50.4766,2.27821,14,3,1,1.0,1,62,70.0,12
201500000348,2015-10-30,49.99797,2.65018,77,3,2,1.0,1,80,50.0,11
201500000389,2015-01-06,48.97712,3.28837,19,3,2,1.0,1,02,57.0,15
201500000467,2015-04-09,49.33401,2.19832,59,2,1,1.0,1,60,97.0,18
201500000530,2015-06-10,49.20365,2.5947,63,3,1,1.0,1,60,30.0,11
201500000568,2015-07-20,49.49164,1.01455,61,3,2,2.0,2,76,97.0,6
201500000593,2015-09-19,49.61913,1.18121,79,3,1,1.0,1,76,32.0,14
201500000602,2015-09-06,49.50109,0.93159,36,3,1,1.0,1,76,70.0,11
201500000612,2015-06-21,49.68543,0.32054,61,3,1,1.0,1,76,50.0,17
201500000646,2015-03-06,49.71081,1.49927,42,3,1,7.0,1,76,51.0,14
201500000693,2015-06-11,49.64853,0.8946,24,3,1,1.0,1,76,30.0,7
201500000785,2015-07-24,49.18269,1.25726,15,3,1,1.0,1,27,6.0,15
201500000789,2015-11-28,49.19361,1.33205,66,3,1,1.0,1,27,580.0,11
201500000835,2015-07-31,48.21665,-1.59149,52,3,1,7.0,1,35,60.0,9
201500000857,2015-11-01,48.0784,-1.84384,59,4,2,1.0,1,35,59.0,12
201500000865,2015-08-18,48.34869,-1.26208,51,3,1,1.0,1,35,80.0,10
201500000942,2015-08-02,48.18768,-1.32166,59,3,1,1.0,1,35,60.0,10
201500000958,2015-07-04,48.08536,-1.48281,79,2,2,1.0,1,35,42.0,9
201500001016,2015-08-06,48.4697,-2.88259,53,3,1,1.0,2,22,37.0,20
201500001063,2015-07-29,48.0843,-4.40212,68,4,1,7.0,1,29,65.0,9
201500001076,2015-08-21,47.86017,-4.02206,46,3,1,7.0,1,29,67.0,16
201500001092,2015-12-20,48.45013,-4.33164,6,3,1,2.0,1,29,50.0,16
201500001118,2015-05-14,48.50597,-4.58269,57,3,1,1.0,1,29,60.0,10
201500001139,2015-01-17,48.27487,-3.55844,55,3,2,2.0,1,29,60.0,14
201500001149,2015-04-08,48.17034,-3.8113,65,3,1,1.0,1,29,64.0,17
201500001156,2015-07-22,48.25712,-4.53816,56,4,1,1.0,1,29,60.0,15
201500001161,2015-10-12,48.24842,-4.41844,42,4,1,1.0,5,29,70.0,7
201500001174,2015-02-22,48.49917,-4.17386,48,3,1,2.0,1,29,115.0,10
201500001198,2015-10-13,47.69356,-2.80784,9,3,1,1.0,1,56,39.0,16
201500001208,2015-09-27,47.55954,-2.39514,44,3,1,1.0,1,56,79.0,16
201500001248,2015-04-27,48.0776,-2.29033,14,3,2,1.0,1,56,80.0,8
201500001314,2015-06-01,49.3149,-0.35538,12,3,1,1.0,1,14,61.0,16
201500001336,2015-06-07,49.2912,-0.28261,56,3,2,1.0,1,14,60.0,11
201500001347,2015-10-20,49.2308,-0.21643,69,3,1,1.0,1,14,46.0,15
201500001382,2015-01-28,49.0729,-0.07597,17,4,1,1.0,5,14,70.0,8
201500001407,2015-07-16,49.2639,-0.04287,39,3,1,1.0,1,14,30.0,12
201500001438,2015-12-28,49.2201,-1.10227,68,3,1,1.0,1,50,45.0,15
201500001487,2015-09-02,48.7985,-1.52158,46,3,1,1.0,2,50,80.0,21
201500001497,2015-04-10,48.7146,-1.17902,29,4,1,2.0,2,50,46.0,20
201500001504,2015-01-11,49.6709,-1.8541,50,3,1,7.0,1,50,100.0,10
201500001504,2015-01-11,49.6709,-1.8541,59,2,1,7.0,1,50,100.0,10
201500001637,2015-11-06,46.17672,5.23421,66,3,1,1.0,1,01,50.0,14
201500001685,2015-07-10,48.69722,-0.36888,17,3,1,1.0,1,61,65.0,13
201500001759,2015-05-17,47.14429,-1.25198,51,3,1,1.0,1,44,70.0,9
201500001796,2015-09-06,47.70019,-1.35142,68,2,1,1.0,3,44,60.0,5
201500001806,2015-06-23,47.46857,-1.83713,40,3,1,1.0,2,44,62.0,21
201500001849,2015-08-20,47.076,-1.885,64,3,2,1.0,1,44,53.0,11
201500001904,2015-09-09,47.44654,-2.26458,29,4,1,1.0,1,44,62.0,13
201500001982,2015-12-06,47.19869,-0.71855,53,3,1,8.0,2,49,60.0,8
201500002018,2015-05-21,47.35405,-0.08286,17,3,2,1.0,1,49,77.0,15
201500002019,2015-06-01,47.28685,0.01626,9,3,1,1.0,1,49,30.0,18
201500002019,2015-06-01,47.28685,0.01626,3,1,1,1.0,1,49,30.0,18
201500002019,2015-06-01,47.28685,0.01626,7,1,1,1.0,1,49,30.0,18
201500002027,2015-07-29,47.12745,-0.23793,62,3,1,1.0,1,49,40.0,20
201500002084,2015-06-06,47.86284,-0.5226,79,3,2,1.0,1,53,35.0,18
201500002178,2015-05-21,47.692,-0.044,18,3,1,1.0,1,72,70.0,7
201500002304,2015-06-08,46.45959,-0.79837,49,3,1,1.0,1,85,140.0,8
201500002313,2015-08-03,46.483,-1.1178,86,3,1,1.0,1,85,70.0,18
201500002332,2015-09-04,46.801,-0.941,63,2,1,1.0,1,85,48.0,17
201500002345,2015-03-25,46.78477,-1.73501,73,3,1,1.0,1,85,66.0,9
201500002352,2015-12-05,46.85874,-1.87167,69,3,1,7.0,1,85,60.0,9
201500002372,2015-03-23,46.79707,-2.047,80,2,2,1.0,1,85,78.0,12
201500002379,2015-08-22,46.79965,-2.08255,46,3,1,3.0,1,85,39.0,12
201500002467,2015-11-28,44.6869,-0.46306,61,3,1,1.0,1,33,51.0,9
201500002467,2015-11-28,44.6869,-0.46306,56,3,1,1.0,1,33,51.0,9
201500002485,2015-04-09,44.55065,-0.3169,62,3,1,1.0,1,33,61.0,15
201500002487,2015-08-15,44.63592,-0.32397,19,3,1,1.0,5,33,63.0,21
201500002509,2015-06-19,44.64031,0.05065,50,3,2,1.0,1,33,64.0,9
201500002551,2015-07-06,45.14726,-0.8251,76,3,1,1.0,1,33,65.0,9
201500002555,2015-07-25,45.51304,-1.12403,17,1,1,1.0,1,33,30.0,20
201500002576,2015-09-21,44.79012,-0.23332,66,3,1,1.0,1,33,30.0,14
201500002578,2015-12-14,44.86295,-0.25537,74,3,1,1.0,3,33,72.0,18
201500002603,2015-03-05,45.1385,0.75609,50,3,1,1.0,1,24,60.0,12
201500002635,2015-08-21,44.9138,0.61814,87,3,1,1.0,1,24,70.0,17
201500002636,2015-09-02,44.8055,0.56474,72,3,1,1.0,1,24,70.0,12
201500002643,2015-05-14,44.83663,0.33274,61,3,2,1.0,1,24,55.0,11
201500002649,2015-12-10,44.8111,0.47453,50,3,1,1.0,2,24,60.0,17
201500002677,2015-07-30,45.1213,0.208,70,3,1,1.0,1,24,38.0,17
201500002685,2015-02-22,44.7249,1.26798,67,3,1,1.0,1,24,56.0,17
201500002811,2015-11-06,43.65073,-0.52573,72,3,1,1.0,1,40,40.0,9
201500002825,2015-02-28,44.1124,0.52585,51,3,1,1.0,1,47,65.0,16
201500002833,2015-10-11,44.249,0.605,60,3,2,1.0,1,47,38.0,16
201500002896,2015-04-22,43.25264,-0.29566,52,3,1,1.0,1,64,56.0,15
201500002915,2015-09-03,43.26073,-0.06559,65,2,1,3.0,1,64,52.0,18
201500002924,2015-07-28,43.1696,-0.21617,63,3,1,1.0,1,64,80.0,8
201500002947,2015-08-05,43.36137,-1.58358,25,3,1,1.0,1,64,101.0,17
201500002961,2015-08-21,43.44622,-1.47481,36,3,1,1.0,1,64,30.0,10
201500002967,2015-11-07,43.36699,-1.4236,74,2,1,1.0,1,64,68.0,13
201500002971,2015-05-26,43.23939,-0.87893,53,3,1,1.0,1,64,105.0,6
201500002985,2015-07-23,43.36401,-1.07231,60,3,1,1.0,1,64,132.0,9
201500002992,2015-04-07,43.18791,-0.60673,15,3,1,1.0,1,64,60.0,19
201500003000,2015-12-11,43.19442,-0.61177,77,3,2,1.0,1,64,70.0,14
201500003092,2015-05-29,45.70266,0.17469,58,3,1,1.0,1,16,36.0,17
201500003156,2015-08-15,46.17082,-0.8988,44,4,1,1.0,1,17,47.0,11
201500003158,2015-09-30,46.30536,-1.07706,66,3,1,1.0,2,17,59.0,8
201500003159,2015-09-29,46.3127,-0.99133,80,3,2,1.0,1,17,80.0,9
201500003166,2015-04-29,46.15569,-1.33201,18,4,2,1.0,1,17,30.0,15
201500003176,2015-06-01,45.43561,-0.43671,64,3,2,1.0,1,17,63.0,12
201500003217,2015-08-09,45.92429,-1.32416,52,3,1,2.0,5,17,35.0,2
201500003219,2015-08-15,45.96791,-1.29482,47,4,2,1.0,1,17,125.0,18
201500003227,2015-06-05,45.75014,-1.11414,80,3,1,1.0,1,17,62.0,10
201500003287,2015-03-27,45.6957,-0.47939,51,3,1,7.0,1,17,68.0,9
201500003288,2015-06-18,45.82958,-0.89658,64,3,2,1.0,1,17,60.0,15
201500003288,2015-06-18,45.82958,-0.89658,60,3,1,1.0,1,17,60.0,15
201500003307,2015-08-16,46.05133,-0.708,80,3,1,1.0,1,17,62.0,8
201500003343,2015-04-08,45.8417,1.11174,62,3,1,1.0,1,87,60.0,19
201500003395,2015-12-11,45.896,1.03746,64,3,1,1.0,1,87,36.0,14
201500003420,2015-07-11,45.1375,1.44844,64,4,1,1.0,1,19,124.0,19
201500003439,2015-09-06,45.3029,1.41753,30,3,1,1.0,1,19,54.0,8
201500003472,2015-05-07,43.487,1.447,47,3,1,1.0,1,31,64.0,18
201500003492,2015-05-04,43.61286,1.26428,27,3,1,1.0,1,31,60.0,8
201500003581,2015-03-27,43.5343,1.22833,64,2,2,1.0,2,31,50.0,19
201500003582,2015-03-27,43.5667,1.28807,48,3,1,1.0,1,31,53.0,16
201500003598,2015-12-30,42.76872,0.61856,55,3,1,8.0,1,31,60.0,17
201500003626,2015-08-18,43.4297,1.76838,66,3,1,1.0,1,31,58.0,16
201500003665,2015-07-18,43.1241,1.34469,16,3,1,1.0,1,09,60.0,14
201500003677,2015-09-13,43.23939,1.62228,77,4,1,8.0,1,09,48.0,10
201500003677,2015-09-13,43.23939,1.62228,69,3,1,8.0,1,09,48.0,10
201500003689,2015-07-21,42.89843,1.31234,48,3,1,1.0,1,09,56.0,10
201500003704,2015-07-11,44.2387,2.30473,14,3,1,1.0,1,12,35.0,19
201500003725,2015-05-13,44.4506,2.25279,63,2,1,1.0,1,12,61.0,9
201500003755,2015-06-06,43.955,2.85643,63,3,2,1.0,1,12,62.0,19
201500003771,2015-12-16,44.3136,2.02674,36,3,1,7.0,1,12,70.0,13
201500003772,2015-01-02,44.5618,2.07487,79,3,1,7.0,1,12,80.0,14
201500003857,2015-01-21,43.5289,0.20149,52,3,1,1.0,1,32,60.0,14
201500003885,2015-06-11,44.50107,1.85056,49,3,1,1.0,1,46,67.0,11
201500003887,2015-03-18,44.74276,1.79161,51,3,1,1.0,1,46,34.0,7
201500003896,2015-06-27,44.8537,1.90591,68,3,1,1.0,1,46,62.0,12
201500003911,2015-04-19,43.1783,0.10238,28,4,1,1.0,1,65,70.0,17
201500003911,2015-04-19,43.1783,0.10238,29,3,2,1.0,1,65,70.0,17
201500003929,2015-12-10,43.35901,0.0693,76,3,1,1.0,1,65,95.0,16
201500003939,2015-08-11,42.9605,-0.21119,40,3,1,1.0,1,65,57.0,11
201500003942,2015-07-16,42.8972,0.10449,65,3,1,7.0,1,65,60.0,12
201500003943,2015-08-02,42.8334,7e-05,43,4,1,1.0,1,65,63.0,15
201500003943,2015-08-02,42.8334,7e-05,38,3,1,1.0,1,65,63.0,15
201500003948,2015-07-24,43.0665,0.14793,67,2,1,1.0,1,65,4.0,16
201500003951,2015-08-16,43.0373,0.1687,66,4,2,1.0,1,65,345.0,16
201500004098,2015-08-14,43.854,1.299,59,3,1,2.0,2,82,50.0,18
201500004287,2015-01-25,46.049,4.72173,18,3,1,1.0,3,69,38.0,19
201500004723,2015-05-02,49.67596,3.29774,32,2,1,2.0,5,02,50.0,22
201500004742,2015-06-02,45.32723,5.61048,37,3,1,1.0,1,38,105.0,17
201500004744,2015-11-20,45.28808,5.61893,57,2,1,2.0,1,38,21.0,10
201500004763,2015-12-10,45.08376,5.74279,43,4,1,1.0,1,38,91.0,11
201500004842,2015-03-18,47.33684,-1.53474,55,3,1,1.0,1,44,72.0,7
201500004849,2015-10-31,47.3006,-1.55242,63,3,2,1.0,1,44,60.0,17
201500004950,2015-07-04,45.3069,4.42643,66,3,1,7.0,1,42,38.0,11
201500004952,2015-07-24,45.3453,4.48302,80,2,1,9.0,1,42,62.0,9
201500004961,2015-05-31,45.48862,4.45006,14,4,1,1.0,1,42,70.0,11
201500004965,2015-08-07,45.52604,4.4625,61,3,1,7.0,1,42,62.0,8
201500004969,2015-02-12,45.60128,4.09302,57,3,1,1.0,1,42,90.0,15
201500005004,2015-04-24,45.71795,4.07374,68,3,1,1.0,1,42,40.0,16
201500005016,2015-09-10,45.71357,3.98081,54,3,1,1.0,1,42,60.0,17
201500005016,2015-09-10,45.71357,3.98081,38,1,1,1.0,1,42,60.0,17
201500005028,2015-02-20,45.68356,4.25892,72,2,1,1.0,1,42,55.0,16
201500005044,2015-06-24,45.37717,4.08857,67,3,1,1.0,1,42,54.0,16
201500005053,2015-03-17,45.5733,4.30151,57,4,1,1.0,1,42,60.0,15
201500005060,2015-08-25,45.63798,4.20608,50,3,1,7.0,1,42,134.0,17
201500005095,2015-02-24,45.81774,4.19555,15,4,1,1.0,1,42,44.0,16
201500005118,2015-10-01,45.70784,5.95689,54,3,1,1.0,1,73,65.0,11
201500005141,2015-08-30,45.52449,5.85388,82,3,1,1.0,1,73,66.0,18
201500005144,2015-09-24,45.59747,5.88479,43,3,1,1.0,2,73,75.0,19
201500005154,2015-10-31,45.66775,6.33826,52,3,2,1.0,1,73,62.0,16
201500005171,2015-04-10,45.4324,6.6923,63,2,1,1.0,1,73,68.0,14
201500005183,2015-06-26,45.23985,6.31561,39,3,1,1.0,1,73,62.0,11
201500005184,2015-07-19,45.27105,6.33666,52,3,1,1.0,1,73,65.0,7
201500005185,2015-08-29,45.08378,6.42768,41,3,1,1.0,1,73,60.0,15
201500005188,2015-07-21,45.41619,6.36245,31,3,1,1.0,1,73,85.0,12
201500005189,2015-07-25,45.39557,6.2679,61,3,1,1.0,1,73,65.0,11
201500005345,2015-09-02,45.7277,3.2427,47,3,1,1.0,2,63,66.0,6
201500005376,2015-06-09,45.67254,3.20803,43,4,2,1.0,1,63,113.0,10
201500005430,2015-06-24,46.025,3.366,64,2,2,7.0,1,63,58.0,19
201500005465,2015-07-31,46.773,2.928,17,3,1,1.0,1,03,61.0,17
201500005532,2015-03-17,46.06,3.573,65,3,1,1.0,1,03,50.0,15
201500005559,2015-06-28,45.148,2.506,63,3,1,1.0,1,15,56.0,11
201500005573,2015-08-16,45.036,3.085,47,3,2,1.0,1,15,70.0,8
201500005591,2015-08-28,45.33,3.84699,80,3,1,7.0,1,43,64.0,18
201500005593,2015-08-08,44.9689,4.30024,66,3,1,8.0,1,43,48.0,14
201500005596,2015-08-19,44.9831,4.06013,61,2,1,1.0,1,43,48.0,16
201500005695,2015-09-19,49.03803,6.06998,20,3,1,8.0,1,57,46.0,17
201500005797,2015-09-12,49.33484,6.26901,23,3,1,1.0,1,57,67.0,10
201500005811,2015-07-09,48.66353,6.30306,9,4,1,1.0,1,54,560.0,17
201500005811,2015-07-09,48.66353,6.30306,54,3,1,1.0,1,54,560.0,17
201500005812,2015-07-19,48.80275,6.31313,22,4,1,1.0,1,54,68.0,11
201500005823,2015-08-14,48.79005,6.14293,43,3,1,1.0,1,54,70.0,11
201500005876,2015-06-30,46.1412,3.40623,53,4,1,1.0,1,03,100.0,19
201500005885,2015-09-10,46.12259,3.42787,78,3,1,1.0,1,03,140.0,16
201500005927,2015-08-20,48.53509,6.46122,48,3,2,1.0,2,54,52.0,20
201500006015,2015-06-10,48.33446,6.2331,9,3,1,1.0,1,88,70.0,18
201500006031,2015-08-30,48.32491,6.72674,36,4,1,1.0,1,88,85.0,18
201500006057,2015-08-19,48.29698,5.89217,18,3,1,1.0,3,88,55.0,23
201500006060,2015-05-11,47.22498,4.6213,75,3,2,1.0,1,21,50.0,14
201500006065,2015-04-09,48.34558,6.13909,38,2,1,1.0,1,88,640.0,8
201500006094,2015-06-12,48.17249,6.92609,68,3,1,1.0,1,88,74.0,10
201500006108,2015-07-14,48.4038,6.84504,18,1,1,1.0,3,88,30.0,22
201500006263,2015-03-27,48.08081,7.39402,82,4,1,1.0,1,68,43.0,14
201500006264,2015-04-24,48.11609,7.53568,73,3,1,1.0,1,68,60.0,11
201500006273,2015-04-15,48.14587,7.17964,60,3,2,1.0,1,68,30.0,13
201500006278,2015-08-03,48.12525,7.09647,47,3,1,7.0,1,68,70.0,16
201500006300,2015-07-28,48.19383,7.31549,61,4,1,1.0,1,68,50.0,11
201500006307,2015-08-31,48.05383,7.25844,44,2,1,7.0,1,68,63.0,16
201500006311,2015-11-03,48.08233,7.32539,17,4,1,1.0,1,68,67.0,16
201500006316,2015-07-10,47.62677,7.2428,17,3,1,1.0,1,68,148.0,18
201500006339,2015-03-20,47.92814,7.35827,76,2,1,1.0,1,68,66.0,17
201500006343,2015-06-14,41.91278,7.57411,48,3,2,7.0,1,68,50.0,16
201500006346,2015-06-19,47.85856,7.33947,9,3,2,1.0,1,68,64.0,17
201500006352,2015-10-21,47.8736,7.51482,16,3,2,1.0,1,68,75.0,14
201500006356,2015-12-07,47.94235,7.41711,76,3,1,7.0,2,68,70.0,15
201500006361,2015-04-23,47.95524,7.21053,63,3,2,1.0,1,68,6.0,14
201500006362,2015-07-11,47.98613,7.22019,56,4,1,1.0,1,68,57.0,13
201500006363,2015-08-25,47.96026,7.21422,61,3,1,1.0,1,68,84.0,13
201500006381,2015-12-03,47.60062,7.58568,48,3,1,1.0,1,68,80.0,9
201500006393,2015-05-27,47.79592,7.11247,8,3,1,1.0,1,68,60.0,17
201500006398,2015-04-22,47.79807,7.17177,6,4,1,1.0,1,68,56.0,13
201500006411,2015-09-26,47.98636,6.96609,68,3,1,1.0,1,68,80.0,15
201500006435,2015-07-01,49.13215,4.5336,52,4,1,1.0,1,51,90.0,7
201500006474,2015-08-04,48.61366,3.75238,66,3,1,1.0,1,51,45.0,16
201500006506,2015-11-12,48.71552,4.58475,17,4,1,1.0,5,51,52.0,17
201500006531,2015-10-09,49.53079,4.37424,64,3,1,1.0,1,08,70.0,14
201500006539,2015-04-30,48.09115,3.92149,60,2,1,1.0,1,10,60.0,11
201500006541,2015-06-02,48.19093,4.06511,38,3,1,1.0,1,10,55.0,20
201500006545,2015-07-04,48.03742,3.90955,50,3,1,1.0,1,10,60.0,19
201500006547,2015-09-06,48.08781,3.89518,47,2,1,1.0,1,10,44.0,11
201500006634,2015-07-16,48.13551,5.08446,59,3,2,1.0,1,52,220.0,7
201500006650,2015-11-07,47.78006,5.40213,82,3,1,7.0,1,52,56.0,13
201500006654,2015-07-17,47.69163,5.45836,60,3,2,1.0,1,52,34.0,17
201500006677,2015-07-16,47.18845,5.39009,89,2,1,7.0,1,21,61.0,8
201500006696,2015-09-06,47.22268,4.94976,50,3,1,1.0,1,21,60.0,10
201500006827,2015-10-06,46.2728,4.79878,44,3,1,1.0,1,71,80.0,15
201500006856,2015-07-14,46.95634,4.3156,46,2,1,1.0,1,71,152.0,8
201500006898,2015-04-15,46.4837,3.98098,58,3,2,1.0,1,71,55.0,8
201500006932,2015-04-03,46.59099,4.99921,77,2,1,1.0,1,71,44.0,15
201500006942,2015-04-22,46.71402,4.31363,71,3,2,7.0,1,71,31.0,16
201500006967,2015-02-19,47.81896,3.53929,69,3,1,7.0,1,89,61.0,16
201500007070,2015-11-12,47.171,6.112,73,3,1,1.0,1,25,64.0,15
201500007154,2015-05-10,46.749,6.298,68,3,1,1.0,1,25,34.0,8
201500007157,2015-07-18,46.82801,6.29081,51,3,1,1.0,1,25,58.0,15
201500007158,2015-09-02,46.792,6.279,64,3,1,1.0,1,25,95.0,13
201500007292,2015-07-02,47.39,6.009,38,3,1,1.0,1,70,52.0,7
201500007311,2015-04-16,47.76,6.599,67,2,1,1.0,1,70,68.0,14
201500007323,2015-12-08,47.6466,6.77757,63,3,1,1.0,5,70,105.0,17
201500007434,2015-07-23,44.7992,4.935,63,3,1,1.0,1,26,32.0,9
201500007636,2015-05-12,43.84,5.964,47,3,2,1.0,1,04,70.0,20
201500007640,2015-08-04,43.762,5.893,51,4,2,1.0,5,04,65.0,21
201500007643,2015-11-26,43.775,5.879,71,2,1,1.0,1,04,68.0,14
201500007682,2015-07-25,43.941,6.532,30,3,2,1.0,1,04,60.0,18
201500007703,2015-05-31,43.98265,5.5595,33,3,1,1.0,1,04,75.0,12
201500007722,2015-05-11,44.27711,5.81684,54,3,1,1.0,1,05,6.0,18
201500007766,2015-07-21,44.55308,6.33267,16,3,1,8.0,1,05,60.0,15
201500007772,2015-06-23,44.64273,6.6619,60,4,1,1.0,1,05,60.0,10
201500007843,2015-02-12,43.78251,7.24513,59,3,1,1.0,1,06,75.0,16
201500007891,2015-07-08,43.67972,6.69639,68,2,1,1.0,1,83,58.0,12
201500007918,2015-05-27,43.592,6.287,45,3,1,1.0,1,83,20.0,9
201500007971,2015-07-28,43.38234,5.7384,61,3,1,1.0,1,83,63.0,10
201500008067,2015-06-20,43.14586,6.06736,57,3,1,1.0,1,83,83.0,19
201500008093,2015-01-15,43.93997,4.98365,50,3,1,1.0,1,84,35.0,13
201500008102,2015-06-26,43.92356,4.96924,84,3,1,1.0,1,84,115.0,9
201500008135,2015-09-01,43.72204,5.43612,12,3,1,1.0,1,84,56.0,12
201500008168,2015-03-23,44.0895,5.03619,9,3,1,7.0,2,84,50.0,17
201500008169,2015-04-25,44.16007,5.06915,38,2,1,1.0,3,84,40.0,9
201500008171,2015-06-05,44.09584,4.99331,55,3,1,1.0,1,84,80.0,13
201500008194,2015-01-15,43.65893,3.98107,74,4,1,1.0,1,34,70.0,9
201500008251,2015-02-28,43.79249,3.8754,43,3,1,1.0,1,34,70.0,16
201500008310,2015-10-16,43.44565,3.29593,7,4,1,1.0,1,34,75.0,17
201500008321,2015-07-28,43.31325,3.33402,37,3,1,1.0,1,34,99.0,14
201500008322,2015-08-13,43.26926,3.22038,47,3,1,2.0,1,34,77.0,9
201500008387,2015-06-09,43.236,2.272,46,1,1,1.0,1,11,62.0,11
201500008456,2015-10-31,43.26686,2.89854,55,3,1,1.0,1,11,70.0,9
201500008472,2015-10-31,43.56834,4.18889,65,4,1,1.0,1,30,70.0,17
201500008508,2015-10-07,43.68791,4.21367,72,3,1,7.0,1,30,94.0,9
201500008600,2015-04-13,44.21158,4.51816,45,3,1,1.0,1,30,60.0,15
201500008626,2015-07-14,43.9699,4.55445,55,3,1,1.0,1,30,51.0,12
201500008686,2015-11-29,44.3301,3.59079,68,4,2,1.0,1,48,35.0,11
201500008737,2015-12-28,42.63966,2.9733,57,2,1,7.0,1,66,87.0,16
201500008743,2015-07-21,42.82437,3.03515,72,4,1,1.0,1,66,90.0,12
201500008794,2015-01-24,41.83486,8.7788,48,3,1,1.0,1,2A,65.0,10
201500008810,2015-09-22,42.25882,8.67681,52,3,1,1.0,1,2A,47.0,10
201500008932,2015-05-24,44.89281,6.62867,69,4,1,1.0,1,05,60.0,12
201500008942,2015-12-29,44.90843,6.62705,47,4,1,1.0,2,05,73.0,17
201500008948,2015-05-11,44.56946,6.08657,5,3,1,1.0,1,05,61.0,17
201500008955,2015-08-05,44.59491,6.08064,57,3,1,1.0,1,05,75.0,16
201500008961,2015-10-10,44.54524,6.05344,61,4,1,1.0,1,05,56.0,16
201500008972,2015-03-09,44.54565,6.06315,49,4,1,1.0,1,05,100.0,17
201500008987,2015-04-12,49.035,1.82,53,3,1,1.0,1,78,60.0,9
201500009111,2015-07-12,48.761,2.173,39,4,1,1.0,1,91,100.0,11
201500009220,2015-04-19,48.73052,2.89573,13,2,2,1.0,1,77,54.0,18
201500009327,2015-01-30,48.04455,1.69802,14,4,2,8.0,2,45,60.0,8
201500009398,2015-01-20,47.80064,2.83657,37,2,1,5.0,3,45,56.0,7
201500009418,2015-07-02,48.15512,2.25773,18,2,1,1.0,1,45,73.0,20
201500009469,2015-03-12,48.4519,1.41736,74,2,1,1.0,1,28,82.0,13
201500009531,2015-04-26,48.06762,1.33502,50,4,1,8.0,1,28,60.0,10
201500009606,2015-10-04,46.518,1.46634,62,3,1,7.0,1,36,58.0,8
201500009631,2015-12-13,47.1735,1.55267,36,3,1,1.0,1,36,76.0,11
201500009766,2015-08-03,45.09358,-1.05036,48,2,1,8.0,1,33,40.0,17
201500009857,2015-05-18,43.34063,7.07034,69,3,1,1.0,1,06,84.0,11
201500009862,2015-04-08,43.59687,7.1141,34,3,2,1.0,1,06,50.0,9
201500009866,2015-06-23,43.60314,7.07442,19,3,1,1.0,1,06,70.0,15
201500009866,2015-06-23,43.60314,7.07442,18,4,1,1.0,1,06,70.0,15
201500009869,2015-06-29,43.55192,7.1288,45,4,1,1.0,1,06,65.0,12
201500009885,2015-07-30,43.55896,7.13546,49,2,2,1.0,1,06,70.0,7
201500009903,2015-09-11,43.55508,7.13339,68,3,1,1.0,1,06,66.0,8
201500009903,2015-09-11,43.55508,7.13339,51,3,2,1.0,1,06,66.0,8
201500010475,2015-12-30,43.7856,7.5077,52,1,1,1.0,2,06,50.0,8
201500010521,2015-01-03,43.76212,7.48472,52,1,1,1.0,1,06,72.0,11
201500010577,2015-01-10,43.7287,7.23759,44,3,1,1.0,1,06,50.0,12
201500011034,2015-09-07,43.71085,7.19457,50,3,1,1.0,1,06,62.0,11
201500011077,2015-10-01,43.70898,7.26282,43,1,1,1.0,1,06,70.0,10
201500011077,2015-10-01,43.70898,7.26282,66,4,1,1.0,1,06,70.0,10
201500011167,2015-11-27,43.70227,7.26252,59,4,1,1.0,1,06,80.0,15
201500011173,2015-11-30,43.69331,7.23055,52,4,1,1.0,5,06,82.0,19
201500011240,2015-08-12,44.77,3.028,64,3,1,1.0,1,15,65.0,11
201500011240,2015-08-12,44.77,3.028,64,1,1,1.0,1,15,65.0,11
201500011300,2015-12-15,44.941,4.86264,64,3,1,1.0,1,07,112.0,9
201500011327,2015-11-07,44.7274,4.59744,14,4,2,1.0,1,07,35.0,15
201500011327,2015-11-07,44.7274,4.59744,16,1,2,1.0,1,07,35.0,15
201500011425,2015-06-20,49.10949,2.6004,52,3,1,1.0,1,60,70.0,10
201500011615,2015-06-23,46.18475,-1.39203,87,4,2,1.0,1,17,55.0,8
201500011616,2015-07-31,46.16525,-1.35465,40,1,1,1.0,1,17,70.0,17
201500011617,2015-08-06,46.19607,-1.43168,44,3,2,1.0,1,17,86.0,18
201500011857,2015-06-02,43.526,1.459,41,3,1,1.0,1,31,60.0,8
201500011861,2015-01-16,44.9866,5.0447,19,3,1,1.0,3,26,40.0,7
201500011954,2015-07-18,44.9529,6.18322,64,2,1,1.0,1,38,51.0,13
201500012001,2015-07-10,42.85605,1.09203,78,3,1,1.0,1,09,510.0,13
201500012002,2015-08-20,42.93586,0.94237,29,3,1,1.0,1,09,6.0,14
201500012055,2015-07-09,48.32766,-1.04526,33,3,1,1.0,1,53,66.0,10
201500012066,2015-05-29,45.91007,-1.26453,62,3,2,1.0,1,17,70.0,9
201500012269,2015-08-05,42.15149,8.75506,63,3,1,1.0,1,2A,60.0,8
201500012278,2015-05-27,45.2332,5.7511,28,3,1,1.0,1,38,60.0,19
201500012362,2015-09-27,45.49227,4.15954,36,4,1,1.0,3,42,103.0,22
201500012372,2015-06-07,48.55,2.356,83,4,1,1.0,1,91,60.0,11
201500012372,2015-06-07,48.55,2.356,75,4,1,1.0,1,91,60.0,11
201500012412,2015-03-19,45.753,4.805,88,2,1,1.0,1,69,35.0,10
201500012595,2015-10-12,48.1619,4.52823,49,3,1,1.0,1,10,70.0,7
201500012615,2015-11-10,48.31786,4.09285,79,2,2,1.0,2,10,60.0,17
201500012699,2015-06-27,48.06768,-1.62131,21,2,2,1.0,4,35,81.0,23
201500012700,2015-09-05,48.04492,-1.6047,52,3,1,1.0,1,35,93.0,9
201500012707,2015-02-01,43.21525,2.37439,54,4,2,1.0,3,11,60.0,6
201500012730,2015-06-24,43.22231,2.39143,18,4,1,1.0,1,11,50.0,7
201500012739,2015-06-17,43.2094,2.38286,21,4,1,1.0,2,11,60.0,21
201500012765,2015-10-06,43.22577,2.34881,12,4,1,1.0,1,11,71.0,16
201500012898,2015-07-08,43.75738,4.34029,51,3,1,1.0,1,30,62.0,19
201500012919,2015-06-07,49.4258,0.27478,45,4,1,1.0,1,14,70.0,9
201500012922,2015-10-25,49.47825,0.26673,47,2,1,1.0,1,76,72.0,15
201500012967,2015-02-23,44.1018,3.08575,39,2,2,1.0,1,12,193.0,14
201500012983,2015-03-05,44.4058,2.55757,74,3,1,1.0,1,12,80.0,16
201500012986,2015-05-20,44.3517,2.5562,25,3,1,8.0,1,12,127.0,9
201500013170,2015-10-12,43.6614,4.64107,76,3,1,8.0,1,13,58.0,9
201500013188,2015-04-05,43.35714,5.36707,48,4,1,1.0,1,13,55.0,10
201500013249,2015-07-11,43.28142,5.51617,56,4,1,1.0,1,13,96.0,8
201500013280,2015-09-12,43.30876,5.60799,61,4,1,1.0,1,13,70.0,9
201500013311,2015-11-05,43.29643,5.58345,68,3,1,1.0,1,13,80.0,8
201500013329,2015-12-07,43.30974,5.57489,50,3,1,1.0,1,13,60.0,7
201500013329,2015-12-07,43.30974,5.57489,52,1,1,1.0,1,13,60.0,7
201500013417,2015-06-04,43.19947,5.60621,20,4,1,1.0,1,13,62.0,15
201500013474,2015-10-23,43.19071,5.63929,61,4,2,1.0,1,13,97.0,17
201500013490,2015-11-21,43.17883,5.61113,53,3,1,1.0,1,13,48.0,12
201500013496,2015-12-07,43.19244,5.60948,30,4,1,1.0,5,13,90.0,17
201500013576,2015-12-03,43.3011,5.38779,14,4,1,1.0,1,13,60.0,13
201500013582,2015-12-31,43.28088,5.38884,72,1,1,1.0,1,13,120.0,11
201500013675,2015-03-31,43.27655,5.39941,60,4,1,1.0,1,13,30.0,13
201500013728,2015-04-05,43.33147,5.39126,9,4,1,1.0,2,13,40.0,20
201500013805,2015-04-12,43.2721,5.39032,13,4,1,1.0,1,13,45.0,19
201500013807,2015-04-13,43.28369,5.38784,56,1,1,1.0,5,13,120.0,22
201500014037,2015-02-03,43.28436,5.38458,53,4,1,2.0,1,13,150.0,13
201500014103,2015-05-08,43.29321,5.37063,34,3,2,1.0,5,13,30.0,20
201500014130,2015-05-11,43.34055,5.34863,60,3,1,1.0,1,13,102.0,7
201500014192,2015-02-07,43.30769,5.46801,45,4,1,1.0,1,13,120.0,12
201500014265,2015-05-25,43.25684,5.37646,45,3,1,1.0,1,13,125.0,15
201500014291,2015-02-26,43.28161,5.38581,77,4,1,1.0,1,13,162.0,17
201500014347,2015-05-31,43.30985,5.3795,56,4,1,1.0,1,13,120.0,15
201500014407,2015-06-07,43.33825,5.4556,31,1,1,1.0,1,13,30.0,9
201500014422,2015-06-08,43.29067,5.37567,53,4,2,1.0,1,13,60.0,12
201500014769,2015-07-17,43.33104,5.43177,18,3,1,1.0,5,13,23.0,0
201500014888,2015-08-05,43.28568,5.42509,54,4,2,1.0,2,13,50.0,5
201500014926,2015-08-11,43.40973,5.3689,62,3,1,1.0,1,13,80.0,11
201500015065,2015-08-19,43.24632,5.43268,50,4,1,1.0,2,13,100.0,20
201500015065,2015-08-19,43.24632,5.43268,46,4,1,1.0,2,13,100.0,20
201500015074,2015-09-10,43.3632,5.49563,61,3,1,1.0,1,13,70.0,10
201500015083,2015-09-11,43.21969,5.34536,44,3,1,1.0,1,13,60.0,19
201500015087,2015-09-03,43.315,5.403,31,4,1,1.0,1,13,90.0,14
201500015183,2015-08-27,43.28668,5.35164,56,4,1,1.0,1,13,60.0,11
201500015404,2015-10-29,43.26698,5.37591,30,3,1,1.0,5,13,60.0,0
201500015466,2015-11-06,43.25428,5.38173,33,4,1,1.0,5,13,120.0,20
201500015530,2015-11-18,43.26827,5.39367,50,4,1,1.0,5,13,150.0,19
201500015863,2015-06-14,43.46502,4.94106,52,3,1,1.0,1,13,30.0,12
201500015951,2015-06-02,43.81295,4.62754,14,4,1,1.0,1,30,55.0,8
201500015952,2015-03-12,43.76738,4.69376,55,4,1,1.0,2,13,100.0,19
201500015960,2015-06-12,43.80785,4.627,73,4,1,1.0,1,30,60.0,9
201500015967,2015-06-23,43.8059,4.64263,28,4,1,1.0,1,30,60.0,10
201500015969,2015-06-25,43.79505,4.69603,47,4,1,1.0,1,13,85.0,8
201500016023,2015-03-23,43.42771,5.25678,47,4,1,1.0,1,13,45.0,17
201500016058,2015-04-18,43.4524,5.3588,47,4,1,1.0,1,13,110.0,10
201500016062,2015-04-22,43.4226,5.28144,9,4,2,1.0,1,13,50.0,11
201500016157,2015-08-20,43.42255,5.27146,52,4,1,1.0,1,13,60.0,10
201500016229,2015-11-15,43.47846,5.35608,56,4,1,1.0,1,13,55.0,11
201500016239,2015-12-01,43.42711,5.27131,53,4,1,1.0,1,13,70.0,12
201500016351,2015-06-08,47.80074,7.27708,34,3,1,1.0,2,68,70.0,4
201500016378,2015-03-25,49.1842,-0.38495,50,4,1,7.0,1,14,70.0,13
201500016395,2015-05-12,49.1998,-0.41312,22,3,2,7.0,1,14,60.0,19
201500016405,2015-06-02,49.2037,-0.2969,16,1,1,1.0,1,14,70.0,17
201500016410,2015-07-03,49.1898,-0.31243,41,3,1,1.0,2,14,70.0,22
201500016442,2015-10-26,49.1643,-0.30632,41,3,2,1.0,1,14,120.0,13
201500016487,2015-06-04,48.40363,5.68538,12,3,2,1.0,1,88,60.0,19
201500016489,2015-07-19,49.8161,4.74325,39,3,1,1.0,1,08,90.0,11
201500016546,2015-05-12,49.4006,0.24072,12,3,1,1.0,1,14,84.0,15
201500016692,2015-08-07,45.7122,1.47786,64,3,1,1.0,1,87,63.0,9
201500016706,2015-07-08,46.24372,2.04461,56,3,1,1.0,1,23,70.0,18
201500016722,2015-12-23,48.76883,0.96037,89,2,1,1.0,1,27,570.0,11
201500016828,2015-06-06,47.2744,4.51625,63,3,2,7.0,1,21,40.0,15
201500016874,2015-02-16,44.983,4.533,63,2,1,1.0,1,07,76.0,10
201500016881,2015-04-12,45.52019,0.09478,12,3,2,7.0,1,16,41.0,18
201500016884,2015-11-04,45.53475,0.17771,57,2,1,7.0,1,16,70.0,16
201500016930,2015-06-19,46.4132,1.6286,53,3,1,1.0,1,36,30.0,17
201500016958,2015-04-24,48.419,4.521,16,3,1,1.0,1,10,66.0,20
201500016985,2015-09-09,45.0931,3.90637,68,3,1,1.0,1,43,80.0,17
201500016989,2015-10-26,45.1107,3.94128,44,3,1,1.0,1,43,46.0,13
201500016993,2015-12-27,45.1553,3.82448,39,3,1,1.0,1,43,65.0,15
201500017021,2015-08-20,46.731,2.495,56,3,1,1.0,1,18,86.0,11
201500017032,2015-04-23,46.80274,2.45543,8,3,1,1.0,1,18,48.0,12
201500017070,2015-04-14,45.6264,6.32011,80,3,1,1.0,1,73,140.0,10
201500017072,2015-01-10,45.27568,6.35577,28,3,1,1.0,5,73,65.0,19
201500017099,2015-08-20,43.31895,-0.58229,45,3,1,1.0,2,64,64.0,19
201500017110,2015-12-02,47.75031,1.99369,66,3,1,7.0,2,45,63.0,16
201500017110,2015-12-02,47.75031,1.99369,76,3,1,7.0,2,45,63.0,16
201500017273,2015-04-13,49.4051,-1.19385,86,3,1,5.0,1,50,80.0,15
201500017293,2015-09-24,44.42164,5.98807,67,3,1,1.0,1,05,60.0,16
201500017301,2015-08-19,44.64792,6.08638,19,3,2,1.0,1,05,73.0,16
201500017321,2015-08-24,49.231,-1.00196,38,3,1,1.0,1,14,70.0,15
201500017354,2015-10-28,49.0218,-0.47981,28,3,1,1.0,1,14,50.0,9
201500017615,2015-09-01,45.233,2.362,62,3,2,1.0,1,15,60.0,16
201500017626,2015-06-18,46.278,2.646,66,3,1,1.0,1,03,55.0,11
201500017731,2015-07-31,45.32171,6.01853,20,2,1,1.0,1,38,57.0,15
201500017732,2015-12-03,45.33754,6.00047,70,2,1,9.0,2,38,70.0,17
201500017739,2015-01-05,45.18223,5.40717,42,3,1,1.0,1,38,40.0,16
201500017809,2015-06-04,48.63337,-1.95009,43,3,1,1.0,1,35,52.0,6
201500017810,2015-06-16,48.60811,-1.81184,68,4,1,1.0,1,35,62.0,10
201500017816,2015-09-24,48.63608,-1.92518,34,2,1,1.0,3,35,63.0,21
201500017891,2015-03-05,48.62243,-2.83739,58,4,1,1.0,1,22,40.0,13
201500017925,2015-10-03,48.41544,-2.6256,54,3,1,1.0,1,22,45.0,16
201500017940,2015-03-05,48.67244,-3.22538,54,3,1,1.0,1,22,32.0,16
201500017952,2015-04-20,48.2946,-3.51992,13,3,1,1.0,1,22,71.0,19
201500017964,2015-08-01,48.67951,-3.52623,43,3,1,1.0,1,22,55.0,19
201500017973,2015-09-19,48.79506,-3.13914,9,3,1,1.0,1,22,50.0,11
201500017986,2015-06-13,47.54967,7.44033,79,3,1,1.0,1,68,61.0,10
201500018003,2015-06-22,43.39667,3.32834,69,2,2,1.0,1,34,107.0,9
201500018003,2015-06-22,43.39667,3.32834,70,3,1,1.0,1,34,107.0,9
201500018030,2015-07-10,44.8819,2.43005,55,2,1,7.0,1,15,60.0,7
201500018090,2015-10-28,47.34596,1.72898,57,3,1,1.0,1,41,80.0,17
201500018093,2015-04-04,47.32,1.126,16,3,2,8.0,1,41,45.0,14
201500018094,2015-05-10,47.449,1.175,56,3,1,1.0,1,41,45.0,9
201500018097,2015-08-03,47.32831,1.18595,17,3,2,1.0,1,41,42.0,16
201500018129,2015-05-22,48.0,0.928,53,4,2,1.0,1,41,63.0,16
201500018129,2015-05-22,48.0,0.928,63,4,1,1.0,1,41,63.0,16
201500018193,2015-03-20,44.4282,2.0381,42,3,2,1.0,1,12,76.0,15
201500018199,2015-07-23,47.46501,-0.40124,77,3,1,1.0,1,49,66.0,11
201500018206,2015-05-10,47.31205,-0.94084,43,3,1,1.0,1,49,45.0,10
201500018208,2015-06-25,47.13783,-0.57457,71,2,1,1.0,3,49,75.0,23
201500018237,2015-08-25,48.74907,0.02227,43,3,1,1.0,1,61,111.0,9
201500018261,2015-04-21,50.04917,1.40625,79,2,1,7.0,1,76,53.0,9
201500018313,2015-09-05,46.16274,2.84077,7,3,1,1.0,2,63,35.0,20
201500018345,2015-04-22,47.91419,3.34741,50,2,2,1.0,1,89,60.0,16
201500018359,2015-03-27,46.96616,4.29405,42,4,1,1.0,1,71,70.0,8
201500018482,2015-05-27,43.8833,1.25392,75,2,1,1.0,1,82,90.0,10
201500018508,2015-04-27,49.83613,2.16196,18,3,1,1.0,1,80,60.0,14
201500018538,2015-09-25,50.13136,1.88712,11,3,1,1.0,1,80,50.0,17
201500018562,2015-11-09,50.09578,1.56841,58,2,2,7.0,2,80,51.0,17
201500018577,2015-08-23,50.22212,1.63269,61,3,2,2.0,1,80,65.0,10
201500018581,2015-09-08,50.16584,1.72524,66,3,1,1.0,1,80,76.0,16
201500018609,2015-07-06,49.66875,2.60202,71,3,1,1.0,1,80,67.0,11
201500018647,2015-10-24,49.84281,2.6947,65,4,2,1.0,3,80,50.0,6
201500018704,2015-04-16,46.2707,-0.44704,27,4,1,1.0,1,79,35.0,16
201500018727,2015-06-30,46.39407,-0.14813,67,3,1,1.0,1,79,37.0,10
201500018741,2015-02-08,47.02879,-0.14917,59,2,1,6.0,1,79,50.0,12
201500018780,2015-07-10,49.81449,0.95068,55,4,1,7.0,1,76,60.0,8
201500018794,2015-08-05,49.80152,1.65717,13,3,1,1.0,1,76,60.0,16
201500018802,2015-09-19,49.73005,0.74461,12,3,1,1.0,1,76,42.0,15
201500018875,2015-04-20,47.245,5.87,12,3,1,1.0,1,25,50.0,10
201500018906,2015-07-25,47.59103,-3.1325,73,2,1,1.0,3,56,70.0,0
201500018907,2015-07-25,47.48042,-3.1172,56,4,2,1.0,1,56,60.0,17
201500018913,2015-08-31,47.7791,-3.0075,58,3,1,8.0,1,56,650.0,9
201500018944,2015-11-04,47.81022,-2.34037,59,3,1,1.0,1,56,65.0,10
201500018955,2015-06-18,47.84344,-2.73515,13,3,1,1.0,1,56,79.0,17
201500019005,2015-10-09,48.87394,3.54216,11,2,1,1.0,1,51,60.0,17
201500019140,2015-02-10,43.69102,3.87989,57,3,1,1.0,1,34,60.0,16
201500019149,2015-05-16,45.64158,0.18678,11,1,1,1.0,1,16,53.0,17
201500019158,2015-05-09,45.6518,0.15481,28,3,1,1.0,5,16,34.0,23
201500019167,2015-07-10,45.62755,0.15763,41,4,1,1.0,1,16,58.0,19
201500019187,2015-08-10,45.65279,0.14675,83,3,1,1.0,1,16,15.0,15
201500019194,2015-01-17,45.65876,0.17097,42,3,1,1.0,1,16,100.0,10
201500019197,2015-01-30,45.65788,0.14149,28,1,2,1.0,5,16,103.0,8
201500019198,2015-02-11,45.65347,0.12705,46,3,2,1.0,1,16,67.0,10
201500019207,2015-02-27,45.63792,0.12947,16,3,1,1.0,5,16,63.0,23
201500019216,2015-09-08,45.69177,-0.30726,25,1,1,1.0,1,16,51.0,17
201500019219,2015-10-09,45.68871,-0.33661,55,4,1,1.0,1,16,70.0,10
201500019234,2015-01-09,45.93134,-0.9656,14,4,1,1.0,5,17,55.0,7
201500019239,2015-04-24,45.92558,-0.96008,66,4,2,1.0,1,17,90.0,10
201500019253,2015-06-04,45.91724,-0.96073,64,4,2,1.0,1,17,65.0,18
201500019261,2015-07-28,45.93052,-0.96052,53,4,1,1.0,1,17,62.0,9
201500019267,2015-08-20,45.95205,-0.95267,72,3,2,1.0,1,17,59.0,10
201500019274,2015-10-01,45.93464,0.95967,23,4,2,1.0,1,17,75.0,12
201500019455,2015-10-08,46.15556,-1.11882,33,4,1,1.0,1,17,5.0,16
201500019485,2015-11-20,46.0,-1.0,23,4,1,1.0,2,17,40.0,8
201500019505,2015-12-11,46.16827,-1.17763,48,4,1,1.0,2,17,50.0,8
201500019509,2015-12-14,46.17151,-1.1233,38,4,1,1.0,1,17,150.0,14
201500019510,2015-12-16,46.1568,-1.14976,43,4,2,1.0,1,17,70.0,15
201500019625,2015-03-04,45.74872,-0.6442,23,4,2,1.0,1,17,60.0,9
201500019635,2015-02-06,45.74017,-0.64201,20,4,1,1.0,2,17,60.0,18
201500019643,2015-04-13,45.74748,-0.63845,18,4,1,1.0,1,17,60.0,19
201500019643,2015-04-13,45.74748,-0.63845,17,4,1,1.0,1,17,60.0,19
201500019644,2015-04-16,45.74579,-0.59017,42,4,2,1.0,1,17,80.0,9
201500019703,2015-02-19,44.08444,4.70503,51,3,1,1.0,1,30,70.0,15
201500019706,2015-04-30,44.10628,4.59207,11,3,1,1.0,1,30,65.0,18
201500019718,2015-12-09,44.13443,4.60484,11,3,2,1.0,5,30,60.0,18
201500019778,2015-05-03,47.36772,4.77506,64,3,1,2.0,1,21,70.0,17
201500019779,2015-06-11,47.31846,4.91035,62,3,1,1.0,1,21,69.0,10
201500019824,2015-05-07,49.1029,-0.16355,63,2,1,1.0,1,14,85.0,13
201500019835,2015-03-14,47.10386,2.40983,32,4,1,1.0,1,18,117.0,13
201500019837,2015-03-17,47.06096,2.41282,16,4,1,1.0,1,18,66.0,17
201500019846,2015-05-31,47.0752,2.41314,5,4,1,1.0,1,18,60.0,13
201500019881,2015-01-12,47.06124,2.3859,65,3,1,1.0,1,18,100.0,11
201500020011,2015-04-16,47.22132,2.06764,19,4,1,1.0,1,18,55.0,13
201500020018,2015-07-15,47.21907,2.09129,62,4,1,7.0,1,18,70.0,9
201500020029,2015-09-11,47.2099,2.09851,45,3,1,7.0,1,18,55.0,10
201500020067,2015-06-11,43.12451,6.35715,43,4,1,1.0,1,83,65.0,18
201500020069,2015-06-15,43.15024,6.31217,66,4,1,1.0,1,83,36.0,8
201500020071,2015-07-07,43.17351,6.44586,56,3,1,1.0,2,83,40.0,20
201500020074,2015-07-24,43.13811,6.37288,55,3,1,1.0,1,83,61.0,18
201500020246,2015-06-21,45.5529,2.32283,12,4,1,1.0,1,19,59.0,10
201500020294,2015-05-10,47.304,5.02259,7,3,1,1.0,1,21,33.0,21
201500020301,2015-08-03,47.33086,5.05645,9,4,1,1.0,1,21,100.0,18
201500020302,2015-08-04,47.31603,5.0269,26,4,1,1.0,1,21,71.0,20
201500020354,2015-10-06,48.73903,-3.45768,82,2,1,2.0,1,22,70.0,10
201500020357,2015-09-16,48.73293,-3.47437,44,4,1,2.0,1,22,51.0,10
201500020377,2015-03-04,48.494,-2.7774,14,4,1,1.0,1,22,70.0,17
201500020410,2015-06-15,48.49461,-2.74363,44,3,2,1.0,1,22,68.0,17
201500020426,2015-07-21,48.51692,-2.82373,31,4,1,1.0,1,22,36.0,9
201500020465,2015-01-06,48.50687,-2.74961,31,4,1,1.0,1,22,67.0,15
201500020483,2015-02-09,48.49867,-2.77174,48,4,1,1.0,1,22,70.0,15
201500020500,2015-08-25,44.8418,0.54934,65,3,1,1.0,1,24,50.0,17
201500020511,2015-03-27,45.1768,0.72414,14,3,1,1.0,1,24,70.0,12
201500020515,2015-04-30,45.1972,0.70043,76,3,1,1.0,1,24,90.0,14
201500020690,2015-05-14,46.90588,6.35757,40,4,1,1.0,1,25,30.0,12
201500020696,2015-07-02,46.90563,6.3517,50,4,1,1.0,1,25,42.0,19
201500020697,2015-07-14,46.9099,6.347,20,3,2,1.0,1,25,42.0,14
201500020702,2015-09-08,46.90993,6.35497,43,3,1,1.0,2,25,78.0,20
201500020704,2015-09-24,46.93224,6.36648,43,4,1,1.0,1,25,70.0,13
201500020733,2015-04-21,50.95204,2.39542,47,2,1,7.0,1,59,60.0,7
201500020741,2015-09-10,46.24506,0.03226,56,2,1,1.0,1,79,50.0,18
201500020747,2015-03-08,50.4847,1.6286,83,4,1,1.0,1,62,65.0,9
201500020749,2015-04-22,50.47613,1.60188,80,3,2,1.0,1,62,41.0,11
201500020814,2015-01-09,45.0566,5.0573,13,4,1,1.0,2,26,60.0,7
201500020841,2015-06-26,45.0492,5.0511,13,4,1,1.0,1,26,30.0,16
201500020881,2015-12-11,45.0426,5.058,50,4,1,1.0,5,26,70.0,7
201500020898,2015-01-07,44.929,4.8988,58,3,1,1.0,1,26,12.0,9
201500020904,2015-01-28,44.8861,4.8861,56,4,1,1.0,5,26,35.0,20
201500020911,2015-04-20,44.9281,4.8997,63,4,1,1.0,1,26,36.0,9
201500020920,2015-02-28,44.9411,4.8936,58,4,1,1.0,1,26,30.0,14
201500020952,2015-11-16,44.9293,4.9083,40,3,1,1.0,5,26,100.0,18
201500021007,2015-08-14,50.8263,1.90269,15,3,2,1.0,1,62,39.0,15
201500021096,2015-07-10,49.07906,1.48829,11,4,1,1.0,1,27,58.0,16
201500021169,2015-02-09,48.44182,1.47587,33,4,1,1.0,2,28,70.0,7
201500021170,2015-02-04,48.43552,1.479,22,4,1,1.0,5,28,60.0,20
201500021193,2015-03-04,48.44725,1.45121,18,3,1,1.0,1,28,80.0,13
201500021270,2015-07-16,48.44059,1.50696,62,4,2,1.0,1,28,80.0,9
201500021286,2015-04-18,46.11038,3.97773,73,4,1,1.0,1,42,70.0,15
201500021294,2015-11-01,46.13628,4.01268,56,4,2,1.0,1,42,60.0,10
201500021341,2015-08-29,48.8918,-0.82663,9,3,1,1.0,1,14,25.0,19
201500021462,2015-05-01,47.86499,-1.87854,51,4,1,2.0,1,35,60.0,8
201500021567,2015-05-24,48.40019,-4.4449,57,3,1,1.0,1,29,95.0,10
201500021579,2015-06-29,48.40469,-4.5096,38,3,1,1.0,1,29,65.0,8
201500021699,2015-03-23,47.89967,-3.91189,46,3,1,1.0,1,29,70.0,16
201500021728,2015-08-09,47.88248,-3.92408,58,4,1,1.0,1,29,100.0,8
201500021729,2015-10-09,47.88268,-3.92406,58,4,1,1.0,1,29,100.0,8
201500021800,2015-04-18,47.99738,-4.11929,19,1,1,1.0,2,29,130.0,20
201500021836,2015-07-02,47.99601,-4.11015,17,3,2,1.0,1,29,30.0,19
201500021838,2015-07-07,48.0092,-4.02697,61,3,1,1.0,1,29,80.0,10
201500021978,2015-06-20,44.16158,4.61993,14,4,1,1.0,1,30,35.0,16
201500021983,2015-07-16,44.16128,4.62441,10,4,1,1.0,2,30,65.0,20
201500022005,2015-12-26,43.85481,4.32172,85,3,1,1.0,1,30,83.0,12
201500022040,2015-04-06,43.82706,4.33142,18,3,1,1.0,5,30,93.0,20
201500022074,2015-04-30,43.82946,4.36165,34,3,1,1.0,1,30,60.0,15
201500022079,2015-05-12,43.81857,4.34197,59,4,1,1.0,1,30,79.0,18
201500022089,2015-05-22,43.82839,4.35994,13,4,1,1.0,1,30,70.0,11
201500022097,2015-05-25,43.83322,4.35925,50,4,1,1.0,1,30,70.0,17
201500022113,2015-06-21,43.82507,4.35406,27,4,1,1.0,1,30,68.0,13
201500022118,2015-06-25,43.80997,4.35518,53,3,1,1.0,1,30,75.0,17
201500022156,2015-08-20,43.83797,4.34508,45,4,1,1.0,1,30,100.0,18
201500022188,2015-11-19,43.83183,4.35754,58,4,1,1.0,2,30,60.0,18
201500022197,2015-10-29,43.84721,4.383,31,4,1,1.0,5,30,78.0,17
201500022211,2015-08-15,45.9452,3.1396,75,4,1,1.0,1,63,51.0,9
201500022292,2015-06-28,48.41237,-1.92421,65,4,1,1.0,1,35,69.0,10
201500022292,2015-06-28,48.41237,-1.92421,63,3,1,1.0,1,35,69.0,10
201500022296,2015-09-16,48.36647,-1.86297,17,3,1,2.0,1,35,35.0,8
201500022359,2015-07-26,43.10383,0.7103,66,3,1,1.0,1,31,78.0,11
201500022384,2015-12-17,43.10892,0.72228,79,4,1,1.0,1,31,77.0,15
201500022570,2015-05-04,43.61028,1.33361,12,4,2,1.0,1,31,70.0,16
201500023042,2015-02-26,48.37588,4.02218,76,3,1,8.0,2,10,60.0,18
201500023158,2015-11-20,43.52041,1.49793,56,3,1,1.0,5,31,76.0,21
201500023165,2015-03-16,47.731,1.272,68,3,1,1.0,1,41,40.0,13
201500023171,2015-06-03,47.579,1.232,25,3,1,1.0,1,41,70.0,17
201500023182,2015-04-11,44.61772,-1.11469,69,4,1,1.0,1,33,40.0,12
201500023184,2015-04-23,44.65359,-1.15909,44,4,2,1.0,1,33,50.0,15
201500023192,2015-06-20,44.62618,-1.13919,78,3,1,1.0,1,33,50.0,10
201500023193,2015-06-23,44.62649,-1.14127,23,4,1,1.0,1,33,90.0,8
201500023194,2015-06-23,44.61833,-1.12555,44,4,2,1.0,1,33,60.0,16
201500023198,2015-07-23,44.66141,-1.17436,59,4,1,1.0,1,33,65.0,17
201500023199,2015-08-02,44.64541,-1.19454,13,4,1,7.0,1,33,60.0,13
201500023202,2015-08-15,44.63612,-1.14456,63,3,2,1.0,1,33,75.0,17
201500023203,2015-08-18,44.65772,-1.15857,11,4,1,1.0,1,33,70.0,18
201500023206,2015-08-21,44.64713,1.19244,8,3,1,1.0,1,33,100.0,12
201500023207,2015-08-24,44.61569,-1.12668,24,4,1,3.0,1,33,120.0,12
201500023216,2015-11-08,44.61772,-1.11669,49,3,1,1.0,5,33,60.0,19
201500023217,2015-11-02,44.62932,-1.14141,77,3,1,1.0,1,33,57.0,9
201500023234,2015-12-28,44.8823,-0.62104,45,4,1,1.0,1,33,74.0,12
201500023258,2015-03-19,44.8458,-0.52293,48,4,1,1.0,1,33,60.0,7
201500023286,2015-04-04,44.8363,-0.56606,34,4,1,2.0,5,33,37.0,1
201500023292,2015-04-03,44.8381,-0.58289,21,3,1,1.0,5,33,66.0,0
201500023295,2015-04-03,44.9055,-0.5172,33,4,1,1.0,1,33,20.0,16
201500023305,2015-04-11,44.84416,-0.58889,28,4,1,1.0,1,33,30.0,18
201500023307,2015-04-10,44.84208,-0.59417,20,4,1,1.0,2,33,45.0,21
201500023315,2015-04-06,44.7864,-0.66471,48,3,2,1.0,1,33,80.0,16
201500023325,2015-04-08,44.86016,-0.49797,56,3,2,1.0,1,33,100.0,8
201500023332,2015-04-16,44.8628,-0.58365,37,3,2,1.0,1,33,80.0,14
201500023345,2015-04-17,44.8455,-0.59408,16,3,1,1.0,1,33,78.0,14
201500023346,2015-04-18,44.8275,-0.57584,28,3,1,3.0,2,33,91.0,21
201500023355,2015-04-23,44.8276,-0.60191,49,3,2,8.0,1,33,70.0,15
201500023362,2015-04-22,44.8731,-0.51152,72,4,1,1.0,1,33,94.0,13
201500023381,2015-05-05,44.8339,-0.57708,53,4,1,6.0,1,33,30.0,7
201500023391,2015-05-11,44.8426,-0.49942,79,3,1,1.0,1,33,101.0,8
201500023416,2015-05-18,44.861,-0.56917,26,4,2,1.0,2,33,98.0,5
201500023418,2015-05-13,44.8284,-0.61943,37,4,1,1.0,1,33,70.0,20
201500023429,2015-05-23,44.8415,-0.56945,23,4,1,1.0,5,33,155.0,0
201500023436,2015-05-15,44.81822,-0.58481,20,4,1,1.0,5,33,350.0,23
201500023436,2015-05-15,44.81822,-0.58481,21,1,2,1.0,5,33,350.0,23
201500023446,2015-05-24,44.8496,-0.53456,11,3,1,1.0,1,33,67.0,10
201500023447,2015-05-28,44.8307,-0.60128,29,4,1,1.0,1,33,70.0,19
201500023447,2015-05-28,44.8307,-0.60128,24,4,1,1.0,1,33,70.0,19
201500023454,2015-05-27,44.8292,-0.56831,31,3,2,1.0,1,33,110.0,15
201500023463,2015-05-27,44.8626,-0.65057,10,4,1,1.0,1,33,135.0,8
201500023463,2015-05-27,44.8626,-0.65057,41,3,2,1.0,1,33,135.0,8
201500023499,2015-06-02,44.7661,-0.61864,53,4,2,1.0,1,33,130.0,8
201500023562,2015-06-27,44.8128,-0.66475,56,4,1,1.0,1,33,900.0,16
201500023569,2015-07-04,44.8373,-0.56452,24,1,1,1.0,5,33,192.0,0
201500023574,2015-06-26,44.8001,-0.67672,10,4,1,1.0,1,33,55.0,8
201500023575,2015-06-26,44.79965,-0.66861,47,4,1,1.0,1,33,34.0,7
201500023591,2015-07-09,44.8492,-0.66636,53,4,2,1.0,1,33,90.0,8
201500023596,2015-07-16,44.83567,-0.5674,42,1,1,1.0,5,33,36.0,2
201500023610,2015-06-19,44.82651,-0.66389,73,3,1,1.0,1,33,820.0,9
201500023635,2015-07-21,44.8174,-0.66588,37,4,2,1.0,1,33,95.0,18
201500023715,2015-08-27,44.8571,-0.49415,68,4,1,1.0,1,33,84.0,14
201500023740,2015-09-08,44.8364,-0.58102,35,1,1,1.0,1,33,198.0,13
201500023742,2015-09-08,44.83004,-0.5808,20,4,1,1.0,1,33,70.0,12
201500023796,2015-09-17,44.85572,-0.62551,15,4,1,1.0,1,33,95.0,18
201500023796,2015-09-17,44.85572,-0.62551,14,4,1,1.0,1,33,95.0,18
201500023816,2015-09-30,44.85603,-0.57009,52,4,2,1.0,5,33,90.0,21
201500023833,2015-10-02,44.8336,-0.6179,25,4,2,1.0,1,33,50.0,9
201500023938,2015-10-30,44.79958,-0.54375,28,4,2,1.0,1,33,110.0,17
201500023983,2015-11-16,44.8509,-0.67842,24,4,1,1.0,1,33,60.0,12
201500024019,2015-11-29,44.7945,-0.61199,52,4,2,1.0,2,33,33.0,18
201500024027,2015-11-26,44.8244,-0.59108,19,4,1,2.0,1,33,97.0,16
201500024027,2015-11-26,44.8244,-0.59108,19,1,1,2.0,1,33,97.0,16
201500024040,2015-12-06,44.84005,-0.59175,65,4,1,1.0,1,33,30.0,9
201500024044,2015-12-06,44.86743,-0.57573,56,4,2,1.0,1,33,60.0,16
201500024047,2015-12-02,44.8745,-0.61883,6,4,1,1.0,1,33,162.0,13
201500024090,2015-12-09,44.79625,-0.59346,20,4,2,1.0,1,33,365.0,13
201500024091,2015-12-10,44.8075,-0.54887,83,4,1,1.0,1,33,425.0,7
201500024132,2015-12-30,44.83203,-0.59388,34,4,2,1.0,1,33,35.0,15
201500024142,2015-01-10,44.8213,-0.58277,22,4,1,1.0,5,33,70.0,4
201500024168,2015-01-16,44.8053,-0.65918,52,4,1,2.0,1,33,36.0,13
201500024252,2015-02-23,44.8241,-0.63643,57,4,1,3.0,2,33,700.0,7
201500024258,2015-02-27,44.8464,-0.63505,48,4,1,1.0,1,33,160.0,8
201500024266,2015-03-02,44.8319,-0.57727,23,4,2,1.0,5,33,95.0,19
201500024288,2015-03-13,44.8422,-0.58546,18,4,2,1.0,5,33,130.0,21
201500024326,2015-07-09,43.30481,3.45245,51,4,2,1.0,1,34,72.0,19
201500024326,2015-07-09,43.30481,3.45245,29,4,1,1.0,1,34,72.0,19
201500024330,2015-10-01,43.3126,3.48205,14,3,1,1.0,1,34,55.0,18
201500024397,2015-01-10,43.6219,3.84649,24,4,2,1.0,5,34,60.0,19
201500024405,2015-04-08,43.6,3.87669,17,4,1,1.0,5,34,75.0,21
201500024427,2015-04-20,43.6367,3.83154,21,4,2,1.0,1,34,45.0,15
201500024437,2015-05-11,43.57699,3.93303,61,3,1,1.0,1,34,161.0,8
201500024441,2015-02-24,43.6036,3.88915,59,4,1,1.0,1,34,120.0,8
201500024443,2015-02-24,43.603,3.88728,44,4,1,1.0,1,34,90.0,9
201500024444,2015-05-14,43.6176,3.88172,56,3,2,1.0,1,34,54.0,9
201500024469,2015-05-28,43.6108,3.91609,35,4,1,1.0,1,34,130.0,8
201500024475,2015-03-13,43.6229,3.8725,74,2,2,1.0,1,34,84.0,16
201500024476,2015-06-01,43.6285,3.84579,39,4,1,1.0,1,34,128.0,8
201500024478,2015-06-02,43.5814,3.86921,73,4,1,1.0,1,34,69.0,9
201500024505,2015-07-01,43.6029,3.85519,59,3,1,1.0,1,34,90.0,18
201500024509,2015-07-06,43.6235,3.89227,24,3,1,1.0,2,34,90.0,20
201500024514,2015-07-09,43.6051,3.85492,56,4,1,1.0,1,34,60.0,20
201500024519,2015-07-10,43.6219,3.88298,78,3,1,1.0,1,34,36.0,20
201500024539,2015-08-11,43.6087,3.84649,34,3,1,1.0,5,34,75.0,21
201500024551,2015-08-25,43.6085,3.867,31,4,1,1.0,1,34,30.0,10
201500024573,2015-09-30,43.6301,3.88575,31,4,1,1.0,1,34,60.0,9
201500024591,2015-10-17,43.6199,3.86533,22,4,1,1.0,5,34,116.0,19
201500024596,2015-10-23,43.6047,3.87901,40,4,2,1.0,5,34,40.0,19
201500024634,2015-11-30,43.6285,3.84581,45,3,1,1.0,2,34,67.0,18
201500024646,2015-12-09,43.6114,3.86654,41,1,1,1.0,1,34,30.0,14
201500025120,2015-11-30,48.08875,-1.64458,55,3,2,2.0,1,35,40.0,9
201500025123,2015-12-01,48.07496,-1.71248,23,3,1,1.0,5,35,50.0,4
201500025197,2015-11-29,46.8095,1.68348,17,4,1,1.0,1,36,70.0,8
201500025806,2015-12-17,47.4279,0.64325,53,3,1,8.0,5,37,50.0,22
201500025862,2015-04-22,45.19116,5.68302,57,3,2,1.0,1,38,58.0,14
201500025902,2015-06-12,45.18706,5.73061,30,1,2,2.0,1,38,57.0,16
201500025919,2015-07-23,45.20411,5.73521,33,2,1,1.0,1,38,31.0,14
201500025932,2015-09-18,45.17348,5.71783,53,4,1,1.0,1,38,56.0,8
201500025969,2015-12-10,45.19259,5.75379,75,4,2,1.0,1,38,60.0,10
201500025980,2015-04-22,45.5406,4.8577,56,3,2,1.0,1,38,62.0,11
201500026015,2015-11-05,45.3613,5.5715,42,3,1,1.0,1,38,78.0,16
201500026049,2015-02-24,43.71592,-1.05384,60,3,2,1.0,5,40,60.0,19
201500026069,2015-08-04,43.89837,-0.48056,44,3,1,1.0,1,40,49.0,19
201500026187,2015-05-06,45.36696,4.27858,74,3,1,1.0,1,42,59.0,9
201500026226,2015-12-03,46.03189,4.07125,12,1,1,1.0,1,42,80.0,13
201500026228,2015-12-09,46.03161,4.08249,65,4,1,1.0,1,42,64.0,10
201500026249,2015-12-21,46.04397,4.03686,31,4,1,1.0,5,42,60.0,19
201500026268,2015-05-23,46.019,4.09618,34,3,2,1.0,1,42,90.0,13
201500026277,2015-06-24,46.04129,4.05549,46,4,1,1.0,1,42,104.0,19
201500026286,2015-07-08,46.04913,4.05164,63,3,1,1.0,1,42,93.0,8
201500026287,2015-07-08,46.02488,4.09036,49,4,2,1.0,1,42,80.0,12
201500026291,2015-07-13,46.04235,4.04901,78,4,1,1.0,1,42,65.0,9
201500026300,2015-07-30,46.03049,4.06252,28,3,1,1.0,1,42,55.0,13
201500026305,2015-08-10,46.03537,4.06569,71,3,1,1.0,1,42,87.0,16
201500026306,2015-08-20,46.06629,4.1226,68,4,1,1.0,3,42,100.0,22
201500026307,2015-08-21,46.04736,4.06902,14,3,1,1.0,5,42,54.0,21
201500026308,2015-08-27,46.03373,4.06902,72,4,1,1.0,1,42,60.0,11
201500026315,2015-09-09,46.03925,4.07163,18,4,1,1.0,1,42,80.0,17
201500026317,2015-09-11,46.08105,4.07338,49,3,2,7.0,1,42,90.0,8
201500026319,2015-09-11,46.03241,4.07385,65,3,2,1.0,1,42,65.0,13
201500026331,2015-10-01,46.03404,4.05353,79,4,1,1.0,1,42,104.0,17
201500026336,2015-10-06,46.03252,4.0598,63,3,1,1.0,1,42,67.0,15
201500026344,2015-11-13,46.04901,4.07408,28,1,1,1.0,2,42,73.0,16
201500026345,2015-11-14,46.06324,4.0625,58,3,1,1.0,1,42,60.0,12
201500026375,2015-03-10,46.048,4.08256,40,4,2,1.0,5,42,65.0,18
201500026560,2015-09-21,45.52309,4.62447,76,3,2,1.0,1,42,80.0,11
201500026587,2015-07-31,45.0485,3.881,67,1,1,1.0,1,43,105.0,12
201500026622,2015-05-15,47.25997,-2.42442,52,4,1,8.0,1,44,33.0,17
201500026622,2015-05-15,47.25997,-2.42442,60,4,1,8.0,1,44,33.0,17
201500026625,2015-04-09,47.26527,-2.29694,49,4,1,1.0,1,44,50.0,18
201500026628,2015-06-01,47.28028,-2.40819,67,3,1,1.0,1,44,40.0,16
201500026632,2015-07-11,47.26225,-2.34253,72,1,2,1.0,1,44,43.0,18
201500026633,2015-07-15,47.24947,-2.30866,66,4,1,1.0,1,44,50.0,8
201500026640,2015-08-08,47.25632,-2.32158,13,4,1,1.0,1,44,50.0,11
201500026641,2015-08-23,47.28753,-2.38048,42,3,2,1.0,1,44,56.0,12
201500026646,2015-10-12,47.27844,-2.33976,77,3,1,1.0,1,44,70.0,18
201500026685,2015-03-05,47.19891,-1.58297,48,3,1,1.0,1,44,32.0,14
201500026715,2015-03-25,47.1963,-1.56387,40,3,1,1.0,2,44,69.0,18
201500026723,2015-04-24,47.18994,-1.54747,27,4,1,1.0,1,44,125.0,17
201500026738,2015-05-15,47.21437,-1.57037,15,3,1,1.0,1,44,60.0,15
201500026780,2015-06-28,47.22191,-1.61467,13,3,1,1.0,1,44,70.0,17
201500026814,2015-07-28,47.1989,-1.58294,45,3,1,3.0,1,44,23.0,16
201500026911,2015-09-14,47.1915,-1.54801,55,3,1,2.0,5,44,60.0,22
201500026968,2015-12-04,47.1432,-1.3545,25,3,1,1.0,1,44,300.0,15
201500026977,2015-12-08,47.1539,-1.34128,13,4,1,1.0,2,44,70.0,17
201500027013,2015-03-26,47.27979,-2.20255,42,3,1,1.0,5,44,70.0,22
201500027015,2015-04-13,47.27146,-2.21865,58,3,1,1.0,1,44,70.0,16
201500027042,2015-08-26,47.27632,-2.2204,53,4,1,2.0,1,44,80.0,17
201500027096,2015-02-26,47.96337,2.78336,20,3,1,2.0,2,45,60.0,18
201500027117,2015-04-28,47.99867,2.73076,23,4,1,1.0,1,45,40.0,15
201500027122,2015-05-17,47.99909,2.73096,77,4,1,1.0,5,45,40.0,21
201500027128,2015-06-17,47.99507,2.73548,16,4,1,1.0,1,45,40.0,18
201500027132,2015-07-07,47.99146,2.70756,37,4,1,1.0,1,45,50.0,17
201500027158,2015-10-30,47.97696,2.73762,18,4,1,1.0,5,45,60.0,22
201500027158,2015-10-30,47.97696,2.73762,19,1,1,1.0,5,45,60.0,22
201500027161,2015-11-08,47.99952,2.72943,15,4,1,1.0,1,45,100.0,16
201500027168,2015-12-02,47.99271,2.75441,10,4,1,1.0,1,45,60.0,12
201500027171,2015-12-13,48.00037,2.74566,20,4,2,1.0,1,45,40.0,12
201500027181,2015-10-15,47.91681,1.97692,11,4,1,1.0,1,45,132.0,16
201500027185,2015-10-19,47.90893,1.90093,42,4,1,1.0,1,45,60.0,7
201500027196,2015-10-11,47.89992,1.90639,32,4,1,1.0,5,45,68.0,4
201500027206,2015-12-18,47.90517,1.94671,44,3,1,2.0,1,45,85.0,13
201500027213,2015-02-18,47.92005,1.95868,81,4,1,1.0,1,45,73.0,10
201500027228,2015-06-04,47.86027,1.90934,58,3,1,1.0,1,45,60.0,8
201500027237,2015-07-03,47.94414,1.91721,80,4,2,1.0,1,45,135.0,9
201500027350,2015-01-05,47.46786,-0.551,47,4,2,1.0,5,49,35.0,7
201500027357,2015-01-06,47.47526,-0.60775,48,3,1,2.0,4,49,81.0,18
201500027358,2015-02-20,47.50686,-0.58981,17,4,1,3.0,1,49,48.0,13
201500027361,2015-01-08,47.47315,-0.59985,19,4,1,1.0,1,49,60.0,9
201500027364,2015-02-25,47.47158,-0.55389,34,1,1,1.0,1,49,60.0,15
201500027364,2015-02-25,47.47158,-0.55389,75,4,2,1.0,1,49,60.0,15
201500027369,2015-01-09,47.4606,-0.5521,18,4,1,1.0,5,49,80.0,18
201500027371,2015-01-09,47.46926,-0.54948,38,1,1,1.0,1,49,60.0,10
201500027386,2015-03-12,47.47505,-0.54981,45,4,2,1.0,1,49,60.0,7
201500027388,2015-03-13,47.46636,-0.55278,54,4,1,1.0,5,49,60.0,20
201500027391,2015-01-15,47.44299,-0.48011,20,4,1,2.0,2,49,60.0,8
201500027392,2015-03-14,47.43369,-0.52962,51,4,1,1.0,1,49,60.0,8
201500027396,2015-03-19,47.448,-0.5739,47,3,1,1.0,1,49,123.0,16
201500027414,2015-03-30,47.48172,-0.55356,21,4,2,1.0,4,49,57.0,7
201500027416,2015-04-01,47.4628,-0.54054,38,1,1,1.0,2,49,70.0,8
201500027423,2015-01-26,47.47328,-0.59553,51,4,2,1.0,2,49,60.0,8
201500027433,2015-01-29,47.44766,-0.50949,20,4,2,2.0,2,49,81.0,8
201500027437,2015-01-30,47.4628,-0.55383,32,4,1,1.0,1,49,60.0,9
201500027438,2015-04-13,47.508,-0.59078,19,4,2,1.0,1,49,90.0,17
201500027453,2015-02-09,47.41856,-0.52778,74,3,1,1.0,1,49,50.0,16
201500027460,2015-04-25,47.47892,-0.54994,54,4,1,1.0,1,49,90.0,10
201500027461,2015-02-11,47.47698,-0.55087,19,1,1,1.0,5,49,21.0,19
201500027465,2015-02-14,47.47587,-0.55263,22,4,1,1.0,1,49,143.0,13
201500027473,2015-02-15,47.46259,-0.55506,22,4,1,1.0,1,49,60.0,12
201500027480,2015-05-13,47.47414,-0.5368,59,4,1,1.0,1,49,89.0,16
201500027483,2015-05-15,47.4493,-0.50183,66,4,1,1.0,1,49,68.0,9
201500027484,2015-05-16,47.466,-0.54721,23,4,1,1.0,1,49,43.0,19
201500027489,2015-05-21,47.46397,-0.55408,23,4,1,1.0,1,49,60.0,15
201500027489,2015-05-21,47.46397,-0.55408,23,1,1,1.0,1,49,60.0,15
201500027491,2015-05-22,47.4696,-0.5553,28,4,1,1.0,1,49,60.0,18
201500027495,2015-05-27,47.46888,-0.53195,17,4,1,1.0,1,49,90.0,17
201500027500,2015-05-29,47.47229,-0.59584,58,4,1,1.0,1,49,50.0,14
201500027505,2015-06-04,47.44619,-0.49723,44,3,2,1.0,1,49,80.0,11
201500027515,2015-06-09,47.47716,-0.55339,21,4,1,1.0,1,49,47.0,12
201500027517,2015-06-09,47.47002,-0.49098,40,3,1,1.0,1,49,70.0,16
201500027523,2015-06-15,47.46793,-0.59014,37,4,1,1.0,1,49,39.0,12
201500027531,2015-06-19,47.46938,-0.5099,73,4,1,1.0,1,49,70.0,9
201500027542,2015-07-01,47.47398,-0.55446,34,4,1,1.0,1,49,47.0,9
201500027546,2015-07-07,47.47232,-0.54609,54,4,1,1.0,1,49,70.0,10
201500027547,2015-07-09,47.45573,-0.52423,42,4,1,1.0,1,49,70.0,19
201500027559,2015-07-26,47.45789,-0.51476,56,4,1,2.0,1,49,75.0,10
201500027574,2015-08-18,47.46649,-0.55306,9,4,1,1.0,1,49,60.0,18
201500027585,2015-08-31,47.46862,-0.52277,48,4,1,1.0,1,49,60.0,18
201500027592,2015-09-06,47.47454,-0.54675,48,4,1,1.0,1,49,93.0,18
201500027598,2015-09-15,47.44882,-0.55249,35,4,1,1.0,1,49,66.0,12
201500027599,2015-09-15,47.47285,-0.59979,18,4,1,1.0,1,49,140.0,13
201500027603,2015-09-17,47.47114,-0.56495,18,4,1,1.0,1,49,70.0,17
201500027603,2015-09-17,47.47114,-0.56495,21,4,1,1.0,1,49,70.0,17
201500027605,2015-09-18,47.46778,-0.55909,22,4,2,2.0,1,49,70.0,10
201500027609,2015-09-24,47.43246,-0.53339,53,4,2,1.0,2,49,50.0,7
201500027611,2015-09-25,47.46861,-0.53927,70,3,1,1.0,1,49,80.0,15
201500027614,2015-09-29,47.46638,-0.54768,20,3,1,1.0,5,49,50.0,23
201500027615,2015-09-28,47.4385,-0.50851,17,4,1,1.0,1,49,70.0,11
201500027620,2015-10-02,47.46813,-0.54687,65,4,1,1.0,1,49,27.0,15
201500027622,2015-10-06,47.48911,-0.57485,29,4,1,2.0,5,49,90.0,7
201500027625,2015-10-12,47.4722,-0.54087,66,4,1,1.0,1,49,61.0,12
201500027632,2015-10-17,47.47156,-0.52279,38,4,1,1.0,1,49,60.0,9
201500027646,2015-11-03,47.47453,-0.54682,16,4,1,1.0,1,49,184.0,9
201500027657,2015-11-09,47.48743,-0.57354,82,3,1,1.0,1,49,120.0,14
201500027659,2015-11-16,47.47047,-0.56342,73,4,1,1.0,1,49,60.0,11
201500027661,2015-11-14,47.47358,-0.58122,17,4,1,1.0,1,49,60.0,11
201500027670,2015-11-18,47.4674,-0.55577,43,3,1,2.0,1,49,80.0,15
201500027682,2015-11-26,47.4752,-0.54852,16,4,1,1.0,1,49,120.0,15
201500027691,2015-12-02,47.47458,-0.58511,23,4,2,1.0,1,49,132.0,11
201500027851,2015-04-08,49.6375,-1.56866,13,4,1,1.0,1,50,70.0,18
201500027919,2015-08-18,49.6291,-1.6411,65,4,2,1.0,1,50,120.0,17
201500028048,2015-06-25,48.8372,-1.59949,22,1,1,1.0,1,50,65.0,19
201500028060,2015-09-01,48.8339,-1.5711,45,4,1,1.0,1,50,50.0,19
201500028077,2015-12-27,48.8535,-1.56463,70,4,1,1.0,1,50,80.0,12
201500028095,2015-08-04,49.1157,-1.07479,21,4,1,1.0,1,50,70.0,13
201500028154,2015-04-19,49.2492,4.02472,28,3,2,1.0,5,51,90.0,2
201500028154,2015-04-19,49.2492,4.02472,30,3,1,1.0,5,51,90.0,2
201500028163,2015-07-03,49.25794,4.05361,57,4,1,1.0,1,51,80.0,16
201500028177,2015-09-25,49.26168,4.02984,84,4,1,1.0,1,51,180.0,16
201500028177,2015-09-25,49.26168,4.02984,33,1,1,1.0,1,51,180.0,16
201500028200,2015-10-26,49.2734,4.01488,60,4,1,1.0,1,51,94.0,14
201500028209,2015-11-12,49.24433,4.03648,12,3,1,1.0,1,51,59.0,8
201500028217,2015-11-16,49.24405,4.02121,19,3,1,2.0,5,51,40.0,23
201500028219,2015-11-17,49.24828,4.01265,46,4,1,1.0,1,51,110.0,14
201500028220,2015-11-20,49.26287,4.01645,29,4,2,3.0,5,51,70.0,8
201500028228,2015-11-27,49.22585,4.03835,11,3,1,1.0,1,51,50.0,12
201500028248,2015-12-25,49.26565,4.02073,30,4,1,2.0,5,51,60.0,2
201500028253,2015-12-30,49.2161,4.04513,52,4,1,1.0,1,51,60.0,13
201500028266,2015-12-16,48.11022,5.12908,22,4,1,1.0,1,52,55.0,12
201500028273,2015-08-06,48.09891,5.14514,30,4,2,1.0,1,52,106.0,13
201500028280,2015-11-15,48.09234,5.14537,47,4,1,1.0,1,52,79.0,11
201500028283,2015-02-12,48.09916,5.15326,48,4,1,1.0,1,52,71.0,10
201500028308,2015-04-27,48.10829,-0.82844,68,2,1,1.0,1,53,52.0,14
201500028308,2015-04-27,48.10829,-0.82844,69,3,1,1.0,1,53,52.0,14
201500028308,2015-04-27,48.10829,-0.82844,68,1,1,1.0,1,53,52.0,14
201500028308,2015-04-27,48.10829,-0.82844,73,4,2,1.0,1,53,52.0,14
201500028308,2015-04-27,48.10829,-0.82844,57,4,1,1.0,1,53,52.0,14
201500028308,2015-04-27,48.10829,-0.82844,67,4,1,1.0,1,53,52.0,14
201500028308,2015-04-27,48.10829,-0.82844,63,4,1,1.0,1,53,52.0,14
201500028308,2015-04-27,48.10829,-0.82844,70,4,1,1.0,1,53,52.0,14
201500028308,2015-04-27,48.10829,-0.82844,72,4,1,1.0,1,53,52.0,14
201500028308,2015-04-27,48.10829,-0.82844,65,4,2,1.0,1,53,52.0,14
201500028308,2015-04-27,48.10829,-0.82844,83,4,1,1.0,1,53,52.0,14
201500028308,2015-04-27,48.10829,-0.82844,76,3,1,1.0,1,53,52.0,14
201500028315,2015-09-03,48.0527,-0.79386,66,3,1,1.0,1,53,67.0,19
201500028522,2015-05-09,48.66841,6.18925,26,4,1,1.0,1,54,100.0,13
201500028551,2015-06-12,48.69264,6.17885,21,3,2,1.0,1,54,60.0,18
201500028558,2015-06-24,48.68917,6.16186,20,4,1,1.0,1,54,83.0,11
201500028828,2015-08-19,48.91861,6.05045,67,3,1,1.0,1,54,70.0,12
201500028833,2015-02-22,48.91704,6.03762,57,3,1,1.0,1,54,90.0,10
201500029220,2015-03-11,49.09747,6.15559,48,4,1,1.0,1,57,76.0,18
201500029234,2015-02-05,49.09446,6.17614,53,4,1,1.0,5,57,89.0,19
201500029244,2015-04-16,49.13025,6.16566,21,4,1,1.0,1,57,50.0,16
201500029247,2015-05-04,49.09586,6.17097,70,3,1,1.0,1,57,170.0,10
201500029259,2015-06-02,49.09544,6.11913,51,4,1,1.0,1,57,60.0,19
201500029266,2015-06-22,49.10735,6.16916,43,4,1,1.0,1,57,95.0,13
201500029272,2015-07-01,49.06813,6.14732,19,4,1,7.0,1,57,40.0,12
201500029294,2015-10-05,49.1157,6.20474,63,4,1,1.0,1,57,170.0,12
201500029296,2015-10-10,49.10185,6.16306,39,4,1,1.0,1,57,90.0,9
201500029386,2015-09-09,49.35812,6.18909,30,4,1,1.0,1,57,100.0,10
201500029389,2015-09-28,49.35354,6.17895,63,4,1,1.0,1,57,78.0,14
201500029408,2015-12-03,49.32744,6.06865,65,4,1,1.0,1,57,78.0,12
201500029460,2015-07-14,46.98288,3.13179,58,4,1,1.0,1,58,62.0,9
201500029587,2015-06-03,50.0,3.0,20,1,1,1.0,1,59,30.0,11
201500029603,2015-08-07,50.44083,3.56731,44,3,1,1.0,1,59,70.0,18
201500029604,2015-08-07,50.47355,3.57811,15,4,1,1.0,1,59,48.0,13
201500029607,2015-09-06,50.4607,3.56765,52,3,1,1.0,1,59,55.0,11
201500029621,2015-07-07,50.35611,3.45247,65,4,1,1.0,1,59,60.0,11
201500029643,2015-12-07,50.3438,3.09156,42,3,1,1.0,3,59,57.0,20
201500029658,2015-06-26,50.40175,3.15716,43,3,1,1.0,5,59,52.0,22
201500029669,2015-08-01,50.38797,3.10166,27,3,1,1.0,1,59,78.0,19
201500029683,2015-11-05,50.3742,3.06619,59,3,1,1.0,1,59,82.0,11
201500029708,2015-05-10,51.04107,2.38879,8,4,1,1.0,1,59,120.0,16
201500029714,2015-06-14,51.02183,2.39052,44,3,1,1.0,1,59,50.0,18
201500029718,2015-07-11,51.02894,2.35723,59,3,1,1.0,1,59,65.0,7
201500029720,2015-07-12,51.01905,2.38424,44,3,1,1.0,1,59,58.0,12
201500029724,2015-07-22,51.0294,2.37459,56,3,2,1.0,1,59,30.0,12
201500029731,2015-08-29,51.01498,2.20061,35,4,1,1.0,5,59,80.0,3
201500029735,2015-09-13,51.02333,2.30455,49,4,1,1.0,1,59,62.0,9
201500029834,2015-04-25,50.63147,3.05408,20,4,1,2.0,5,59,35.0,3
201500029955,2015-10-30,50.62677,3.04327,18,3,1,1.0,5,59,70.0,20
201500030005,2015-02-26,50.41026,3.17058,53,3,2,2.0,1,59,25.0,17
201500030010,2015-03-04,50.69666,3.18778,43,3,1,1.0,1,59,100.0,17
201500030284,2015-09-21,50.43585,3.4393,44,4,2,1.0,1,59,10.0,8
201500030302,2015-04-10,50.74525,3.07933,49,3,1,1.0,1,59,100.0,18
201500030509,2015-10-08,47.353,1.747,14,3,1,1.0,1,41,82.0,15
201500030519,2015-12-18,47.48951,1.35965,41,3,1,1.0,3,41,48.0,20
201500030536,2015-07-11,48.52225,-2.2367,53,3,2,1.0,1,22,73.0,16
201500030555,2015-12-06,48.5878,-2.9827,43,4,1,9.0,1,22,51.0,15
201500030565,2015-02-03,49.40437,2.8103,78,3,2,1.0,1,60,83.0,10
201500030566,2015-01-31,49.40459,2.81072,78,3,2,1.0,1,60,83.0,10
201500030577,2015-07-28,49.40005,2.79384,19,4,1,1.0,1,60,82.0,11
201500030613,2015-10-02,49.29154,2.48782,12,3,1,1.0,1,60,60.0,15
201500030640,2015-04-09,48.43131,0.05169,10,3,2,1.0,1,61,47.0,19
201500030640,2015-04-09,48.43131,0.05169,10,1,1,1.0,1,61,47.0,19
201500030656,2015-06-09,48.44179,0.07618,14,1,1,1.0,1,61,18.0,16
201500030664,2015-08-17,48.43545,0.10776,48,3,1,1.0,1,61,60.0,11
201500030697,2015-01-01,48.74907,-0.02645,73,3,1,1.0,1,61,80.0,11
201500030709,2015-01-27,48.72997,-0.57906,75,3,1,1.0,1,61,98.0,17
201500030710,2015-10-03,45.59885,-0.05222,55,3,2,2.0,1,16,80.0,12
201500030789,2015-05-09,50.40612,2.86186,37,3,1,1.0,1,62,85.0,9
201500030805,2015-02-15,50.39226,2.94739,39,4,1,1.0,3,62,108.0,19
201500030806,2015-06-10,50.40471,1.5625,16,3,1,1.0,1,62,155.0,7
201500030818,2015-05-15,50.51247,2.78424,13,3,2,7.0,1,62,70.0,17
201500030826,2015-07-22,50.48759,2.74578,80,4,2,1.0,1,62,80.0,10
201500030833,2015-10-22,50.51885,2.62122,27,3,1,1.0,1,62,155.0,17
201500030843,2015-01-16,50.51318,2.6819,51,4,1,1.0,1,62,70.0,11
201500030882,2015-09-14,50.47754,2.53508,43,4,1,1.0,1,62,107.0,9
201500030904,2015-06-23,50.95889,1.82661,72,3,1,1.0,1,62,70.0,10
201500030924,2015-01-02,50.49351,2.95714,78,3,1,1.0,1,62,90.0,10
201500030956,2015-04-13,50.42244,2.99326,13,3,1,1.0,1,62,55.0,12
201500030964,2015-05-17,50.46413,2.96633,17,3,1,1.0,1,62,60.0,13
201500030979,2015-06-16,50.44076,2.80563,16,3,1,1.0,1,62,108.0,14
201500030988,2015-07-18,50.41949,2.94453,61,4,2,1.0,1,62,70.0,11
201500031002,2015-08-09,50.49249,2.98615,59,4,1,1.0,1,62,89.0,11
201500031016,2015-07-23,50.49443,2.84474,8,3,1,1.0,1,62,60.0,20
201500031031,2015-10-29,50.44983,2.81808,17,4,1,1.0,2,62,126.0,17
201500031054,2015-04-06,50.50247,2.50739,71,3,1,1.0,1,62,76.0,8
201500031055,2015-05-01,50.54337,2.54812,18,3,1,1.0,1,62,37.0,17
201500031066,2015-08-07,50.47876,2.67244,49,4,2,1.0,1,62,70.0,7
201500031068,2015-08-18,50.48045,2.66298,58,4,1,2.0,1,62,35.0,17
201500031094,2015-09-12,50.51716,1.58019,47,3,1,1.0,1,62,82.0,15
201500031095,2015-09-12,50.51137,1.5949,51,3,2,1.0,1,62,74.0,14
201500031187,2015-10-07,45.92699,3.07489,52,3,1,1.0,1,63,160.0,12
201500031193,2015-12-09,45.8976,3.1067,21,3,1,1.0,2,63,90.0,7
201500031202,2015-01-08,43.47852,-1.49269,51,3,1,1.0,1,64,80.0,12
201500031267,2015-08-21,43.47817,-1.49287,54,3,2,1.0,1,64,80.0,9
201500031270,2015-09-07,43.48398,-1.50401,33,4,1,1.0,1,64,80.0,19
201500031275,2015-09-26,43.4606,-1.49616,60,3,1,1.0,1,64,80.0,16
201500031280,2015-10-15,43.48802,-1.49119,42,4,1,1.0,1,64,120.0,10
201500031282,2015-10-21,43.50315,-1.53639,72,4,2,1.0,1,64,70.0,15
201500031289,2015-11-14,43.52434,-1.49328,62,3,2,1.0,1,64,70.0,11
201500031294,2015-12-13,43.5242,-1.49311,52,4,1,1.0,1,64,80.0,15
201500031307,2015-05-25,43.47114,-1.56788,63,4,1,8.0,1,64,70.0,16
201500031313,2015-06-21,43.47904,-1.56081,57,3,1,7.0,1,64,64.0,11
201500031333,2015-11-18,43.47477,-1.55647,62,4,1,1.0,1,64,96.0,10
201500031370,2015-12-29,43.28078,-0.35774,41,4,1,1.0,1,64,85.0,13
201500031403,2015-02-20,43.32684,-0.33016,69,3,1,1.0,1,64,95.0,13
201500031409,2015-04-20,43.30822,-0.36222,44,4,1,1.0,1,64,13.0,13
201500031410,2015-04-23,43.30901,-0.40886,58,4,1,1.0,1,64,39.0,18
201500031417,2015-04-29,43.31125,-0.36339,40,4,1,1.0,1,64,157.0,14
201500031418,2015-03-05,43.30214,-0.39633,17,3,1,1.0,1,64,90.0,8
201500031435,2015-05-29,43.30161,9.56182,20,1,1,1.0,1,64,50.0,16
201500031435,2015-05-29,43.30161,9.56182,55,4,1,1.0,1,64,50.0,16
201500031437,2015-06-03,43.3041,-0.35706,49,4,1,1.0,1,64,95.0,17
201500031452,2015-06-20,43.30345,-0.35704,51,4,2,1.0,5,64,84.0,22
201500031460,2015-06-25,43.30792,-0.37653,65,4,1,1.0,1,64,37.0,11
201500031461,2015-06-25,43.31714,-0.39471,66,4,1,1.0,1,64,100.0,13
201500031500,2015-08-20,43.31301,-0.36897,22,4,1,1.0,1,64,66.0,8
201500031514,2015-09-11,43.32928,-0.37826,51,3,1,1.0,1,64,103.0,8
201500031520,2015-09-23,43.30225,-0.35421,69,3,2,1.0,1,64,200.0,16
201500031549,2015-10-16,43.30389,-0.37573,58,4,1,1.0,5,64,195.0,7
201500031558,2015-10-24,43.35267,-0.37781,12,4,1,1.0,1,64,40.0,17
201500031560,2015-10-27,43.32223,-0.36665,39,4,2,2.0,1,64,105.0,18
201500031566,2015-11-02,43.30934,-0.36925,26,4,1,1.0,1,64,56.0,17
201500031568,2015-11-04,43.28537,-0.34772,43,4,1,1.0,1,64,64.0,19
201500031572,2015-11-07,43.31531,-0.39565,43,4,1,1.0,1,64,104.0,12
201500031589,2015-11-19,43.30611,-0.36689,48,4,2,1.0,1,64,84.0,15
201500031590,2015-11-20,43.31308,-0.36897,25,4,1,1.0,1,64,95.0,8
201500031591,2015-11-23,43.30812,-0.37657,32,4,2,1.0,1,64,75.0,12
201500031597,2015-11-27,43.29418,-0.37713,61,4,1,1.0,1,64,60.0,14
201500031606,2015-12-05,43.30042,-0.36478,76,4,2,1.0,1,64,66.0,9
201500031623,2015-12-22,43.3061,-0.34452,42,4,1,1.0,1,64,72.0,16
201500031784,2015-10-24,43.1074,-0.03976,53,4,1,1.0,1,65,60.0,10
201500031785,2015-12-02,43.093,-0.04866,61,4,2,1.0,1,65,80.0,14
201500031799,2015-03-25,43.2432,0.06735,16,4,1,8.0,1,65,60.0,12
201500031860,2015-10-14,43.2067,0.09909,17,3,1,1.0,2,65,48.0,7
201500031872,2015-11-26,43.2285,0.07492,63,1,2,1.0,1,65,117.0,8
201500031903,2015-02-12,42.69085,2.88115,20,4,1,1.0,1,66,100.0,17
201500031914,2015-03-09,42.67862,2.90472,54,3,1,1.0,5,66,70.0,19
201500031916,2015-03-12,42.70444,2.90218,76,4,1,1.0,1,66,80.0,10
201500031964,2015-07-08,42.69611,2.89909,28,4,2,1.0,1,66,78.0,8
201500031971,2015-07-13,42.69008,2.89204,56,4,1,1.0,1,66,76.0,12
201500031975,2015-07-26,42.68819,2.90026,38,4,1,1.0,1,66,70.0,19
201500031988,2015-09-13,42.72973,2.89814,69,4,2,1.0,1,66,100.0,8
201500032011,2015-11-04,42.69301,2.84845,39,3,1,1.0,1,66,100.0,14
201500032024,2015-12-06,42.69212,2.89262,14,4,1,1.0,1,66,120.0,14
201500032128,2015-06-02,48.2637,7.45175,13,4,1,1.0,1,67,66.0,17
201500032130,2015-06-10,48.2418,7.42844,72,4,1,1.0,1,67,382.0,9
201500032139,2015-03-02,48.5918,7.70444,14,4,1,1.0,1,67,70.0,15
201500032154,2015-03-09,48.56966,7.76317,13,4,1,1.0,1,67,100.0,16
201500032172,2015-03-20,48.58069,7.77686,18,4,2,1.0,1,67,120.0,16
201500032182,2015-03-30,48.5823,7.75717,20,4,2,1.0,1,67,67.0,8
201500032190,2015-04-02,48.61291,7.75556,39,4,2,2.0,1,67,50.0,10
201500032200,2015-04-14,48.55497,7.67822,29,4,1,1.0,1,67,70.0,7
201500032205,2015-04-14,48.60033,7.75456,58,3,2,1.0,1,67,80.0,17
201500032223,2015-04-24,48.58772,7.69783,5,4,1,1.0,1,67,125.0,19
201500032231,2015-04-29,48.58747,7.73858,42,4,1,1.0,5,67,80.0,21
201500032232,2015-04-29,48.56197,7.73061,3,4,1,1.0,5,67,57.0,21
201500032236,2015-05-04,48.5788,7.75931,29,4,2,1.0,1,67,166.0,17
201500032237,2015-05-06,48.57364,7.76672,19,1,1,1.0,1,67,140.0,17
201500032240,2015-05-07,48.57935,7.7327,10,4,1,1.0,1,67,80.0,18
201500032244,2015-05-14,48.54918,7.75658,5,4,1,1.0,1,67,50.0,18
201500032245,2015-05-16,48.60642,7.74893,55,4,2,1.0,1,67,75.0,8
201500032248,2015-05-21,48.5789,7.74342,35,4,2,1.0,1,67,70.0,8
201500032251,2015-05-22,48.61498,7.75259,74,4,2,1.0,1,67,65.0,17
201500032261,2015-05-28,48.5814,7.76278,24,4,1,1.0,1,67,60.0,12
201500032265,2015-06-03,48.5906,7.75597,45,3,1,1.0,1,67,60.0,11
201500032270,2015-06-05,48.59696,7.74166,66,4,1,1.0,1,67,40.0,16
201500032271,2015-06-05,48.5951,7.69397,12,4,1,1.0,1,67,80.0,18
201500032274,2015-06-10,48.59896,7.7909,44,3,1,1.0,1,67,45.0,13
201500032277,2015-06-12,48.58941,7.7452,14,4,2,1.0,1,67,40.0,12
201500032278,2015-06-12,48.5914,7.70728,21,4,1,1.0,1,67,90.0,17
201500032279,2015-06-13,48.5785,7.75998,19,4,1,1.0,1,67,180.0,10
201500032285,2015-06-19,48.58831,7.7559,38,4,2,1.0,1,67,120.0,14
201500032287,2015-06-19,48.58703,7.76019,49,3,2,1.0,1,67,130.0,21
201500032292,2015-06-25,48.59215,7.71861,16,4,1,1.0,1,67,97.0,18
201500032295,2015-06-28,48.5926,7.71134,59,3,1,1.0,1,67,60.0,18
201500032296,2015-06-29,48.6142,7.74902,42,3,2,1.0,1,67,66.0,7
201500032300,2015-07-01,48.57756,7.753,31,4,1,1.0,1,67,90.0,15
201500032301,2015-07-01,48.59367,7.75805,15,4,2,1.0,1,67,140.0,16
201500032304,2015-07-03,48.5794,7.75083,53,4,1,1.0,5,67,57.0,23
201500032306,2015-07-06,48.57463,7.7498,45,4,2,1.0,1,67,120.0,7
201500032308,2015-07-06,48.54858,7.74094,45,4,2,1.0,1,67,105.0,17
201500032312,2015-07-08,48.60327,7.75593,29,4,1,1.0,1,67,80.0,8
201500032320,2015-07-16,48.61188,7.75113,15,4,1,1.0,1,67,30.0,13
201500032321,2015-07-17,48.60085,7.71583,17,4,1,1.0,1,67,40.0,20
201500032323,2015-07-20,48.58801,7.7588,11,4,1,1.0,1,67,40.0,20
201500032325,2015-07-25,48.5794,7.73287,41,4,1,1.0,1,67,30.0,10
201500032327,2015-07-28,48.5696,7.78092,65,4,2,1.0,1,67,150.0,15
201500032330,2015-08-01,48.57908,7.73489,21,3,2,1.0,1,67,50.0,17
201500032340,2015-08-25,48.57477,7.73657,29,4,1,1.0,1,67,80.0,13
201500032340,2015-08-25,48.57477,7.73657,22,4,1,1.0,1,67,80.0,13
201500032342,2015-08-27,48.5665,7.72785,46,4,2,1.0,5,67,80.0,5
201500032367,2015-09-15,48.59189,7.76216,25,3,2,2.0,1,67,100.0,15
201500032370,2015-09-17,48.57925,7.73338,25,4,2,1.0,2,67,62.0,18
201500032375,2015-09-19,48.59204,7.73335,30,4,1,1.0,5,67,60.0,20
201500032379,2015-09-21,48.58122,7.77015,22,4,2,1.0,1,67,60.0,16
201500032390,2015-10-01,48.54342,7.73634,51,4,1,1.0,1,67,64.0,12
201500032399,2015-10-07,48.59078,7.71593,72,4,1,1.0,1,67,60.0,17
201500032400,2015-10-08,48.58953,7.74089,18,4,1,1.0,5,67,180.0,6
201500032408,2015-10-24,48.58652,7.76222,21,4,2,1.0,5,67,194.0,23
201500032415,2015-11-04,48.53337,7.72187,50,4,1,1.0,5,67,120.0,17
201500032417,2015-11-07,48.58307,7.77223,53,4,2,1.0,1,67,156.0,11
201500032418,2015-11-09,48.5855,7.76006,17,4,1,1.0,1,67,115.0,7
201500032419,2015-11-10,48.58222,7.74143,30,4,1,1.0,1,67,85.0,8
201500032419,2015-11-10,48.58222,7.74143,20,1,1,1.0,1,67,85.0,8
201500032420,2015-11-10,48.59574,7.7866,42,4,2,1.0,2,67,50.0,17
201500032421,2015-11-11,48.60761,7.74977,25,2,2,1.0,5,67,90.0,3
201500032429,2015-11-24,48.54589,7.75822,20,4,1,1.0,5,67,100.0,17
201500032434,2015-12-01,48.57848,7.78283,61,4,2,1.0,1,67,124.0,9
201500032438,2015-12-03,48.57344,7.79835,64,4,2,1.0,2,67,140.0,7
201500032438,2015-12-03,48.57344,7.79835,56,4,1,1.0,2,67,140.0,7
201500032451,2015-12-19,48.54585,7.75803,47,4,2,1.0,1,67,98.0,14
201500032467,2015-12-04,48.08169,7.36382,55,3,1,1.0,1,68,200.0,8
201500032477,2015-06-27,48.0761,7.33983,24,4,1,1.0,2,68,210.0,6
201500032482,2015-09-15,48.0694,7.35872,17,4,2,1.0,1,68,100.0,16
201500032484,2015-11-03,48.07143,7.34988,31,3,2,1.0,1,68,80.0,12
201500032492,2015-09-01,48.08029,7.36074,14,3,2,1.0,1,68,120.0,16
201500032492,2015-09-01,48.08029,7.36074,14,4,2,1.0,1,68,120.0,16
201500032523,2015-05-17,47.74854,7.32461,24,4,1,1.0,1,68,75.0,18
201500032532,2015-06-04,47.75311,7.32754,30,4,2,1.0,1,68,40.0,15
201500032539,2015-06-24,47.73855,7.33361,71,3,2,1.0,1,68,45.0,17
201500032544,2015-07-17,47.72873,7.32002,27,4,1,1.0,1,68,68.0,9
201500032548,2015-07-26,47.7564,7.32614,66,3,1,1.0,1,68,90.0,15
201500032551,2015-08-03,47.75729,7.32527,21,3,1,1.0,1,68,37.0,20
201500032558,2015-11-12,47.77122,7.33143,68,4,2,7.0,1,68,66.0,15
201500032558,2015-11-12,47.77122,7.33143,72,1,1,7.0,1,68,66.0,15
201500032566,2015-08-03,47.6069,7.52575,23,4,2,7.0,1,68,90.0,18
201500032568,2015-09-14,47.5919,7.57575,77,4,1,1.0,1,68,102.0,12
201500032575,2015-06-19,47.81932,7.33412,13,3,1,1.0,1,68,65.0,8
201500032579,2015-12-10,47.78916,7.31555,66,3,2,1.0,1,68,50.0,16
201500032631,2015-07-31,45.5766,4.74982,65,3,1,1.0,1,69,65.0,11
201500032634,2015-08-11,45.35467,4.45592,75,4,1,1.0,1,69,93.0,8
201500032728,2015-11-17,45.98164,4.69504,55,3,1,1.0,5,69,70.0,7
201500032742,2015-03-24,45.7644,4.96722,52,4,1,2.0,1,69,72.0,8
201500032773,2015-04-13,45.7634,4.99206,10,4,1,1.0,1,69,53.0,18
201500032786,2015-05-06,45.7355,4.90342,49,3,2,1.0,1,69,91.0,8
201500032802,2015-05-27,45.7182,4.95381,55,4,1,1.0,1,69,124.0,6
201500032831,2015-06-24,45.7601,4.88478,19,1,1,1.0,1,69,80.0,7
201500032849,2015-07-09,45.771,4.89588,36,4,2,1.0,1,69,37.0,8
201500032865,2015-07-28,45.7818,5.00414,68,3,2,1.0,1,69,89.0,19
201500032877,2015-08-20,45.7626,4.90161,18,4,1,1.0,5,69,60.0,23
201500032880,2015-08-29,45.77181,4.86974,59,3,1,1.0,1,69,103.0,13
201500032881,2015-08-28,45.7822,4.89089,53,4,1,1.0,1,69,108.0,15
201500032883,2015-07-26,45.78563,4.89383,26,3,1,1.0,1,69,80.0,17
201500032895,2015-09-24,45.77171,4.87721,23,3,1,1.0,1,69,66.0,8
201500032908,2015-10-15,45.7816,4.87389,20,3,1,2.0,1,69,68.0,12
201500032956,2015-12-04,45.76283,4.92941,45,2,1,1.0,2,69,96.0,17
201500032962,2015-12-11,45.75,4.88497,47,3,1,1.0,5,69,37.0,6
201500032964,2015-12-14,45.77261,4.97719,16,4,1,1.0,1,69,106.0,7
201500032967,2015-12-16,45.72777,4.91572,81,4,1,1.0,1,69,28.0,14
201500032971,2015-12-14,45.76866,4.99138,85,4,1,1.0,1,69,50.0,16
201500033015,2015-05-02,47.61613,6.13883,53,4,1,1.0,1,70,105.0,14
201500033016,2015-05-21,47.6247,6.14431,16,4,1,1.0,1,70,98.0,17
201500033017,2015-07-01,47.6195,6.16097,61,4,1,1.0,1,70,65.0,17
201500033019,2015-07-27,47.6306,6.12117,19,4,1,1.0,1,70,50.0,18
201500033022,2015-10-28,47.61323,6.15079,19,4,1,3.0,5,70,62.0,20
201500033045,2015-04-18,46.80877,4.85181,40,4,1,1.0,1,71,100.0,12
201500033127,2015-11-22,47.95878,0.12914,81,3,1,1.0,1,72,76.0,16
201500033137,2015-05-12,45.70158,5.90916,37,3,1,1.0,1,73,85.0,13
201500033142,2015-11-30,45.7043,5.89472,35,4,2,1.0,1,73,89.0,8
201500033153,2015-07-22,45.57424,5.91697,21,3,1,3.0,3,73,85.0,21
201500033186,2015-06-03,46.1886,6.21567,33,3,1,1.0,1,74,120.0,20
201500033255,2015-03-02,49.54871,0.49321,37,3,1,1.0,5,76,88.0,19
201500033325,2015-12-28,49.92652,1.07982,48,4,1,1.0,5,76,110.0,19
201500033334,2015-07-02,49.744,0.3889,88,3,1,2.0,1,76,81.0,11
201500033342,2015-02-16,49.5125,0.1745,15,4,1,1.0,1,76,70.0,13
201500033374,2015-04-18,49.53415,0.18846,54,4,1,1.0,1,76,68.0,12
201500033379,2015-04-21,49.49307,0.10432,56,4,2,1.0,1,76,60.0,7
201500033416,2015-06-08,49.48454,0.10452,66,3,1,1.0,1,76,58.0,9
201500033421,2015-06-14,49.50307,0.1308,23,3,1,1.0,1,76,45.0,14
201500033430,2015-06-25,49.50127,0.17247,9,3,1,1.0,1,76,60.0,19
201500033436,2015-06-26,49.49722,0.13019,26,4,1,1.0,1,76,185.0,18
201500033458,2015-08-05,49.50234,0.17458,44,4,1,1.0,1,76,120.0,8
201500033461,2015-08-08,49.493,0.12147,23,3,1,1.0,2,76,70.0,20
201500033464,2015-08-11,49.4925,0.13967,20,4,1,1.0,1,76,66.0,15
201500033473,2015-08-29,49.51136,0.09331,47,4,1,1.0,1,76,108.0,18
201500033476,2015-09-06,49.50407,0.17852,69,4,1,1.0,1,76,63.0,11
201500033494,2015-09-23,49.51656,0.15593,48,4,2,1.0,1,76,160.0,9
201500033505,2015-10-11,49.49724,0.12946,15,4,1,1.0,1,76,68.0,16
201500033540,2015-11-05,49.49172,0.13275,36,4,1,2.0,1,76,93.0,10
201500033541,2015-11-18,49.50276,0.15288,69,4,1,1.0,1,76,79.0,9
201500033558,2015-12-10,49.50541,0.0788,21,3,1,1.0,5,76,55.0,1
201500033601,2015-10-28,49.51172,1.0275,68,4,1,1.0,1,76,60.0,16
201500033643,2015-04-18,49.49146,1.0635,24,3,1,1.0,1,76,60.0,9
201500033660,2015-05-19,49.37544,1.10266,22,4,1,1.0,1,76,60.0,17
201500033668,2015-06-13,49.414,1.06465,68,3,1,1.0,1,76,70.0,18
201500033673,2015-06-17,49.4107,1.09993,19,4,1,1.0,5,76,60.0,23
201500033679,2015-06-30,49.43603,1.11333,14,4,1,1.0,5,76,52.0,23
201500033680,2015-06-24,49.44302,1.07722,36,3,2,1.0,1,76,60.0,18
201500033770,2015-11-09,49.48239,1.04278,51,4,1,1.0,1,76,60.0,9
201500033811,2015-01-08,49.44438,1.07095,30,4,1,1.0,5,76,70.0,17
201500033826,2015-01-27,49.4502,1.10354,64,2,1,1.0,1,76,44.0,16
201500033994,2015-12-10,48.53354,2.6548,44,4,1,1.0,1,77,63.0,10
201500034037,2015-09-26,48.38114,2.90484,44,3,1,1.0,1,77,60.0,12
201500034057,2015-11-01,48.18055,2.72113,48,3,2,1.0,1,77,70.0,15
201500034057,2015-11-01,48.18055,2.72113,55,3,1,1.0,1,77,70.0,15
201500034083,2015-07-28,48.85598,2.65581,14,2,1,1.0,1,77,61.0,14
201500034113,2015-04-24,48.79596,2.71375,58,3,1,1.0,1,77,50.0,17
201500034120,2015-06-09,48.78314,2.61601,67,4,1,1.0,1,77,34.0,7
201500034229,2015-07-09,49.00717,2.00735,42,4,1,1.0,1,78,73.0,12
201500034415,2015-06-08,48.64362,1.83841,79,4,1,1.0,1,78,60.0,17
201500034439,2015-04-14,48.8614,2.12326,44,4,1,1.0,1,78,40.0,15
201500034488,2015-06-05,48.91608,2.17806,27,3,1,1.0,1,78,88.0,9
201500034510,2015-11-07,48.91597,2.17783,40,3,1,1.0,1,78,100.0,12
201500034539,2015-06-07,48.7817,2.18139,46,4,1,1.0,1,78,57.0,9
201500034604,2015-08-11,46.33459,-0.42817,21,3,1,1.0,1,79,160.0,12
201500034617,2015-01-04,46.31168,-0.47935,65,3,2,1.0,1,79,150.0,11
201500034856,2015-05-28,43.93054,2.14565,18,3,1,1.0,1,81,60.0,13
201500035019,2015-04-30,43.43143,6.75287,66,3,2,1.0,1,83,29.0,11
201500035028,2015-07-21,43.40326,6.72977,31,3,1,1.0,1,83,35.0,16
201500035041,2015-12-09,43.42219,6.7686,87,3,1,1.0,1,83,30.0,15
201500035053,2015-04-04,43.10569,6.17581,65,3,1,1.0,1,83,48.0,16
201500035075,2015-09-14,43.15502,6.12883,70,3,1,1.0,1,83,60.0,13
201500035077,2015-09-17,43.08025,6.14933,70,3,1,1.0,1,83,82.0,9
201500035088,2015-12-18,43.08285,6.14968,64,3,1,1.0,1,83,70.0,10
201500035101,2015-04-01,43.10794,5.81472,56,3,2,6.0,1,83,40.0,19
201500035102,2015-04-09,43.14927,5.75067,57,4,1,1.0,1,83,70.0,15
201500035114,2015-06-03,43.149,5.76374,65,4,1,1.0,1,83,94.0,12
201500035136,2015-07-29,43.14942,5.76453,74,4,1,1.0,1,83,40.0,8
201500035183,2015-05-27,43.08905,5.89505,32,4,1,1.0,1,83,60.0,17
201500035220,2015-01-15,43.12469,5.93078,26,1,1,1.0,1,83,80.0,16
201500035230,2015-01-26,43.12715,5.98154,17,4,1,1.0,1,83,60.0,15
201500035255,2015-04-08,43.12708,6.01097,15,4,1,1.0,1,83,70.0,12
201500035284,2015-03-04,43.11476,6.04711,54,4,2,1.0,1,83,40.0,9
201500035308,2015-06-03,43.12155,5.93725,68,4,1,1.0,1,83,25.0,12
201500035317,2015-06-18,43.10329,6.02369,54,3,1,1.0,1,83,65.0,9
201500035342,2015-08-02,43.12182,5.9556,58,3,1,1.0,1,83,90.0,9
201500035396,2015-11-16,43.12488,6.0081,27,4,1,1.0,1,83,70.0,14
201500035442,2015-04-04,43.9328,4.80982,78,3,1,1.0,1,84,70.0,16
201500035461,2015-05-08,43.93419,4.83191,48,4,1,1.0,2,84,150.0,20
201500035467,2015-11-28,43.93588,4.82317,57,3,1,1.0,1,84,45.0,8
201500035486,2015-04-15,43.82796,5.03371,70,4,1,1.0,1,84,50.0,9
201500035491,2015-05-13,44.1415,4.81271,5,3,1,1.0,1,84,62.0,19
201500035523,2015-05-20,46.67375,-1.4283,33,3,1,1.0,1,85,85.0,17
201500035631,2015-01-10,46.55869,0.39003,28,4,2,2.0,5,86,70.0,6
201500035641,2015-01-14,46.57565,0.35486,20,1,1,1.0,1,86,30.0,10
201500035667,2015-01-29,46.5687,0.37008,24,4,2,3.0,1,86,65.0,13
201500035679,2015-02-11,46.57217,0.33835,45,4,2,1.0,1,86,70.0,13
201500035764,2015-08-15,46.58384,0.38186,15,4,1,1.0,1,86,60.0,15
201500035793,2015-09-17,46.58501,0.33036,23,4,1,1.0,1,86,70.0,13
201500035810,2015-10-11,46.58162,0.37344,48,4,2,1.0,1,86,60.0,14
201500035827,2015-10-27,46.58172,0.35014,25,4,1,1.0,1,86,36.0,10
201500035832,2015-11-02,46.58687,0.37823,11,4,1,1.0,1,86,80.0,7
201500035858,2015-11-26,46.5711,0.36916,20,4,2,1.0,5,86,130.0,8
201500035973,2015-06-24,45.8251,1.2793,28,4,1,1.0,1,87,60.0,20
201500036026,2015-08-26,45.8042,1.33014,62,4,1,1.0,1,87,60.0,11
201500036042,2015-09-10,45.8241,1.24539,54,4,2,1.0,1,87,90.0,17
201500036064,2015-10-01,45.8235,1.24044,24,4,1,1.0,1,87,100.0,17
201500036159,2015-12-19,45.7698,1.22413,54,3,1,1.0,1,87,60.0,11
201500036199,2015-06-09,48.14012,6.44991,47,3,1,1.0,1,88,70.0,16
201500036213,2015-11-14,48.16993,6.52325,58,3,2,1.0,1,88,70.0,16
201500036215,2015-11-12,48.18968,6.42918,37,4,1,1.0,1,88,77.0,13
201500036223,2015-09-13,48.02752,6.5794,56,4,1,2.0,1,88,107.0,10
201500036229,2015-06-03,48.26593,6.98116,60,4,1,1.0,1,88,65.0,16
201500036240,2015-07-08,48.28904,6.92644,70,3,1,1.0,1,88,50.0,11
201500036281,2015-09-10,48.19798,3.27101,71,4,1,1.0,5,89,80.0,20
201500036285,2015-11-17,48.19671,3.30311,17,3,2,1.0,1,89,60.0,11
201500036330,2015-06-07,47.6507,6.84585,20,4,1,1.0,1,90,70.0,11
201500036601,2015-03-19,48.68072,2.53808,55,4,2,1.0,1,91,40.0,15
201500036643,2015-11-25,48.6641,2.52444,53,3,1,2.0,3,91,70.0,18
201500037039,2015-10-01,48.7042,2.44639,16,4,1,1.0,1,91,100.0,19
201500037133,2015-09-27,48.6763,2.19419,68,4,1,1.0,1,91,30.0,10
201500044441,2015-01-17,45.775,4.83717,28,1,1,1.0,5,69,73.0,17
201500045167,2015-02-08,48.8646,2.41233,25,1,1,1.0,3,93,70.0,2
201500045167,2015-02-08,48.8646,2.41233,27,1,1,1.0,3,93,70.0,2
201500047715,2015-07-03,42.37256,9.26121,18,3,1,1.0,1,2B,80.0,12
201500047715,2015-07-03,42.37256,9.26121,22,1,1,1.0,1,2B,80.0,12
201500047759,2015-10-09,42.67736,9.43397,50,4,1,1.0,1,2B,100.0,13
201500047804,2015-03-20,45.7812,4.84243,22,3,1,1.0,5,69,70.0,2
201500047809,2015-03-20,45.7543,4.83051,61,4,1,1.0,1,69,72.0,15
201500047816,2015-03-22,45.7276,4.81617,17,3,1,1.0,1,69,65.0,14
201500047816,2015-03-22,45.7276,4.81617,42,1,1,1.0,1,69,65.0,14
201500047872,2015-04-30,45.7203,4.80092,58,4,1,1.0,1,69,54.0,15
201500047902,2015-05-20,45.7412,4.78842,68,4,1,1.0,1,69,74.0,13
201500047904,2015-05-20,45.77034,4.82995,14,4,1,1.0,1,69,64.0,12
201500047912,2015-05-24,45.7197,4.80081,53,3,1,1.0,1,69,87.0,17
201500047915,2015-05-26,45.7132,4.80908,15,4,1,1.0,1,69,72.0,13
201500047921,2015-05-28,45.7884,4.83983,45,3,1,1.0,1,69,70.0,12
201500047952,2015-06-13,45.7167,4.79017,15,3,1,1.0,1,69,58.0,10
201500047954,2015-06-10,45.7729,4.8308,61,4,1,1.0,1,69,29.0,8
201500047970,2015-06-23,45.7834,4.82016,49,4,1,1.0,2,69,30.0,19
201500048011,2015-07-21,45.7059,4.821,77,4,1,1.0,1,69,40.0,8
201500048017,2015-07-23,45.7181,4.81683,42,4,1,1.0,1,69,20.0,8
201500048056,2015-08-26,45.79145,4.82303,69,3,1,1.0,1,69,80.0,16
201500048066,2015-09-05,45.75639,4.79769,44,4,2,1.0,1,69,59.0,12
201500048087,2015-09-23,45.75803,4.81229,18,1,1,1.0,1,69,60.0,10
201500048106,2015-10-01,45.7796,4.79894,37,3,1,1.0,2,69,165.0,6
201500048109,2015-10-01,45.7757,4.80412,17,4,2,1.0,1,69,62.0,12
201500048163,2015-11-08,45.79122,4.8408,66,4,1,1.0,1,69,68.0,13
201500048222,2015-12-11,45.774,4.79675,64,4,1,1.0,1,69,75.0,9
201500048456,2015-01-27,45.7544,4.85275,32,3,2,1.0,1,69,54.0,14
201500048492,2015-04-14,45.7527,4.84262,49,3,1,1.0,1,69,90.0,18
201500048541,2015-04-28,45.7285,4.82183,44,4,1,1.0,1,69,70.0,15
201500048587,2015-05-19,45.7534,4.83678,39,4,1,1.0,1,69,120.0,11
201500048590,2015-05-19,45.7189,4.88725,58,4,1,1.0,1,69,50.0,14
201500048640,2015-06-16,45.7355,4.82963,37,4,2,1.0,1,69,160.0,9
201500048761,2015-08-25,45.7379,4.86352,36,4,1,1.0,1,69,50.0,17
201500048957,2015-12-09,45.7437,4.84094,22,4,1,1.0,1,69,107.0,11
201500049262,2015-01-13,45.7653,4.83035,42,4,1,1.0,1,69,72.0,13
201500049408,2015-01-14,45.7387,4.84113,56,4,2,1.0,5,69,45.0,18
201500050797,2015-06-23,48.52011,2.21485,19,1,1,1.0,1,75,203.0,18
201500052215,2015-08-13,48.52501,2.21432,26,1,1,1.0,1,75,150.0,20
201500055885,2015-06-27,48.53181,2.2107,25,4,1,1.0,1,75,36.0,14
201500055994,2015-10-08,48.88077,2.30911,33,2,1,1.0,1,75,181.0,8
201500056885,2015-01-27,-20.9111,55.51791,55,3,1,1.0,1,974,170.0,7
201500056886,2015-02-26,-20.89742,55.54883,18,3,1,1.0,5,974,103.0,20
201500056917,2015-05-15,-21.2,55.79999,53,3,1,2.0,2,974,62.0,17
201500056959,2015-04-15,-21.11897,55.29756,18,3,1,8.0,2,974,44.0,17
201500056979,2015-08-01,-21.22552,55.53091,32,3,2,1.0,3,974,60.0,19
201500056983,2015-12-14,-21.33756,55.54834,41,3,1,1.0,1,974,64.0,16
201500056995,2015-12-11,-21.36935,55.57528,51,3,1,1.0,1,974,30.0,10
201500057129,2015-06-28,-20.92259,55.56972,53,3,1,1.0,1,974,73.0,11
201500057203,2015-05-10,-21.26023,55.52189,26,2,1,1.0,3,974,61.0,18
201500057614,2015-05-06,4.90659,-52.31524,62,3,1,1.0,1,973,100.0,11
201500057628,2015-05-19,4.92208,-52.30401,53,3,1,1.0,1,973,60.0,8
201500057645,2015-05-27,4.93377,-52.33308,29,3,1,1.0,5,973,98.0,20
201500057662,2015-06-16,4.92227,-52.32314,25,3,2,3.0,1,973,60.0,7
201500057665,2015-06-23,4.92297,-52.31954,4,3,1,1.0,1,973,60.0,15
201500057678,2015-06-30,4.91749,-52.31283,51,3,1,1.0,1,973,70.0,16
201500057682,2015-07-05,4.90224,-52.30544,24,3,1,1.0,4,973,60.0,23
201500057682,2015-07-05,4.90224,-52.30544,27,1,1,1.0,4,973,60.0,23
201500057765,2015-10-05,4.90805,-52.32129,16,4,1,1.0,5,973,60.0,19
201500057781,2015-09-09,4.90652,-52.31635,36,4,2,1.0,1,973,30.0,10
201500057786,2015-08-25,4.90505,-52.32344,47,4,1,1.0,1,973,30.0,9
201500057799,2015-10-27,4.91249,-52.3199,20,3,1,1.0,1,973,30.0,15
201500057855,2015-12-15,4.93836,-52.29899,20,3,1,1.0,1,973,70.0,14
201500057862,2015-12-20,4.93463,-52.32724,57,3,1,1.0,1,973,95.0,18
201500057870,2015-12-26,4.92059,-52.31127,19,3,1,1.0,1,973,70.0,17
201500057989,2015-04-15,-20.95669,55.31325,45,4,1,1.0,1,974,60.0,7
201500057995,2015-04-18,-20.94939,55.29272,14,4,1,1.0,1,974,60.0,16
201500058001,2015-03-06,-20.9367,55.29007,56,4,1,1.0,1,974,35.0,11
201500058010,2015-03-25,-20.95089,55.29071,21,4,1,1.0,2,974,70.0,6
201500058013,2015-05-14,-20.93793,55.29575,17,4,1,1.0,1,974,60.0,16
201500058022,2015-06-08,-20.95599,55.312,16,3,1,1.0,1,974,70.0,8
201500058032,2015-07-09,-20.93947,55.30315,32,4,1,1.0,1,974,140.0,8
201500058034,2015-07-11,-20.94095,55.30194,12,3,1,1.0,2,974,70.0,19
201500058060,2015-11-05,-20.95118,55.29835,16,3,1,3.0,1,974,140.0,17
201500058062,2015-11-21,-20.93858,55.29672,63,2,1,1.0,1,974,37.0,6
201500058077,2015-12-24,-20.96238,55.3176,11,3,1,1.0,1,974,60.0,16
201500058115,2015-08-15,-20.94024,55.64719,25,3,1,1.0,1,974,70.0,13
201500058146,2015-01-26,-20.88937,55.45068,31,3,1,1.0,1,974,50.0,12
201500058212,2015-11-30,-21.28772,55.47117,46,4,1,1.0,1,974,20.0,7
201500058224,2015-04-09,-21.2973,55.45118,20,3,1,1.0,4,974,70.0,20
201500058227,2015-01-17,-21.32576,55.47692,19,4,1,1.0,1,974,60.0,9
201500058232,2015-01-20,-21.31826,55.47331,28,4,2,1.0,1,974,70.0,7
201500058237,2015-04-16,-21.35466,55.51403,20,3,1,1.0,3,974,70.0,1
201500058252,2015-02-06,-21.2943,55.46026,13,4,1,1.0,3,974,60.0,21
201500058270,2015-02-12,-21.28944,55.47834,27,4,1,1.0,2,974,60.0,8
201500058308,2015-05-30,-21.28919,55.50744,8,4,1,1.0,1,974,60.0,14
201500058311,2015-06-01,-21.3295,55.47399,15,4,1,1.0,2,974,60.0,19
201500058311,2015-06-01,-21.3295,55.47399,14,4,1,1.0,2,974,60.0,19
201500058318,2015-03-15,-21.33413,55.47118,68,4,1,1.0,2,974,140.0,6
201500058342,2015-06-03,-21.32466,55.48227,17,4,1,1.0,2,974,60.0,17
201500058345,2015-03-30,-21.28328,55.4771,15,4,1,1.0,1,974,60.0,7
201500058348,2015-07-05,-21.29836,55.45733,22,4,1,1.0,2,974,60.0,20
201500058353,2015-07-12,-21.36145,55.53535,11,4,1,1.0,1,974,60.0,15
201500058436,2015-11-01,-21.32005,55.55053,16,4,1,1.0,1,974,60.0,14
201600000052,2016-06-01,50.641,2.712,13,3,1,2.0,1,59,65.0,15
201600000083,2016-04-02,50.71633,2.99358,51,3,1,1.0,1,59,63.0,8
201600000084,2016-04-02,50.71359,2.93964,42,4,1,1.0,3,59,97.0,2
201600000206,2016-06-10,50.10858,3.08254,7,3,2,1.0,1,62,60.0,18
201600000209,2016-06-07,50.12353,2.63517,61,4,1,1.0,1,62,75.0,9
201600000233,2016-11-28,50.32858,2.97896,28,3,2,1.0,2,62,50.0,7
201600000295,2016-04-13,50.38327,2.32433,15,4,1,1.0,1,62,60.0,16
201600000304,2016-09-14,50.51755,2.22933,9,3,1,1.0,1,62,53.0,18
201600000314,2016-07-31,50.38909,2.62265,41,3,1,1.0,1,62,80.0,8
201600000331,2016-10-29,50.1722,1.65806,53,3,1,8.0,1,80,25.0,9
201600000427,2016-06-04,49.80455,4.05527,13,4,1,1.0,1,02,50.0,19
201600000480,2016-06-16,49.31424,2.31659,11,3,2,1.0,1,60,48.0,15
201600000583,2016-06-07,49.53037,1.11156,53,2,1,1.0,1,76,6.0,9
201600000600,2016-06-22,49.60976,1.32337,14,4,1,1.0,1,76,28.0,13
201600000616,2016-06-07,49.43218,0.85844,28,4,2,1.0,1,76,70.0,12
201600000616,2016-06-07,49.43218,0.85844,32,1,1,1.0,1,76,70.0,12
201600000618,2016-07-24,49.56951,0.61911,14,3,1,1.0,1,76,43.0,16
201600000632,2016-05-26,49.65459,0.59595,11,3,1,1.0,1,76,46.0,17
201600000645,2016-10-13,49.49701,0.26809,75,2,1,1.0,1,76,70.0,16
201600000655,2016-09-23,49.65037,1.535,78,2,1,1.0,1,76,55.0,14
201600000664,2016-08-22,49.61801,0.75264,87,3,1,1.0,1,76,60.0,15
201600000714,2016-09-13,48.8299,1.01848,53,2,1,7.0,1,27,67.0,18
201600000761,2016-09-09,49.33915,1.26005,54,2,1,7.0,1,27,65.0,16
201600000805,2016-04-03,49.29793,1.20833,13,3,2,1.0,1,27,60.0,16
201600000837,2016-11-26,49.33854,0.51149,77,2,1,1.0,1,27,560.0,11
201600000853,2016-05-11,48.26775,-1.65075,81,2,1,1.0,1,35,53.0,16
201600000870,2016-03-16,47.99596,-2.07911,79,2,2,6.0,1,35,57.0,16
201600000892,2016-06-27,48.27779,-1.35503,46,3,1,2.0,1,35,58.0,9
201600000892,2016-06-27,48.27779,-1.35503,39,3,1,2.0,1,35,58.0,9
201600000893,2016-08-13,48.28696,-1.43407,13,3,1,7.0,1,35,55.0,18
201600000919,2016-02-10,47.95375,-1.77967,58,3,1,1.0,1,35,75.0,16
201600000927,2016-05-06,47.87868,-1.78018,12,2,2,1.0,1,35,54.0,15
201600000936,2016-04-21,48.60574,-2.06842,35,3,1,2.0,1,35,38.0,17
201600000978,2016-08-10,48.49043,-2.60603,67,2,1,1.0,1,22,45.0,11
201600000995,2016-04-30,48.74091,-2.97963,71,2,2,1.0,1,22,43.0,16
201600001003,2016-06-17,48.55663,-2.53637,12,3,1,1.0,1,22,60.0,16
201600001024,2016-01-07,48.44473,-1.97567,88,3,1,7.0,1,22,65.0,10
201600001025,2016-01-10,48.43645,-2.14462,17,3,2,7.0,1,22,58.0,11
201600001060,2016-04-21,48.0244,-4.5404,48,3,2,1.0,1,29,65.0,14
201600001070,2016-01-07,48.08797,-4.30236,64,3,1,2.0,1,29,70.0,12
201600001075,2016-10-19,48.09506,-4.36303,77,3,1,1.0,1,29,42.0,16
201600001094,2016-01-12,47.83508,-4.18981,42,4,1,2.0,1,29,80.0,14
201600001153,2016-01-08,48.27776,-3.55274,59,3,1,1.0,1,29,60.0,14
201600001168,2016-09-17,48.099,-4.045,77,3,1,1.0,1,29,70.0,14
201600001197,2016-06-01,48.66634,-4.06653,68,4,2,1.0,1,29,65.0,15
201600001237,2016-07-22,47.5086,-2.6136,11,3,1,9.0,2,56,62.0,19
201600001304,2016-10-13,47.90426,-2.11839,9,3,1,1.0,1,56,64.0,13
201600001352,2016-07-28,49.3097,-0.35658,16,3,1,1.0,1,14,70.0,17
201600001354,2016-10-02,49.3319,-0.40584,82,3,1,1.0,1,14,74.0,9
201600001397,2016-07-16,49.2362,-0.2381,17,3,1,1.0,1,14,60.0,18
201600001438,2016-01-13,49.0558,-0.4887,56,2,1,8.0,1,14,30.0,11
201600001473,2016-10-26,49.0672,0.18595,68,2,1,1.0,1,14,91.0,13
201600001474,2016-12-22,49.21,0.333,27,2,1,1.0,3,14,66.0,18
201600001513,2016-04-30,48.8482,-0.54949,15,3,1,1.0,1,14,35.0,14
201600001542,2016-01-12,48.7298,2.37109,44,4,1,2.0,1,94,70.0,8
201600001586,2016-08-14,48.7482,-1.51009,82,4,1,7.0,2,50,65.0,9
201600001605,2016-10-25,49.6334,-1.70542,48,3,1,1.0,1,50,50.0,12
201600001647,2016-02-29,49.2013,-1.56599,67,3,1,1.0,1,50,56.0,16
201600001653,2016-12-23,49.1637,-1.34613,11,3,1,2.0,2,50,49.0,17
201600001678,2016-04-13,46.19532,5.22953,37,4,1,2.0,2,01,100.0,6
201600001696,2016-07-21,46.20019,5.24855,42,4,2,1.0,1,01,71.0,9
201600001704,2016-09-16,46.19541,5.22533,49,4,1,1.0,1,01,1.0,17
201600001706,2016-09-23,46.21099,5.22749,14,4,1,1.0,1,01,102.0,17
201600001715,2016-11-18,46.19814,5.22251,18,4,2,2.0,1,01,91.0,8
201600001723,2016-12-12,46.20562,5.23612,18,4,1,8.0,1,01,70.0,8
201600001812,2016-04-19,47.2866,-1.44532,50,2,1,1.0,1,44,111.0,17
201600001818,2016-09-20,47.29278,-1.43954,66,1,1,1.0,1,44,60.0,16
201600001818,2016-09-20,47.29278,-1.43954,65,2,1,1.0,1,44,60.0,16
201600001913,2016-01-06,47.4471,-2.246,81,3,2,1.0,1,44,61.0,9
201600001918,2016-03-31,47.44724,-2.24256,58,3,2,1.0,1,44,60.0,12
201600001923,2016-05-28,47.3823,-2.48277,68,3,1,1.0,1,44,55.0,11
201600001932,2016-07-25,47.42877,-2.39274,13,3,1,1.0,1,44,58.0,15
201600001939,2016-08-16,47.26734,-2.45408,62,3,2,1.0,1,44,56.0,12
201600001941,2016-02-21,47.31116,-2.21048,48,3,1,1.0,3,44,47.0,19
201600001945,2016-08-25,47.32008,-2.11456,41,3,1,1.0,1,44,70.0,17
201600001950,2016-07-15,47.43404,-2.09904,60,2,1,1.0,1,44,70.0,9
201600001998,2016-08-06,47.16942,-0.65817,84,2,1,1.0,1,49,56.0,16
201600002093,2016-11-22,47.21446,0.06683,61,3,1,2.0,1,49,32.0,14
201600002095,2016-01-29,47.69764,-0.8644,60,3,2,1.0,2,49,49.0,7
201600002122,2016-11-17,47.5746,-0.44044,80,3,2,2.0,1,49,48.0,8
201600002138,2016-07-18,48.15549,-0.3385,13,3,1,7.0,1,53,60.0,20
201600002155,2016-07-16,47.8244,-0.69033,69,3,2,1.0,1,53,74.0,14
201600002156,2016-07-18,47.83619,-0.72805,79,4,1,1.0,1,53,64.0,9
201600002176,2016-12-05,47.84504,-0.96455,48,3,2,1.0,1,53,50.0,8
201600002180,2016-05-24,48.3101,-0.54104,80,4,1,1.0,1,53,60.0,16
201600002183,2016-09-10,48.28559,-0.62272,73,3,1,1.0,1,53,32.0,11
201600002256,2016-07-26,48.009,0.157,46,4,1,1.0,1,72,48.0,14
201600002264,2016-07-17,47.698,-0.112,21,3,1,1.0,3,72,72.0,0
201600002280,2016-09-02,47.817,-0.08,63,3,2,1.0,1,72,72.0,11
201600002352,2016-08-22,46.79774,-1.17269,15,4,1,1.0,1,85,31.0,19
201600002377,2016-06-21,46.91626,-1.41466,76,4,1,1.0,1,85,38.0,14
201600002377,2016-06-21,46.91626,-1.41466,75,3,2,1.0,1,85,38.0,14
201600002400,2016-05-03,46.7226,-1.64194,64,3,1,1.0,1,85,42.0,10
201600002405,2016-09-09,46.69886,-1.5714,69,4,1,7.0,2,85,27.0,9
201600002417,2016-04-13,46.45189,-1.16647,82,3,1,1.0,1,85,67.0,13
201600002465,2016-01-13,46.60192,-1.65443,57,3,1,2.0,5,85,76.0,7
201600002478,2016-03-22,46.64735,-1.8401,66,3,1,1.0,1,85,60.0,16
201600002484,2016-09-29,46.62517,-1.85753,81,3,1,1.0,1,85,60.0,17
201600002487,2016-10-30,46.70999,-1.9679,50,2,1,1.0,1,85,100.0,17
201600002497,2016-08-31,46.90246,-2.00225,16,3,1,1.0,1,85,61.0,15
201600002502,2016-05-31,46.45508,-1.59864,75,4,1,1.0,1,85,55.0,9
201600002502,2016-05-31,46.45508,-1.59864,62,3,1,1.0,1,85,55.0,9
201600002502,2016-05-31,46.45508,-1.59864,67,1,1,1.0,1,85,55.0,9
201600002505,2016-03-18,46.41519,-1.57149,64,3,2,1.0,1,85,70.0,9
201600002509,2016-07-02,46.45241,-1.59023,55,3,1,1.0,1,85,64.0,7
201600002513,2016-08-18,46.38823,-1.48095,48,3,1,1.0,5,85,50.0,23
201600002517,2016-10-18,46.40636,-1.41332,78,2,2,7.0,1,85,67.0,8
201600002576,2016-05-04,44.92176,-0.47605,70,3,1,1.0,1,33,60.0,17
201600002578,2016-05-29,44.9302,-0.45131,36,3,1,1.0,1,33,100.0,17
201600002619,2016-02-02,44.6783,-0.4032,56,3,2,1.0,1,33,69.0,9
201600002772,2016-06-21,45.3908,0.69689,73,3,1,1.0,1,24,56.0,16
201600002802,2016-12-06,44.8257,0.88823,52,3,1,1.0,1,24,6.0,10
201600002838,2016-05-23,45.0413,0.38085,33,2,1,2.0,1,24,70.0,13
201600002838,2016-05-23,45.0413,0.38085,41,3,1,2.0,1,24,70.0,13
201600002843,2016-09-13,44.9983,0.23399,68,3,1,1.0,1,24,60.0,10
201600002851,2016-08-06,44.9642,1.26624,12,3,1,1.0,1,24,35.0,17
201600002897,2016-01-15,43.53747,-0.93189,55,3,1,2.0,3,40,80.0,20
201600002920,2016-08-13,43.54311,-1.46944,80,2,1,1.0,1,40,76.0,8
201600002924,2016-05-11,44.42633,-1.16812,84,2,1,1.0,1,40,70.0,11
201600002929,2016-09-28,44.50566,-1.06143,63,3,1,1.0,1,40,70.0,16
201600002978,2016-06-28,44.191,0.76365,69,4,1,1.0,1,47,69.0,17
201600002987,2016-02-03,44.5029,0.23541,70,3,1,1.0,1,47,70.0,16
201600002993,2016-05-23,44.517,0.12353,35,3,2,1.0,1,47,70.0,7
201600003009,2016-07-23,44.5689,0.32174,73,3,1,1.0,1,47,75.0,11
201600003021,2016-03-17,44.2698,0.28209,79,2,1,1.0,1,47,60.0,9
201600003065,2016-10-29,43.28033,-0.23833,48,3,1,1.0,3,64,217.0,8
201600003079,2016-04-16,43.52118,-0.47919,57,1,1,1.0,1,64,70.0,11
201600003079,2016-04-16,43.52118,-0.47919,56,3,1,1.0,1,64,70.0,11
201600003104,2016-12-07,43.305,-1.566,53,3,2,1.0,1,64,50.0,10
201600003228,2016-06-23,46.1482,0.272,13,3,1,1.0,1,86,53.0,13
201600003266,2016-09-22,45.73341,-0.35522,22,3,1,1.0,1,16,65.0,14
201600003266,2016-09-22,45.73341,-0.35522,28,1,1,1.0,1,16,65.0,14
201600003323,2016-11-26,46.25717,-0.8821,69,2,1,7.0,1,17,56.0,16
201600003329,2016-07-21,46.1835,-1.39702,86,3,2,1.0,1,17,60.0,17
201600003340,2016-07-15,45.34185,-0.34139,46,2,2,1.0,1,17,43.0,12
201600003341,2016-07-26,45.44511,-0.43619,13,3,1,1.0,1,17,26.0,14
201600003343,2016-12-28,45.47117,-0.43488,54,3,1,1.0,1,17,56.0,17
201600003347,2016-09-27,45.47273,-0.5471,63,2,2,1.0,1,17,46.0,10
201600003367,2016-10-15,45.82057,-1.09947,84,4,1,1.0,1,17,79.0,9
201600003407,2016-08-26,46.14361,-0.85646,62,3,1,1.0,1,17,70.0,10
201600003416,2016-03-18,45.71603,-0.55285,59,3,1,1.0,1,17,70.0,14
201600003429,2016-08-13,45.59794,-0.95653,65,3,2,1.0,1,17,35.0,14
201600003436,2016-07-09,45.5627,-0.54163,76,2,1,1.0,1,17,48.0,10
201600003441,2016-04-14,45.73219,-0.81697,71,3,1,1.0,1,17,56.0,10
201600003460,2016-09-15,45.97621,-0.43336,45,4,1,1.0,1,17,50.0,18
201600003496,2016-03-18,45.9021,1.25234,63,3,1,1.0,1,87,68.0,18
201600003498,2016-05-05,45.8921,1.05699,54,3,1,1.0,1,87,115.0,16
201600003508,2016-02-10,45.9562,1.31886,56,2,1,1.0,1,87,70.0,10
201600003511,2016-05-04,45.7126,1.60353,30,3,2,1.0,1,87,70.0,21
201600003522,2016-03-07,45.52,1.17164,69,3,1,1.0,1,87,60.0,13
201600003524,2016-05-29,45.5574,1.09075,51,3,1,2.0,1,87,56.0,14
201600003612,2016-04-16,43.57487,1.69224,68,2,1,7.0,1,31,50.0,11
201600003612,2016-04-16,43.57487,1.69224,54,3,1,7.0,1,31,50.0,11
201600003612,2016-04-16,43.57487,1.69224,62,4,1,7.0,1,31,50.0,11
201600003612,2016-04-16,43.57487,1.69224,51,4,1,7.0,1,31,50.0,11
201600003617,2016-03-26,43.52307,1.50654,38,3,2,1.0,1,31,60.0,18
201600003624,2016-06-05,43.79122,1.35049,41,3,1,1.0,1,31,63.0,9
201600003631,2016-03-30,43.76781,1.16329,64,3,2,1.0,1,31,50.0,14
201600003655,2016-07-27,43.70464,1.37668,42,4,2,1.0,1,31,85.0,9
201600003701,2016-09-10,43.29719,1.22474,73,3,2,1.0,1,31,86.0,11
201600003737,2016-08-12,43.39073,1.68409,18,3,1,7.0,1,31,51.0,18
201600003741,2016-08-06,43.45518,1.8969,15,3,1,1.0,1,31,44.0,11
201600003742,2016-03-18,43.41818,1.50054,35,3,1,1.0,1,31,61.0,16
201600003758,2016-10-28,42.99045,1.25156,70,2,2,1.0,1,09,35.0,11
201600003759,2016-11-26,42.97265,1.5221,58,3,1,1.0,1,09,41.0,16
201600003785,2016-08-03,43.25438,1.37039,58,3,1,1.0,1,09,34.0,11
201600003786,2016-10-22,43.26295,1.34694,19,3,1,6.0,1,09,50.0,10
201600003825,2016-08-24,44.4174,2.5733,24,3,1,7.0,1,12,60.0,19
201600003825,2016-08-24,44.4174,2.5733,53,3,1,7.0,1,12,60.0,19
201600003827,2016-10-30,44.29612,2.57411,73,3,1,1.0,1,12,38.0,8
201600003839,2016-05-26,44.6272,2.37532,44,3,1,1.0,1,12,55.0,16
201600003843,2016-08-13,44.4185,2.53749,80,3,1,1.0,1,12,63.0,10
201600003882,2016-04-16,43.9514,2.89519,13,3,1,1.0,1,12,83.0,8
201600003897,2016-05-05,44.3484,2.05478,18,4,1,1.0,1,12,40.0,14
201600003912,2016-04-18,43.5512,0.61034,76,3,1,1.0,1,32,61.0,14
201600003920,2016-05-24,43.6262,0.87871,73,3,1,1.0,1,32,66.0,9
201600003932,2016-05-16,43.5913,1.14474,66,2,1,1.0,1,32,50.0,14
201600003969,2016-10-17,43.8657,-0.06858,17,3,1,1.0,3,32,52.0,7
201600003970,2016-10-24,43.8356,0.15154,90,3,1,1.0,1,32,61.0,10
201600003992,2016-07-30,43.4551,0.30089,17,3,1,1.0,2,32,50.0,21
201600004103,2016-09-28,43.1355,-0.06962,59,3,1,1.0,1,65,50.0,17
201600004112,2016-06-06,43.4722,0.02636,86,4,1,1.0,1,65,58.0,16
201600004120,2016-07-31,42.7214,-0.04947,58,2,2,5.0,1,65,70.0,13
201600004160,2016-03-26,43.9397,2.37878,64,3,1,1.0,1,81,50.0,10
201600004170,2016-03-24,43.7737,1.68598,81,3,1,1.0,1,81,75.0,17
201600004189,2016-04-17,43.9051,1.85602,57,3,1,8.0,1,81,70.0,10
201600004234,2016-05-25,43.8892,1.82156,15,4,1,1.0,1,81,60.0,12
201600004236,2016-07-31,43.8002,1.82688,15,3,1,1.0,1,81,56.0,15
201600004306,2016-07-25,44.11633,1.10588,37,3,1,1.0,1,82,65.0,7
201600004359,2016-07-01,45.861,4.707,49,3,1,1.0,1,69,85.0,12
201600004419,2016-04-10,45.739,4.682,66,2,1,1.0,1,69,60.0,10
201600004471,2016-08-17,46.057,4.662,72,3,1,7.0,1,69,96.0,9
201600004547,2016-06-23,46.09288,5.35699,61,3,1,1.0,1,01,60.0,15
201600004604,2016-08-13,46.20538,5.6938,68,3,2,1.0,1,01,40.0,20
201600004807,2016-06-22,44.35853,5.13516,75,3,1,7.0,1,26,55.0,8
201600004950,2016-11-10,49.66957,3.30064,75,4,2,2.0,1,02,48.0,8
201600005027,2016-01-22,45.72,5.264,41,3,1,1.0,1,38,60.0,16
201600005116,2016-08-09,45.5554,5.01634,18,3,1,1.0,1,38,45.0,11
201600005166,2016-04-12,45.48936,4.24344,36,3,1,1.0,1,42,66.0,12
201600005186,2016-04-16,45.47817,4.44323,64,4,1,1.0,1,42,70.0,8
201600005188,2016-09-22,45.50285,4.45055,44,3,1,1.0,3,42,60.0,20
201600005189,2016-11-15,45.50537,4.30661,65,3,1,1.0,1,42,65.0,14
201600005207,2016-09-01,45.60248,4.07874,64,3,1,1.0,1,42,75.0,11
201600005208,2016-11-01,45.5541,4.13649,14,3,1,1.0,1,42,60.0,14
201600005227,2016-04-20,45.75435,4.14599,65,4,1,1.0,1,42,40.0,10
201600005248,2016-12-12,45.80676,3.77807,16,3,1,1.0,1,42,95.0,7
201600005274,2016-08-13,45.41089,4.2178,56,3,1,1.0,1,42,72.0,11
201600005276,2016-08-27,45.45545,4.06316,58,4,1,1.0,1,42,60.0,12
201600005287,2016-07-19,45.65384,4.29335,80,3,1,1.0,1,42,45.0,9
201600005290,2016-09-12,45.56591,4.29284,82,3,1,1.0,1,42,64.0,8
201600005290,2016-09-12,45.56591,4.29284,42,1,1,1.0,1,42,64.0,8
201600005301,2016-09-09,45.44579,4.75256,82,1,1,1.0,1,42,70.0,12
201600005304,2016-02-18,46.11977,4.11059,65,4,1,1.0,1,42,60.0,15
201600005323,2016-11-23,45.94673,4.21951,78,3,1,1.0,1,42,80.0,14
201600005327,2016-05-21,46.16191,4.17168,13,3,1,1.0,1,42,60.0,14
201600005328,2016-05-21,46.15085,4.34197,61,3,1,1.0,1,42,60.0,9
201600005361,2016-06-20,45.65663,5.89947,58,2,1,1.0,1,73,90.0,15
201600005387,2016-06-16,45.61194,5.86019,42,3,1,2.0,1,73,70.0,14
201600005395,2016-07-21,45.58257,6.30468,57,3,2,1.0,1,73,61.0,9
201600005401,2016-07-20,45.62306,6.82062,62,3,1,1.0,1,73,68.0,11
201600005406,2016-06-16,45.43371,6.55618,39,3,1,2.0,1,73,85.0,10
201600005413,2016-06-26,45.08376,6.42768,29,3,1,1.0,1,73,70.0,15
201600005413,2016-06-26,45.08376,6.42768,27,3,2,1.0,1,73,70.0,15
201600005414,2016-07-01,45.0858,6.4372,29,3,1,1.0,1,73,70.0,14
201600005420,2016-06-26,45.48432,6.27172,52,3,1,1.0,1,73,52.0,8
201600005425,2016-07-23,45.29935,6.93548,56,3,1,1.0,1,73,70.0,12
201600005659,2016-12-16,45.4784,3.7264,55,2,2,1.0,5,63,102.0,22
201600005696,2016-09-03,45.486,3.344,56,3,1,1.0,1,63,64.0,11
201600005726,2016-01-04,45.8298,3.501,63,3,1,1.0,1,63,60.0,16
201600005789,2016-09-25,46.333,3.286,13,3,1,1.0,1,03,59.0,9
201600005911,2016-07-26,45.078,2.935,70,3,1,1.0,1,15,51.0,15
201600005941,2016-12-28,45.1327,3.91927,18,1,1,1.0,1,43,60.0,14
201600005941,2016-12-28,45.1327,3.91927,10,3,1,1.0,1,43,60.0,14
201600006040,2016-09-01,49.02984,6.05175,17,4,1,1.0,1,57,60.0,9
201600006182,2016-05-04,48.617,6.25,40,4,1,1.0,1,54,70.0,17
201600006215,2016-02-08,46.1312,3.41747,79,3,2,8.0,1,03,80.0,11
201600006230,2016-05-18,46.12247,3.41872,26,4,2,8.0,2,03,120.0,20
201600006251,2016-11-26,46.13179,3.45374,21,4,1,1.0,1,03,100.0,11
201600006296,2016-10-11,48.77409,6.05395,69,2,1,1.0,1,54,62.0,15
201600006310,2016-04-20,48.61012,5.09278,57,3,1,1.0,1,55,65.0,17
201600006317,2016-07-04,48.66,5.811,6,3,2,2.0,1,55,65.0,8
201600006389,2016-07-27,48.25051,6.42115,50,3,1,1.0,1,88,50.0,11
201600006390,2016-07-27,48.24602,6.42515,69,4,1,1.0,1,88,50.0,14
201600006401,2016-08-25,48.10355,6.51399,57,3,2,7.0,1,88,74.0,7
201600006409,2016-04-20,48.41989,5.70118,17,4,1,1.0,1,88,90.0,16
201600006410,2016-04-20,48.47444,5.89557,48,4,1,1.0,1,88,40.0,17
201600006410,2016-04-20,48.47444,5.89557,51,3,1,1.0,1,88,40.0,17
201600006433,2016-02-12,48.00694,6.71138,60,3,1,1.0,1,88,60.0,11
201600006443,2016-08-31,47.90435,6.77929,48,3,1,1.0,1,88,60.0,12
201600006467,2016-09-09,48.06918,6.83701,61,3,1,1.0,1,88,90.0,9
201600006469,2016-09-29,48.06956,6.83747,66,4,1,1.0,1,88,68.0,11
201600006470,2016-10-22,48.06516,6.85648,28,4,2,1.0,1,88,68.0,16
201600006691,2016-07-08,48.13384,7.29037,78,3,1,1.0,1,68,57.0,11
201600006701,2016-07-09,48.04022,7.15667,4,3,1,1.0,1,68,60.0,21
201600006707,2016-11-24,48.04238,7.1601,46,3,2,1.0,5,68,70.0,17
201600006719,2016-06-01,48.20429,7.35398,19,3,1,1.0,1,68,40.0,8
201600006735,2016-03-01,48.09451,7.30565,24,4,2,1.0,1,68,65.0,7
201600006780,2016-04-02,47.45039,7.20303,8,3,1,1.0,1,68,63.0,16
201600006789,2016-05-26,47.89765,7.35334,63,3,1,1.0,1,68,195.0,8
201600006790,2016-06-25,47.89764,7.35335,66,4,1,1.0,1,68,165.0,9
201600006825,2016-06-10,48.00521,7.21383,57,3,1,1.0,1,68,45.0,15
201600006833,2016-11-04,47.95997,7.29227,41,4,1,1.0,1,68,49.0,14
201600006848,2016-12-28,47.77954,7.34562,34,4,2,1.0,1,68,90.0,14
201600006852,2016-07-05,47.70227,7.30801,19,4,1,1.0,1,68,78.0,11
201600006855,2016-04-22,47.52525,7.47835,52,4,1,1.0,1,68,80.0,16
201600006863,2016-08-04,47.63651,7.53533,29,4,1,1.0,1,68,60.0,8
201600006876,2016-05-14,47.81917,7.06035,48,3,1,1.0,1,68,52.0,17
201600006894,2016-05-18,47.80675,7.18282,13,4,1,1.0,1,68,50.0,16
201600006903,2016-10-19,47.84729,7.14319,17,4,1,1.0,1,68,45.0,17
201600006903,2016-10-19,47.84729,7.14319,18,1,1,1.0,1,68,45.0,17
201600006915,2016-05-08,47.87128,6.97409,18,3,1,1.0,1,68,60.0,12
201600006917,2016-06-11,47.90492,7.09061,27,3,1,1.0,1,68,70.0,12
201600006917,2016-06-11,47.90492,7.09061,31,4,1,1.0,1,68,70.0,12
201600006945,2016-04-10,48.85739,4.10759,61,3,1,7.0,1,51,55.0,9
201600006952,2016-10-15,49.02395,4.04559,14,4,1,1.0,1,51,43.0,15
201600006977,2016-10-06,48.69196,3.84042,21,2,1,6.0,1,51,56.0,15
201600006980,2016-12-08,48.58522,3.81897,58,3,1,1.0,2,51,62.0,16
201600007005,2016-10-02,49.07139,3.88316,69,2,1,1.0,1,51,80.0,9
201600007010,2016-08-08,48.74438,4.62637,6,2,1,1.0,1,51,60.0,10
201600007028,2016-07-18,48.571,4.303,69,2,1,1.0,1,10,60.0,11
201600007036,2016-04-13,48.16377,4.05227,61,3,2,1.0,1,10,50.0,16
201600007036,2016-04-13,48.16377,4.05227,56,3,1,1.0,1,10,50.0,16
201600007036,2016-04-13,48.16377,4.05227,76,3,1,1.0,1,10,50.0,16
201600007044,2016-10-22,48.36531,3.9495,50,3,1,1.0,3,10,64.0,19
201600007053,2016-09-01,48.226,3.733,20,3,1,1.0,1,10,65.0,16
201600007063,2016-04-13,48.36945,4.69962,66,3,1,1.0,1,10,70.0,14
201600007074,2016-08-24,48.15954,4.41348,56,3,1,1.0,1,10,75.0,17
201600007086,2016-06-12,48.3894,3.49011,42,2,1,1.0,1,10,42.0,12
201600007094,2016-10-22,48.48436,3.88852,15,3,1,5.0,3,10,54.0,19
201600007105,2016-05-21,48.20426,5.14886,63,3,2,1.0,1,52,63.0,11
201600007153,2016-01-06,47.25044,5.342,52,3,1,3.0,1,21,58.0,13
201600007161,2016-10-19,47.19375,5.39393,17,3,1,1.0,2,21,15.0,8
201600007175,2016-03-03,47.30404,5.41966,82,4,1,2.0,1,21,57.0,14
201600007216,2016-02-26,47.3677,4.77504,50,3,1,1.0,1,21,35.0,16
201600007282,2016-10-24,47.608,3.002,54,3,2,3.0,1,58,70.0,13
201600007312,2016-05-10,46.28738,4.74321,64,3,2,1.0,1,71,49.0,15
201600007323,2016-12-26,46.35231,4.79356,13,3,2,2.0,1,71,70.0,14
201600007358,2016-05-21,46.67837,4.70171,63,3,1,1.0,1,71,55.0,20
201600007404,2016-06-29,46.6221,3.77691,43,3,2,1.0,1,71,200.0,12
201600007490,2016-07-22,47.79596,3.79883,12,3,1,1.0,1,89,70.0,16
201600007557,2016-07-08,47.2011,6.03551,89,3,1,1.0,1,25,61.0,17
201600007611,2016-04-12,47.34666,6.10787,8,2,1,1.0,1,25,30.0,17
201600007614,2016-09-16,47.33267,6.17227,49,3,1,1.0,1,25,56.0,17
201600007663,2016-02-23,44.0876,6.21751,15,3,1,1.0,1,04,56.0,17
201600007666,2016-04-26,44.0911,6.2311,71,4,1,1.0,1,04,60.0,11
201600007668,2016-05-26,44.0879,6.22004,78,3,1,1.0,1,04,55.0,15
201600007709,2016-07-28,47.05649,5.41382,83,3,1,1.0,1,39,140.0,17
201600007721,2016-06-01,46.59886,5.89596,8,3,1,2.0,1,39,53.0,8
201600007736,2016-06-22,43.8262,5.7871,21,3,1,1.0,1,04,60.0,8
201600007738,2016-08-19,43.8221,5.78987,42,4,1,1.0,1,04,99.0,17
201600007741,2016-09-29,43.8295,5.78697,21,3,1,1.0,1,04,40.0,8
201600007746,2016-12-08,43.8104,5.81168,76,3,1,1.0,1,04,70.0,14
201600007753,2016-02-06,47.82929,5.89339,65,3,1,1.0,1,70,100.0,8
201600007754,2016-03-15,47.93076,6.02834,75,2,1,1.0,1,70,53.0,14
201600007778,2016-09-30,47.68998,6.64285,60,3,1,1.0,2,70,35.0,7
201600008024,2016-07-07,43.53212,5.05104,52,3,1,1.0,1,13,73.0,10
201600008038,2016-03-20,43.8548,4.921,35,3,1,1.0,1,13,70.0,14
201600008065,2016-07-31,44.2061,6.27413,50,3,1,1.0,1,04,55.0,11
201600008066,2016-12-15,44.0659,6.17293,60,3,1,1.0,1,04,76.0,13
201600008068,2016-05-22,43.7571,5.92647,62,3,1,1.0,1,04,55.0,17
201600008074,2016-08-09,43.8004,5.83325,70,4,2,1.0,1,04,40.0,11
201600008135,2016-07-06,43.7803,6.28064,47,3,1,1.0,1,04,59.0,15
201600008160,2016-05-04,43.7608,5.75423,37,4,1,1.0,1,04,60.0,18
201600008189,2016-08-25,44.69548,5.88236,51,4,1,1.0,1,05,42.0,13
201600008196,2016-10-30,44.4898,6.11697,51,2,2,1.0,1,05,66.0,16
201600008209,2016-07-30,44.92577,6.67929,62,3,1,1.0,1,05,57.0,17
201600008215,2016-08-09,44.54325,6.40818,44,3,1,1.0,1,05,51.0,9
201600008223,2016-03-27,44.7065,6.60389,50,2,1,1.0,1,05,60.0,12
201600008238,2016-04-06,43.78,7.279,35,3,1,1.0,1,06,83.0,12
201600008250,2016-02-14,43.70381,7.32653,41,3,1,1.0,1,06,56.0,10
201600008522,2016-06-05,43.12652,6.2458,54,3,2,1.0,1,83,52.0,9
201600008522,2016-06-05,43.12652,6.2458,28,1,1,1.0,1,83,52.0,9
201600008622,2016-08-17,44.15364,4.8718,57,3,1,1.0,1,84,80.0,16
201600008653,2016-08-10,43.6319,3.91107,66,2,1,1.0,1,34,60.0,16
201600008692,2016-01-25,43.6504,4.1391,37,4,1,1.0,2,34,35.0,7
201600008709,2016-12-26,43.6561,4.13837,78,3,1,1.0,2,34,78.0,19
201600008726,2016-07-23,43.7525,3.83925,84,3,1,1.0,1,34,49.0,11
201600008731,2016-04-13,43.5813,3.16755,85,3,1,1.0,1,34,120.0,16
201600008753,2016-06-28,43.5501,3.15543,61,3,1,1.0,1,34,54.0,10
201600008829,2016-08-22,43.4556,3.69487,65,3,1,1.0,1,34,58.0,10
201600008851,2016-12-18,43.33084,2.1171,19,3,1,1.0,5,11,46.0,1
201600008886,2016-01-03,43.11937,2.07266,71,3,1,1.0,1,11,54.0,10
201600008914,2016-01-07,43.15838,3.1618,68,3,1,1.0,1,11,52.0,9
201600008958,2016-06-29,43.89239,4.50932,24,4,1,1.0,1,30,55.0,17
201600008961,2016-03-13,43.69475,4.39072,45,2,1,1.0,1,30,50.0,9
201600008988,2016-05-01,44.19982,4.08633,64,3,1,6.0,1,30,70.0,17
201600008992,2016-11-08,44.05754,4.22237,60,3,1,1.0,1,30,70.0,15
201600009005,2016-07-11,44.30959,3.96772,62,3,2,1.0,1,30,35.0,8
201600009019,2016-11-04,44.24332,4.19662,39,3,1,1.0,1,30,63.0,12
201600009095,2016-07-26,44.02568,3.73324,44,4,1,1.0,1,30,42.0,12
201600009096,2016-08-03,43.97902,3.59878,14,3,1,7.0,1,30,100.0,17
201600009115,2016-08-08,44.456,3.934,64,3,1,1.0,1,48,59.0,14
201600009175,2016-02-21,42.62243,2.81852,8,3,1,1.0,1,66,60.0,17
201600009199,2016-04-16,42.54498,2.92897,50,2,1,1.0,1,66,64.0,15
201600009277,2016-11-27,41.5845,9.28095,66,3,1,1.0,1,2A,10.0,10
201600009294,2016-08-12,42.55006,9.46256,62,3,1,1.0,1,2B,60.0,9
201600009394,2016-10-25,42.36264,9.52946,72,4,1,2.0,1,2B,87.0,8
201600009419,2016-03-24,44.55483,6.07513,46,3,1,1.0,1,05,95.0,14
201600009429,2016-07-12,44.54733,6.05919,53,3,1,1.0,1,05,73.0,19
201600009434,2016-09-01,44.55739,6.0553,43,4,1,1.0,1,05,74.0,19
201600009593,2016-06-13,48.67039,2.06582,32,4,1,8.0,2,91,61.0,20
201600009610,2016-10-28,48.73831,2.16431,18,3,2,8.0,2,91,45.0,19
201600009716,2016-06-18,48.77654,2.82583,50,4,1,1.0,1,77,70.0,10
201600009723,2016-07-31,48.74004,3.22504,73,3,2,1.0,1,77,70.0,14
201600009731,2016-07-15,48.67685,2.93709,54,3,1,1.0,1,77,50.0,18
201600009768,2016-06-07,48.8848,2.83233,36,3,2,1.0,2,77,115.0,20
201600009813,2016-09-01,48.4979,2.94586,58,3,1,1.0,3,77,46.0,6
201600009847,2016-11-21,47.86144,2.10989,14,4,1,1.0,2,45,70.0,7
201600009874,2016-04-12,47.82049,2.31872,18,3,1,1.0,1,45,61.0,18
201600009968,2016-07-10,48.52727,1.56778,47,3,1,7.0,1,28,69.0,10
201600010021,2016-08-20,48.07124,1.33737,28,3,2,1.0,1,28,111.0,17
201600010041,2016-01-12,48.77169,1.47098,22,3,1,1.0,3,28,60.0,18
201600010071,2016-01-21,46.5612,1.60973,70,2,1,1.0,1,36,59.0,13
201600010172,2016-06-05,47.224,0.32,8,3,2,1.0,1,37,50.0,15
201600010266,2016-11-07,47.17402,-1.60997,68,3,1,7.0,1,44,710.0,15
201600010334,2016-07-30,43.5549,7.13304,53,4,1,1.0,1,06,67.0,9
201600010508,2016-03-14,43.56198,7.01755,31,3,1,1.0,1,06,70.0,8
201600010520,2016-04-19,43.54843,7.00944,76,3,1,1.0,1,06,80.0,7
201600010521,2016-04-21,43.55843,6.96641,48,4,1,1.0,1,06,110.0,13
201600010536,2016-05-18,43.5674,6.96758,21,3,1,1.0,2,06,60.0,20
201600010613,2016-12-27,43.55159,6.97148,14,4,1,1.0,1,06,80.0,10
201600010823,2016-12-23,43.64036,6.96452,22,4,1,1.0,1,06,35.0,11
201600010862,2016-07-14,43.775,7.4891,12,4,1,1.0,1,06,80.0,17
201600010914,2016-01-16,43.70655,7.26412,49,3,1,1.0,1,06,120.0,16
201600010935,2016-01-29,43.40215,7.12333,42,4,1,1.0,5,06,140.0,17
201600010985,2016-03-03,43.712,7.28259,69,2,1,1.0,1,06,25.0,9
201600011026,2016-04-06,43.44289,7.13342,25,4,1,1.0,1,06,55.0,8
201600011053,2016-04-21,43.41185,7.1427,56,3,1,1.0,1,06,120.0,7
201600011214,2016-08-24,43.43015,7.17251,53,4,2,1.0,1,06,78.0,10
201600011236,2016-09-09,43.42103,7.15598,28,3,1,1.0,5,06,100.0,23
201600011356,2016-12-10,43.69839,7.27415,58,4,1,1.0,1,06,100.0,8
201600011379,2016-12-30,43.71099,7.24565,33,3,1,1.0,1,06,64.0,12
201600011463,2016-07-13,44.93072,4.86277,86,2,2,1.0,1,07,76.0,9
201600011489,2016-09-27,49.47561,5.95788,45,1,1,1.0,1,57,60.0,17
201600011495,2016-06-23,44.43361,4.36494,45,3,1,1.0,1,07,57.0,10
201600011575,2016-10-28,44.73383,-1.08249,75,3,1,1.0,1,33,65.0,16
201600011768,2016-09-11,47.76526,7.42876,52,3,2,1.0,1,68,30.0,17
201600011768,2016-09-11,47.76526,7.42876,61,1,1,1.0,1,68,30.0,17
201600011769,2016-09-05,47.75389,7.39299,63,3,1,3.0,1,68,110.0,10
201600011791,2016-08-10,46.24246,-1.07947,64,3,1,1.0,1,17,71.0,9
201600011933,2016-12-20,49.78633,4.69423,15,3,1,1.0,1,08,45.0,13
201600011958,2016-07-15,44.9428,0.68134,58,2,1,1.0,1,24,39.0,12
201600012054,2016-02-06,43.5508,1.51061,75,3,1,6.0,1,31,60.0,13
201600012120,2016-05-03,49.69786,4.94023,91,3,1,1.0,1,08,53.0,9
201600012284,2016-02-05,42.94859,1.05858,39,3,1,1.0,1,09,46.0,12
201600012422,2016-09-15,48.5889,2.52265,60,3,1,7.0,2,91,80.0,19
201600012425,2016-08-27,45.0277,6.07761,53,2,1,1.0,1,38,70.0,10
201600012530,2016-04-27,45.25897,5.85219,26,3,2,1.0,1,38,74.0,12
201600012626,2016-07-17,47.322,0.983,34,3,1,1.0,1,37,76.0,6
201600012637,2016-05-23,45.49885,4.24259,38,4,1,8.0,1,42,80.0,14
201600012669,2016-03-06,43.62832,7.09597,54,3,1,1.0,1,06,70.0,10
201600012687,2016-10-28,43.61602,7.07719,55,3,1,1.0,1,06,70.0,11
201600012767,2016-07-01,48.14103,-1.76642,22,4,2,1.0,1,35,150.0,13
201600012771,2016-09-14,48.12111,-1.83241,57,3,1,8.0,3,35,62.0,7
201600012778,2016-12-27,48.14205,-1.76907,62,3,1,1.0,1,35,15.0,14
201600012906,2016-01-22,48.29434,4.08275,20,4,2,3.0,5,10,70.0,23
201600012927,2016-04-06,48.30172,4.05154,36,3,1,1.0,1,10,70.0,17
201600012945,2016-08-03,48.30834,4.03571,11,1,1,1.0,1,10,70.0,16
201600012970,2016-11-08,48.29474,4.07382,59,3,1,1.0,1,10,50.0,9
201600013044,2016-10-25,47.97956,-1.65579,61,3,1,1.0,1,35,10.0,18
201600013045,2016-10-31,48.00795,-1.64071,16,3,1,1.0,1,35,10.0,11
201600013072,2016-03-13,43.21269,2.37179,62,3,1,1.0,1,11,100.0,11
201600013110,2016-08-11,43.21526,2.34174,18,3,1,1.0,1,11,134.0,15
201600013126,2016-12-09,43.20926,2.42002,53,4,1,1.0,2,11,35.0,18
201600013312,2016-03-11,44.1056,3.08234,61,3,1,1.0,1,12,50.0,14
201600013317,2016-09-28,44.0971,3.07141,84,3,1,1.0,1,12,86.0,12
201600013318,2016-12-11,44.1072,3.08104,34,4,2,1.0,1,12,54.0,12
201600013429,2016-06-21,43.53341,5.44587,27,4,1,1.0,2,13,90.0,20
201600013480,2016-04-28,43.69879,4.64072,16,3,1,1.0,1,13,66.0,14
201600013483,2016-05-25,43.67744,4.62422,62,4,1,1.0,1,13,100.0,16
201600013517,2016-02-16,43.29421,5.55705,46,4,1,1.0,1,13,85.0,13
201600013530,2016-03-31,43.29815,5.59693,67,3,1,1.0,1,13,70.0,9
201600013558,2016-06-23,43.28808,5.52204,44,4,1,1.0,1,13,700.0,20
201600013561,2016-07-02,43.28081,5.56741,26,4,1,1.0,1,13,60.0,10
201600013565,2016-07-09,43.31223,5.56335,31,3,1,1.0,1,13,25.0,19
201600013569,2016-07-28,43.28234,5.60243,62,4,1,1.0,1,13,80.0,8
201600013571,2016-08-01,43.3007,5.57063,15,4,1,1.0,1,13,15.0,15
201600013584,2016-09-04,43.30057,5.5711,7,4,1,1.0,1,13,65.0,18
201600013656,2016-04-11,43.1736,5.61016,69,4,1,1.0,1,13,40.0,14
201600013691,2016-07-08,43.18303,5.61266,24,4,1,1.0,1,13,30.0,19
201600013700,2016-07-26,43.18336,5.57782,54,4,1,1.0,1,13,43.0,11
201600013731,2016-10-05,43.18901,5.63381,73,4,1,1.0,1,13,110.0,17
201600013763,2016-05-25,43.58765,5.00273,57,2,1,1.0,1,13,40.0,12
201600013794,2016-07-27,43.4183,5.2141,45,4,1,1.0,1,13,60.0,11
201600013848,2016-01-06,43.32208,5.38935,16,4,1,1.0,2,13,60.0,17
201600013849,2016-01-06,43.27476,5.39492,35,4,1,1.0,5,13,60.0,18
201600013957,2016-01-21,43.24593,5.37411,60,4,1,1.0,2,13,30.0,7
201600013982,2016-01-26,43.29382,5.47419,36,4,1,1.0,1,13,60.0,8
201600013985,2016-01-26,43.35984,5.36554,66,3,1,1.0,1,13,30.0,15
201600014382,2016-03-29,43.29549,5.375,41,3,1,1.0,5,13,105.0,22
201600014504,2016-04-19,43.31539,5.36995,51,4,2,1.0,1,13,50.0,10
201600014552,2016-04-13,43.30419,5.40074,24,1,1,1.0,1,13,180.0,15
201600014552,2016-04-13,43.30419,5.40074,18,4,1,1.0,1,13,180.0,15
201600014552,2016-04-13,43.30419,5.40074,26,1,1,1.0,1,13,180.0,15
201600014574,2016-04-20,43.29217,5.37162,19,4,2,1.0,1,13,40.0,8
201600014590,2016-04-20,43.30361,5.39309,16,4,2,1.0,1,13,50.0,16
201600014680,2016-05-12,43.25501,5.40118,45,3,2,1.0,1,13,100.0,8
201600014781,2016-05-27,43.27165,5.42683,17,3,1,1.0,1,13,24.0,15
201600014783,2016-05-27,43.35646,5.46659,15,3,1,1.0,5,13,84.0,22
201600014797,2016-05-30,43.28876,5.46162,37,4,1,1.0,1,13,90.0,9
201600014805,2016-05-31,43.28818,5.50328,70,4,1,1.0,1,13,120.0,11
201600014822,2016-06-02,43.29096,5.38139,27,3,2,1.0,1,13,100.0,17
201600014835,2016-06-04,43.36385,5.36123,10,4,1,1.0,1,13,60.0,14
201600014864,2016-06-08,43.28816,5.50328,71,3,1,1.0,1,13,120.0,14
201600014929,2016-06-15,43.35617,5.48664,45,3,1,1.0,1,13,70.0,15
201600015040,2016-07-01,43.29619,5.37705,31,3,1,1.0,5,13,60.0,22
201600015116,2016-07-11,43.29269,5.37989,43,3,1,1.0,5,13,30.0,22
201600015211,2016-07-25,43.26127,5.3874,67,4,1,1.0,1,13,33.0,18
201600015276,2016-08-05,43.32508,5.36183,34,4,1,1.0,5,13,60.0,21
201600015328,2016-08-17,43.31252,5.46478,35,4,1,1.0,1,13,60.0,7
201600015337,2016-08-05,43.29924,5.37618,30,4,1,1.0,1,13,30.0,14
201600015343,2016-08-19,43.28113,5.39931,22,3,1,1.0,5,13,100.0,21
201600015410,2016-08-30,43.27947,5.39877,17,1,1,1.0,1,13,70.0,18
201600015446,2016-09-05,43.27386,5.38501,67,3,1,1.0,5,13,60.0,6
201600015457,2016-09-06,43.33776,5.43737,35,1,1,1.0,1,13,50.0,16
201600015481,2016-09-09,43.2786,5.38618,15,3,1,1.0,5,13,50.0,21
201600015481,2016-09-09,43.2786,5.38618,14,3,1,1.0,5,13,50.0,21
201600015557,2016-09-20,43.30227,5.40076,31,4,1,1.0,1,13,90.0,7
201600015558,2016-09-20,43.25346,5.405,12,4,1,1.0,1,13,50.0,15
201600015581,2016-09-24,43.29359,5.47396,52,4,1,1.0,1,13,40.0,13
201600015614,2016-09-28,43.35668,5.48762,13,4,1,1.0,1,13,60.0,13
201600015642,2016-10-02,43.2321,5.35573,66,3,1,1.0,1,13,60.0,10
201600015665,2016-10-04,43.29438,5.49149,54,4,1,1.0,1,13,60.0,17
201600015666,2016-10-04,43.29522,5.38724,28,3,1,1.0,5,13,40.0,21
201600015683,2016-10-06,43.36797,5.36307,49,4,1,2.0,1,13,60.0,16
201600015693,2016-10-08,43.2964,5.37764,44,3,1,1.0,2,13,100.0,7
201600015878,2016-11-04,43.32967,5.49006,55,4,1,7.0,1,13,60.0,9
201600015908,2016-11-08,43.33368,5.42021,47,3,2,1.0,1,13,60.0,7
201600015982,2016-11-18,43.30841,5.3733,26,4,1,1.0,1,13,30.0,11
201600016054,2016-11-30,43.3252,5.38167,17,4,1,1.0,1,13,90.0,16
201600016235,2016-03-03,43.43773,4.94092,56,4,2,9.0,1,13,78.0,11
201600016241,2016-06-06,43.34879,5.05714,45,2,1,1.0,1,13,70.0,10
201600016406,2016-04-16,43.40851,5.31802,70,2,1,1.0,1,13,89.0,7
201600016429,2016-05-14,43.40946,5.32552,63,4,1,1.0,1,13,30.0,13
201600016450,2016-06-17,43.42323,5.24108,46,3,1,1.0,2,13,120.0,6
201600016469,2016-07-07,43.46528,5.35367,48,4,1,1.0,1,13,35.0,8
201600016539,2016-10-22,43.45034,5.36012,60,4,1,1.0,1,13,80.0,9
201600016541,2016-10-28,43.40734,5.29359,70,4,1,1.0,1,13,35.0,10
201600016668,2016-07-28,45.177,1.621,72,3,1,1.0,1,19,73.0,17
201600016717,2016-08-25,49.2141,-0.3293,59,3,1,1.0,1,14,176.0,19
201600016751,2016-08-13,49.2794,-0.14395,51,4,1,1.0,1,14,73.0,14
201600016751,2016-08-13,49.2794,-0.14395,52,4,2,1.0,1,14,73.0,14
201600016754,2016-08-07,49.3018,-0.08134,39,4,1,1.0,1,14,75.0,18
201600016765,2016-06-04,43.78906,4.43364,63,3,1,1.0,1,30,70.0,17
201600016801,2016-10-08,49.89306,4.40168,64,3,1,7.0,1,08,61.0,16
201600017043,2016-12-10,46.3219,1.35845,67,3,1,1.0,1,87,100.0,15
201600017045,2016-12-15,45.7388,0.86734,42,3,1,1.0,1,87,80.0,14
201600017063,2016-03-27,48.80454,0.92167,26,3,1,6.0,3,27,7.0,21
201600017112,2016-05-15,49.36566,0.61109,17,4,1,1.0,1,27,32.0,13
201600017113,2016-10-03,49.29601,0.92472,63,3,1,7.0,1,27,49.0,16
201600017127,2016-03-12,43.9571,5.77613,25,3,1,1.0,1,04,70.0,18
201600017128,2016-12-02,43.9564,5.56839,40,3,1,1.0,1,04,69.0,14
201600017146,2016-08-10,44.9296,0.47536,11,3,2,1.0,1,24,74.0,15
201600017169,2016-09-17,45.0307,1.04821,26,3,1,1.0,1,24,50.0,18
201600017179,2016-04-04,43.53159,-1.06188,30,3,2,1.0,1,40,70.0,8
201600017184,2016-05-24,43.77774,-1.21784,55,3,1,1.0,1,40,80.0,8
201600017184,2016-05-24,43.77774,-1.21784,5,1,1,1.0,1,40,80.0,8
201600017190,2016-10-10,43.66991,-1.34233,63,3,2,7.0,1,40,53.0,9
201600017206,2016-01-24,43.92382,-1.1102,69,3,1,1.0,1,40,57.0,12
201600017216,2016-10-09,43.65008,-0.89969,16,2,1,1.0,3,40,63.0,21
201600017237,2016-11-03,47.31808,5.33652,59,4,1,1.0,1,21,70.0,15
201600017246,2016-08-09,47.94393,4.80255,6,3,2,1.0,1,21,29.0,19
201600017259,2016-10-21,48.47663,-0.4384,62,3,1,1.0,1,53,62.0,15
201600017358,2016-11-21,48.515,3.721,15,4,1,2.0,2,10,59.0,16
201600017373,2016-10-30,47.03549,3.12767,19,3,1,5.0,3,18,60.0,2
201600017423,2016-08-06,45.66549,5.89596,66,3,1,1.0,1,73,100.0,16
201600017433,2016-05-24,45.75316,6.42121,18,3,1,1.0,5,73,70.0,21
201600017446,2016-01-21,43.39243,-0.38023,41,3,1,1.0,1,64,76.0,13
201600017450,2016-10-21,43.32856,-0.50113,11,3,1,1.0,1,64,65.0,17
201600017468,2016-05-04,47.82575,1.76291,67,3,2,1.0,1,45,60.0,17
201600017476,2016-09-29,48.06925,2.43474,67,3,1,1.0,1,45,60.0,8
201600017515,2016-11-23,49.2132,2.40938,65,4,2,1.0,1,60,60.0,16
201600017538,2016-06-28,49.40432,3.07001,83,2,1,1.0,1,60,60.0,14
201600017623,2016-05-03,49.3684,-1.33629,89,2,2,7.0,2,50,55.0,8
201600017650,2016-09-01,49.272,-0.558,75,3,1,1.0,1,14,60.0,10
201600017653,2016-12-01,49.218,-0.655,51,4,1,1.0,1,14,70.0,15
201600017660,2016-05-08,49.3764,0.2758,50,3,1,1.0,1,14,50.0,10
201600017727,2016-12-10,43.72249,6.97942,41,1,1,1.0,1,06,61.0,14
201600017727,2016-12-10,43.72249,6.97942,52,3,1,1.0,1,06,61.0,14
201600017950,2016-03-17,46.18165,4.8,22,3,1,1.0,2,01,73.0,19
201600017987,2016-09-15,44.05667,5.32696,57,2,1,1.0,1,84,52.0,12
201600017999,2016-05-25,49.52465,3.38544,13,3,2,1.0,1,02,36.0,15
201600018118,2016-11-22,43.31005,1.22231,15,3,2,2.0,5,31,41.0,18
201600018129,2016-12-01,43.48838,1.14773,58,3,1,1.0,1,31,510.0,17
201600018131,2016-11-24,42.79517,0.59615,14,4,1,7.0,1,31,15.0,13
201600018235,2016-10-13,47.37439,-1.18753,12,3,1,1.0,1,44,72.0,12
201600018243,2016-11-24,47.71043,-1.37446,16,3,1,1.0,4,44,10.0,17
201600018255,2016-10-24,46.99086,-1.78544,5,3,1,1.0,1,44,310.0,18
201600018259,2016-10-29,47.08959,-1.28615,55,2,2,7.0,1,44,10.0,16
201600018271,2016-12-03,47.19041,-1.76865,49,3,1,7.0,1,44,60.0,16
201600018279,2016-11-05,47.32725,-2.41762,63,3,1,1.0,1,44,10.0,11
201600018356,2016-11-30,48.40062,-2.66439,66,3,1,1.0,1,22,48.0,11
201600018390,2016-04-28,48.78338,-3.21356,76,2,1,1.0,1,22,69.0,17
201600018399,2016-08-23,48.09706,7.25744,49,3,1,7.0,1,68,60.0,18
201600018413,2016-07-05,47.69785,7.297,68,3,1,1.0,1,68,30.0,9
201600018413,2016-07-05,47.69785,7.297,54,1,1,1.0,1,68,30.0,9
201600018435,2016-05-12,43.595,3.48738,42,3,1,1.0,1,34,56.0,19
201600018441,2016-10-22,43.6107,3.43668,22,2,1,1.0,3,34,70.0,3
201600018485,2016-07-10,47.27889,1.70109,64,2,2,1.0,1,41,58.0,19
201600018496,2016-04-27,47.26017,1.39676,54,3,1,1.0,1,41,68.0,20
201600018516,2016-01-12,47.42023,2.06046,90,3,1,7.0,1,41,61.0,10
201600018524,2016-08-09,47.44377,2.06618,62,3,2,1.0,1,41,70.0,10
201600018536,2016-05-29,48.03901,1.07576,22,3,1,2.0,1,41,64.0,15
201600018559,2016-09-20,44.2897,2.57794,70,3,1,1.0,1,12,80.0,15
201600018565,2016-06-28,44.5515,2.42563,70,3,1,1.0,1,12,70.0,18
201600018595,2016-04-18,47.47641,-0.41348,66,3,1,1.0,1,49,60.0,10
201600018613,2016-08-25,47.68284,-0.87826,14,4,2,1.0,1,49,70.0,18
201600018729,2016-12-05,47.61556,3.75387,55,2,1,1.0,3,89,80.0,18
201600018744,2016-08-08,47.7431,4.17054,13,4,1,1.0,1,89,50.0,15
201600018787,2016-08-25,46.65359,5.34371,80,3,1,1.0,1,71,75.0,8
201600018790,2016-10-18,46.62398,5.23086,75,3,1,1.0,1,71,75.0,14
201600018879,2016-11-25,49.91685,2.51659,38,3,1,1.0,5,80,51.0,6
201600018881,2016-03-03,49.96552,1.93506,69,3,1,1.0,1,80,60.0,16
201600018882,2016-03-30,49.8476,1.9065,62,3,1,2.0,1,80,60.0,17
201600018913,2016-10-27,49.96315,2.24566,13,3,1,1.0,1,80,10.0,14
201600018972,2016-11-02,50.07299,1.54178,73,4,1,1.0,1,80,15.0,14
201600018973,2016-11-05,50.09452,1.55982,49,4,1,1.0,1,80,54.0,15
201600018991,2016-05-13,50.06963,2.53939,16,4,1,1.0,1,80,60.0,15
201600019004,2016-01-29,49.69587,2.86313,52,3,1,9.0,5,80,62.0,7
201600019015,2016-10-30,49.73271,2.75503,53,4,1,1.0,1,80,10.0,11
201600019056,2016-05-06,49.9533,2.57332,14,3,1,1.0,1,80,55.0,17
201600019061,2016-08-22,49.93791,2.52857,70,3,1,1.0,1,80,70.0,18
201600019066,2016-11-19,49.81542,2.64007,4,3,1,1.0,2,80,38.0,16
201600019112,2016-01-20,43.66425,1.36059,36,4,1,1.0,1,31,60.0,14
201600019123,2016-11-08,43.67923,1.31938,11,4,1,1.0,3,31,70.0,17
201600019151,2016-08-08,46.29846,-0.6554,59,3,1,1.0,1,79,60.0,17
201600019182,2016-08-05,46.92207,-0.74898,14,3,1,1.0,1,79,730.0,15
201600019399,2016-06-22,47.79807,-3.3738,15,3,1,1.0,1,56,55.0,16
201600019407,2016-08-04,47.73921,-3.22648,69,3,1,1.0,1,56,60.0,8
201600019471,2016-09-27,49.05694,4.12446,51,4,1,1.0,5,51,66.0,5
201600019483,2016-08-20,48.60631,2.50635,14,4,1,1.0,1,91,42.0,15
201600019563,2016-05-10,43.52969,1.32906,64,3,2,1.0,1,31,60.0,18
201600019637,2016-07-25,43.737,3.905,42,3,1,1.0,1,34,60.0,12
201600019638,2016-09-05,43.6597,3.9014,57,3,2,1.0,1,34,100.0,12
201600019641,2016-10-20,43.6597,3.86327,75,3,1,1.0,1,34,60.0,13
201600019694,2016-08-22,45.68392,-0.34017,8,4,1,1.0,1,16,50.0,11
201600019695,2016-09-04,45.66818,-0.32804,50,3,1,1.0,1,16,80.0,11
201600019707,2016-03-05,50.471,3.395,13,4,1,1.0,1,59,65.0,17
201600019711,2016-01-23,49.58495,3.00002,36,4,1,1.0,1,60,100.0,11
201600019721,2016-04-15,45.94164,-0.96437,49,4,2,1.0,1,17,60.0,15
201600019818,2016-04-15,46.16241,-1.15852,15,4,1,1.0,1,17,52.0,14
201600019840,2016-05-29,46.16408,-1.1819,29,3,1,1.0,5,17,72.0,21
201600019849,2016-06-13,46.13292,-1.11215,40,4,1,1.0,1,17,69.0,13
201600019859,2016-06-23,46.16685,-1.16399,17,4,2,1.0,1,17,63.0,18
201600019865,2016-06-28,46.14693,-1.14322,47,4,2,2.0,1,17,59.0,12
201600019874,2016-07-06,46.16867,-1.14985,19,4,1,1.0,1,17,74.0,16
201600019885,2016-07-26,46.14921,-1.15879,28,4,1,1.0,1,17,63.0,13
201600019887,2016-07-26,46.16423,-1.1518,37,4,2,1.0,1,17,47.0,14
201600019889,2016-08-01,46.14089,-1.16196,67,4,1,1.0,1,17,109.0,14
201600019897,2016-08-22,46.16272,-1.16147,18,4,2,1.0,1,17,56.0,18
201600019904,2016-08-30,46.16365,-1.12533,18,4,1,1.0,1,17,61.0,19
201600019907,2016-09-04,46.17707,-1.21169,75,3,2,1.0,1,17,77.0,15
201600019909,2016-09-04,46.16029,-1.15339,29,4,2,1.0,5,17,43.0,23
201600019923,2016-09-28,46.1558,-1.17047,12,4,1,1.0,1,17,38.0,11
201600019930,2016-10-05,46.16294,-1.15141,17,4,2,1.0,1,17,35.0,8
201600019932,2016-10-06,46.14104,-1.14127,19,4,2,1.0,1,17,72.0,15
201600019944,2016-10-17,46.16134,-1.18303,15,4,2,1.0,1,17,65.0,9
201600019945,2016-10-17,46.16166,-1.14549,21,4,2,1.0,1,17,51.0,17
201600019947,2016-10-20,46.16356,-1.13834,41,4,1,1.0,1,17,87.0,8
201600019951,2016-10-28,46.16212,-1.15542,49,4,1,1.0,1,17,48.0,9
201600019955,2016-11-05,46.17082,-1.18653,12,4,1,1.0,1,17,46.0,17
201600019966,2016-11-18,46.14461,-1.15295,22,4,2,1.0,5,17,66.0,7
201600019973,2016-11-25,46.14613,-1.15436,20,4,2,1.0,1,17,58.0,8
201600019976,2016-11-30,46.17347,-1.15036,15,4,1,1.0,1,17,135.0,8
201600019989,2016-12-16,46.14648,-1.15239,22,4,1,1.0,1,17,65.0,10
201600019993,2016-12-29,46.16459,-1.18119,52,4,2,1.0,1,17,59.0,11
201600020011,2016-04-17,45.66499,-1.13775,65,4,1,1.0,1,17,61.0,11
201600020024,2016-06-19,45.62642,-1.05071,78,3,1,1.0,1,17,54.0,10
201600020025,2016-06-21,45.63503,-1.03512,78,4,2,1.0,1,17,80.0,11
201600020041,2016-08-04,45.62503,-1.04765,18,4,1,1.0,5,17,69.0,23
201600020045,2016-08-09,45.62686,-1.01875,35,4,1,1.0,1,17,119.0,17
201600020046,2016-08-12,45.64767,-1.11138,33,4,2,1.0,1,17,23.0,10
201600020055,2016-09-23,45.63167,-0.98753,47,4,2,1.0,1,17,54.0,9
201600020064,2016-10-31,45.65152,-1.02388,64,4,2,1.0,1,17,75.0,9
201600020069,2016-11-18,45.62592,-1.03081,13,4,1,1.0,5,17,39.0,8
201600020102,2016-01-07,45.75761,-0.64484,55,4,1,1.0,2,17,70.0,18
201600020110,2016-02-18,45.74661,-0.62292,17,4,1,1.0,1,17,80.0,16
201600020121,2016-04-20,45.74453,-0.62718,19,4,1,1.0,1,17,60.0,14
201600020130,2016-06-24,45.74704,-0.63047,17,3,1,1.0,1,17,87.0,11
201600020136,2016-08-11,45.73938,-0.61848,25,4,1,1.0,1,17,85.0,11
201600020137,2016-08-11,45.73995,-0.61969,16,4,1,1.0,1,17,50.0,12
201600020151,2016-10-05,45.74911,-0.65911,21,4,1,1.0,1,17,76.0,8
201600020158,2016-12-08,45.74104,-0.62234,14,4,1,1.0,5,17,30.0,18
201600020229,2016-12-06,47.7193,0.64864,7,3,2,1.0,5,41,55.0,17
201600020242,2016-06-19,50.47393,1.77562,61,4,1,1.0,1,62,70.0,10
201600020246,2016-04-02,50.303,2.281,20,4,1,1.0,1,62,55.0,14
201600020305,2016-01-09,44.5629,0.08266,56,3,2,1.0,1,47,30.0,14
201600020305,2016-01-09,44.5629,0.08266,76,1,1,1.0,1,47,30.0,14
201600020305,2016-01-09,44.5629,0.08266,70,1,1,1.0,1,47,30.0,14
201600020337,2016-03-11,49.65368,4.79016,38,3,2,7.0,1,08,109.0,8
201600020405,2016-09-10,47.90425,1.33745,68,3,1,1.0,1,41,68.0,10
201600020521,2016-03-25,47.219,2.08999,35,4,1,1.0,5,18,30.0,19
201600020562,2016-06-14,43.13827,6.37455,64,3,1,1.0,1,83,60.0,9
201600020711,2016-05-27,47.83437,7.55054,72,3,2,1.0,1,68,74.0,14
201600020713,2016-06-06,47.77971,7.36474,57,3,2,1.0,1,68,82.0,17
201600020714,2016-08-31,47.78169,7.36593,61,3,2,1.0,2,68,109.0,19
201600020774,2016-09-06,47.31662,5.02546,63,4,1,1.0,1,21,30.0,14
201600020778,2016-09-20,47.30858,5.05602,43,4,2,1.0,1,21,30.0,10
201600020803,2016-01-22,48.77257,-3.48587,55,1,1,2.0,3,22,70.0,7
201600020833,2016-09-15,48.73412,-3.43931,53,1,1,1.0,1,22,35.0,16
201600020841,2016-12-09,48.73803,-3.45661,63,2,1,1.0,1,22,80.0,14
201600020846,2016-12-28,48.48346,-2.7965,13,3,1,1.0,1,22,64.0,16
201600020849,2016-01-05,48.54622,-2.7727,58,4,1,8.0,1,22,61.0,9
201600020869,2016-04-19,48.49709,-2.74703,57,4,1,1.0,1,22,50.0,12
201600020875,2016-05-15,48.48834,-2.74235,50,4,1,7.0,1,22,50.0,8
201600020876,2016-05-25,48.543,-2.78268,68,3,1,1.0,1,22,35.0,8
201600020878,2016-06-06,48.50884,-2.77212,46,3,1,1.0,1,22,25.0,12
201600020895,2016-08-05,48.46824,-2.76553,14,3,1,1.0,1,22,58.0,16
201600020898,2016-08-31,48.51075,-2.75692,33,4,1,1.0,1,22,50.0,17
201600020903,2016-09-12,48.49773,-2.74823,32,4,1,1.0,1,22,50.0,12
201600020908,2016-09-21,48.5023,-2.76894,47,3,1,1.0,1,22,50.0,17
201600020937,2016-11-18,48.48873,-2.76418,15,1,1,1.0,1,22,50.0,12
201600020937,2016-11-18,48.48873,-2.76418,45,3,1,1.0,1,22,50.0,12
201600020946,2016-12-07,48.55161,-2.80095,39,2,1,1.0,3,22,122.0,18
201600020962,2016-11-03,44.8606,0.47912,58,2,1,5.0,5,24,70.0,6
201600020964,2016-12-07,44.8635,0.452,82,2,1,1.0,1,24,74.0,16
201600020972,2016-04-04,45.1981,0.66118,17,3,1,1.0,1,24,63.0,8
201600021122,2016-05-27,46.8987,6.34604,55,4,2,1.0,1,25,25.0,15
201600021134,2016-07-06,46.90492,6.3571,9,4,1,1.0,1,25,60.0,17
201600021144,2016-10-07,46.92794,6.34891,35,3,1,1.0,5,25,60.0,6
201600021183,2016-06-04,50.43586,1.60994,17,4,1,1.0,1,62,66.0,19
201600021263,2016-03-19,45.03934,5.06433,72,3,1,1.0,1,26,70.0,18
201600021274,2016-04-21,45.05034,5.05912,16,4,1,1.0,1,26,60.0,15
201600021342,2016-01-14,44.93383,4.90404,28,1,1,2.0,5,26,65.0,7
201600021489,2016-06-28,48.10706,-1.72672,84,2,1,1.0,1,35,76.0,19
201600021494,2016-01-28,49.26347,1.21155,17,4,1,1.0,1,27,97.0,8
201600021579,2016-09-12,45.5788,1.21649,27,3,1,1.0,1,87,65.0,13
201600021630,2016-12-05,46.04495,3.98338,52,3,1,1.0,1,42,72.0,9
201600021769,2016-09-15,43.192,6.588,69,2,1,1.0,1,83,61.0,10
201600021993,2016-05-13,47.87469,-3.90644,37,3,1,1.0,1,29,60.0,7
201600021995,2016-05-23,47.88932,-3.92628,15,3,1,1.0,1,29,50.0,10
201600022001,2016-07-18,47.88844,-3.91877,63,4,2,1.0,1,29,69.0,16
201600022011,2016-09-19,47.88574,-3.91349,32,3,1,1.0,1,29,100.0,18
201600022053,2016-06-16,49.56783,0.25438,11,4,1,1.0,2,76,50.0,22
201600022187,2016-09-09,47.996,-4.09375,25,4,2,1.0,1,29,60.0,9
201600022245,2016-11-14,49.21965,2.13894,50,4,2,1.0,1,60,74.0,10
201600022258,2016-12-23,44.14586,4.10107,34,4,1,1.0,1,30,80.0,9
201600022271,2016-12-31,44.08123,4.07082,15,4,1,1.0,1,30,70.0,16
201600022320,2016-09-26,44.12508,4.09029,13,1,1,1.0,1,30,60.0,12
201600022320,2016-09-26,44.12508,4.09029,13,1,1,1.0,1,30,60.0,12
201600022372,2016-02-09,43.84973,4.34925,59,3,2,1.0,1,30,68.0,7
201600022392,2016-03-29,43.817,4.34758,44,4,2,1.0,1,30,76.0,17
201600022442,2016-06-19,43.83279,4.35183,21,1,1,1.0,1,30,67.0,7
201600022442,2016-06-19,43.83279,4.35183,24,4,1,1.0,1,30,67.0,7
201600022448,2016-06-29,43.87178,4.36294,15,3,1,1.0,1,30,40.0,10
201600022450,2016-06-15,43.84162,4.39007,45,4,1,1.0,1,30,98.0,7
201600022454,2016-07-04,43.8372,4.34572,20,4,1,1.0,5,30,141.0,23
201600022511,2016-11-08,43.83023,4.35192,19,4,2,1.0,1,30,30.0,9
201600022514,2016-11-28,43.82003,4.35806,17,3,1,1.0,2,30,45.0,7
201600022613,2016-10-06,48.90689,1.2696,12,3,1,1.0,1,27,62.0,9
201600022932,2016-06-01,43.6032,1.40999,41,4,1,1.0,1,31,30.0,8
201600023379,2016-10-07,43.4938,2.43503,42,4,1,1.0,2,81,110.0,19
201600023448,2016-11-29,43.52587,1.68122,60,4,1,1.0,1,31,410.0,16
201600023448,2016-11-29,43.52587,1.68122,60,3,1,1.0,1,31,410.0,16
201600023498,2016-05-06,44.63888,-1.14617,63,3,2,1.0,1,33,62.0,19
201600023512,2016-08-01,44.64719,-1.15824,18,4,1,1.0,1,33,120.0,10
201600023519,2016-08-18,44.60598,-1.2023,12,4,1,1.0,1,33,90.0,12
201600023521,2016-08-09,44.6627,-1.17507,63,3,2,1.0,1,33,48.0,12
201600023521,2016-08-09,44.6627,-1.17507,51,4,2,1.0,1,33,48.0,12
201600023526,2016-09-10,44.63439,-1.20246,27,4,1,1.0,1,33,88.0,17
201600023529,2016-09-16,44.6392,-1.1468,50,3,1,1.0,5,33,80.0,20
201600023596,2016-01-21,44.8391,-0.58615,47,4,2,8.0,5,33,135.0,22
201600023629,2016-01-25,44.8266,-0.66389,51,4,1,1.0,5,33,80.0,7
201600023638,2016-01-28,44.7929,-0.67132,59,3,1,1.0,1,33,275.0,11
201600023698,2016-02-29,44.8212,-0.56582,40,4,1,1.0,1,33,70.0,13
201600023709,2016-03-03,44.81767,-0.5473,54,2,1,2.0,1,33,110.0,9
201600023728,2016-03-08,44.7579,-0.73554,44,4,1,1.0,1,33,30.0,15
201600023762,2016-03-31,44.82813,-0.56039,40,4,1,2.0,1,33,12.0,9
201600023763,2016-03-30,44.837,-0.6068,35,4,1,1.0,1,33,70.0,17
201600023782,2016-03-29,44.8195,-0.59811,20,4,1,1.0,1,33,60.0,15
201600023803,2016-04-08,44.7736,-0.61309,13,3,1,1.0,1,33,66.0,8
201600023806,2016-04-12,44.8052,-0.65359,16,3,2,1.0,1,33,70.0,13
201600023860,2016-05-09,44.8346,-0.6499,16,4,1,2.0,1,33,30.0,8
201600023954,2016-06-07,44.8189,-0.65869,26,4,1,1.0,1,33,110.0,8
201600023991,2016-06-28,44.8356,-0.56854,35,4,2,1.0,1,33,120.0,19
201600024007,2016-07-03,44.7643,-0.62092,20,4,1,1.0,1,33,60.0,18
201600024042,2016-07-18,44.8814,-0.53167,18,4,2,1.0,1,33,58.0,9
201600024044,2016-07-19,44.8025,-0.64463,81,1,1,1.0,1,33,100.0,9
201600024083,2016-08-10,44.866,-0.56115,49,3,2,1.0,5,33,281.0,1
201600024090,2016-08-13,44.79356,-0.53521,66,4,1,1.0,1,33,365.0,8
201600024202,2016-10-01,44.8282,-0.56077,20,4,1,2.0,5,33,60.0,4
201600024253,2016-10-19,44.8381,-0.53274,5,4,1,1.0,1,33,34.0,18
201600024259,2016-10-20,44.8387,-0.5892,33,4,2,1.0,5,33,45.0,21
201600024331,2016-11-17,44.81211,-0.58104,54,3,1,1.0,5,33,84.0,23
201600024340,2016-11-21,44.8387,-0.5892,33,4,2,1.0,1,33,50.0,10
201600024464,2016-07-20,47.41091,2.89594,80,1,2,1.0,1,18,80.0,14
201600024496,2016-04-08,43.315,3.4715,67,4,2,1.0,1,34,60.0,19
201600024497,2016-06-19,43.286,3.5134,78,3,1,1.0,1,34,70.0,19
201600024506,2016-09-03,43.29,3.51,58,3,2,1.0,1,34,46.0,13
201600024510,2016-11-24,43.3,3.48,17,3,1,1.0,5,34,80.0,18
201600024565,2016-01-15,43.6284,3.86118,35,4,1,1.0,1,34,30.0,17
201600024580,2016-01-31,43.6084,3.93045,49,3,1,1.0,5,34,60.0,21
201600024582,2016-02-01,43.6238,3.86205,59,3,2,1.0,1,34,150.0,11
201600024599,2016-02-20,43.6198,3.86541,14,3,1,1.0,1,34,114.0,15
201600024603,2016-02-25,43.60014,3.89459,23,3,2,1.0,1,34,82.0,11
201600024608,2016-03-07,43.6037,3.89035,65,4,1,1.0,1,34,36.0,9
201600024611,2016-03-08,43.6053,3.90597,58,4,2,1.0,1,34,60.0,17
201600024617,2016-03-11,43.6099,3.86202,40,4,1,1.0,1,34,66.0,11
201600024641,2016-04-15,43.6053,3.90697,33,4,1,1.0,1,34,30.0,7
201600024641,2016-04-15,43.6053,3.90697,5,4,1,1.0,1,34,30.0,7
201600024662,2016-05-09,43.5933,3.86642,39,4,1,1.0,1,34,130.0,8
201600024674,2016-05-20,43.6021,3.86679,16,3,2,1.0,1,34,60.0,18
201600024676,2016-05-21,43.6247,3.86724,19,4,1,1.0,1,34,30.0,10
201600024685,2016-06-03,43.6015,3.8792,50,4,1,1.0,1,34,30.0,7
201600024714,2016-07-01,43.6068,3.8658,28,4,1,1.0,1,34,60.0,19
201600024718,2016-07-05,43.6367,3.83075,46,4,1,1.0,1,34,60.0,8
201600024718,2016-07-05,43.6367,3.83075,19,1,1,1.0,1,34,60.0,8
201600024737,2016-07-28,43.6017,3.86916,35,3,1,1.0,5,34,103.0,23
201600024783,2016-09-23,43.5999,3.89572,55,3,2,1.0,1,34,66.0,12
201600024828,2016-11-20,43.5766,3.86,30,3,1,2.0,1,34,30.0,10
201600024903,2016-04-02,48.34564,-1.1963,19,4,1,1.0,1,35,70.0,14
201600024908,2016-08-24,48.35492,-1.18657,59,4,1,1.0,1,35,50.0,18
201600025575,2016-09-08,46.7635,1.69589,53,4,1,1.0,1,36,70.0,11
201600025652,2016-01-28,47.37691,0.68786,29,3,2,8.0,5,37,55.0,1
201600025653,2016-01-29,47.41797,0.69179,27,4,1,1.0,1,37,70.0,16
201600025780,2016-04-29,47.38117,0.6938,24,4,2,1.0,5,37,65.0,4
201600025791,2016-05-10,47.39091,0.72903,66,4,1,1.0,1,37,50.0,17
201600025840,2016-06-11,47.39784,0.66619,71,4,1,8.0,1,37,60.0,9
201600025846,2016-06-15,47.38137,0.70675,23,4,1,1.0,1,37,60.0,13
201600025847,2016-06-15,47.38889,0.69133,28,4,1,1.0,1,37,50.0,14
201600025847,2016-06-15,47.38889,0.69133,27,1,1,1.0,1,37,50.0,14
201600025849,2016-06-03,47.38483,0.64198,77,3,1,1.0,1,37,50.0,14
201600025882,2016-07-18,47.38762,0.72685,71,4,2,1.0,1,37,60.0,10
201600025889,2016-07-24,47.3903,0.68873,18,3,1,1.0,5,37,60.0,0
201600025892,2016-07-27,47.42007,0.6626,87,4,1,1.0,1,37,70.0,17
201600025898,2016-08-04,47.36789,0.66082,53,4,2,2.0,1,37,70.0,12
201600025914,2016-08-17,47.40766,0.68156,38,4,1,1.0,1,37,120.0,12
201600025943,2016-09-06,47.41829,0.66461,26,4,1,1.0,1,37,50.0,8
201600025996,2016-10-20,47.393,0.687,76,3,2,1.0,1,37,80.0,15
201600026000,2016-10-22,47.3839,0.65884,58,4,2,1.0,1,37,70.0,12
201600026086,2016-12-21,47.38775,0.68763,43,4,1,3.0,4,37,30.0,19
201600026121,2016-02-05,45.16294,5.75263,32,3,1,1.0,5,38,57.0,21
201600026177,2016-07-09,45.18749,5.80612,51,4,1,1.0,1,38,36.0,10
201600026193,2016-09-08,45.18651,5.73511,30,4,1,1.0,1,38,94.0,18
201600026216,2016-11-04,45.1894,5.73057,39,3,1,1.0,5,38,53.0,18
201600026261,2016-03-18,45.36722,5.59461,18,4,1,1.0,1,38,80.0,17
201600026355,2016-03-08,47.60649,1.32758,70,2,1,1.0,1,41,60.0,12
201600026414,2016-01-21,47.80322,1.06102,58,4,1,1.0,2,41,58.0,17
201600026422,2016-06-26,47.78613,1.07858,9,3,1,1.0,1,41,52.0,18
201600026438,2016-04-04,45.39567,4.32209,61,3,1,8.0,1,42,90.0,10
201600026479,2016-02-10,46.05777,4.07221,86,4,1,1.0,1,42,50.0,8
201600026496,2016-03-26,46.03653,4.0677,27,3,1,1.0,1,42,100.0,12
201600026512,2016-05-23,46.03415,4.06942,43,4,2,2.0,1,42,74.0,16
201600026540,2016-08-19,46.04909,4.07402,53,4,1,1.0,1,42,60.0,10
201600026544,2016-09-01,46.04579,4.05597,73,3,1,1.0,1,42,60.0,9
201600026729,2016-10-04,45.52495,4.60948,66,3,2,1.0,1,42,60.0,15
201600026733,2016-01-08,45.0443,3.8799,58,3,2,1.0,1,43,105.0,10
201600027141,2016-05-02,47.26399,-2.24409,21,4,1,1.0,1,44,70.0,17
201600027208,2016-02-15,48.00666,2.74113,52,3,1,1.0,5,45,60.0,21
201600027219,2016-05-07,48.01216,2.73131,92,4,1,1.0,1,45,60.0,10
201600027230,2016-07-06,48.00883,2.74053,36,4,1,1.0,1,45,30.0,16
201600027243,2016-08-23,48.00776,2.74046,37,4,1,1.0,1,45,50.0,11
201600027253,2016-09-22,47.99799,2.73991,14,4,1,1.0,1,45,50.0,18
201600027258,2016-10-08,48.01206,2.71901,14,4,1,1.0,1,45,60.0,16
201600027261,2016-10-17,48.02459,2.73511,12,4,1,1.0,1,45,50.0,17
201600027302,2016-06-09,47.88148,1.90345,44,4,1,1.0,1,45,95.0,13
201600027310,2016-09-27,47.90482,1.87603,11,4,1,1.0,1,45,50.0,18
201600027312,2016-09-15,47.93007,1.85451,21,4,1,1.0,2,45,65.0,7
201600027383,2016-09-04,44.4103,0.70873,54,3,1,1.0,1,47,64.0,17
201600027385,2016-10-10,44.4085,0.7195,17,3,1,1.0,1,47,32.0,17
201600027404,2016-01-06,47.49379,-0.58585,34,4,1,2.0,1,49,60.0,8
201600027412,2016-01-18,47.46717,-0.56503,32,4,1,1.0,5,49,60.0,19
201600027415,2016-01-19,47.47551,-0.567,20,4,2,1.0,1,49,120.0,13
201600027416,2016-01-19,47.47692,-0.59889,25,4,2,1.0,1,49,70.0,20
201600027430,2016-01-21,47.45323,-0.55328,27,4,1,1.0,2,49,70.0,18
201600027431,2016-01-25,47.44846,-0.5474,54,4,2,1.0,5,49,114.0,18
201600027435,2016-01-27,47.47992,-0.54551,32,4,2,1.0,1,49,60.0,11
201600027441,2016-01-28,47.47487,-0.53615,16,4,1,1.0,1,49,70.0,14
201600027443,2016-01-29,47.47318,-0.55526,45,4,1,1.0,5,49,40.0,21
201600027452,2016-02-02,47.47413,-0.55197,31,4,1,1.0,1,49,40.0,13
201600027453,2016-02-02,47.50256,-0.59662,24,4,1,2.0,1,49,60.0,13
201600027460,2016-02-11,47.44215,-0.49415,54,4,1,1.0,5,49,60.0,18
201600027463,2016-02-12,47.45311,-0.53876,34,4,2,1.0,5,49,140.0,21
201600027478,2016-02-28,47.47816,-0.54364,28,4,1,1.0,1,49,60.0,13
201600027482,2016-02-27,47.46245,-0.54313,15,4,1,1.0,1,49,60.0,17
201600027485,2016-03-01,47.46138,-0.54682,18,4,1,1.0,1,49,60.0,8
201600027505,2016-03-24,47.44887,-0.57311,21,4,2,1.0,1,49,54.0,12
201600027506,2016-03-25,47.48338,-0.5746,23,4,2,1.0,1,49,54.0,7
201600027507,2016-03-25,47.45484,-0.55358,19,4,1,1.0,1,49,60.0,9
201600027522,2016-04-03,47.45801,-0.48246,52,4,1,1.0,1,49,60.0,11
201600027534,2016-04-19,47.4656,-0.59507,69,4,1,1.0,1,49,70.0,13
201600027537,2016-04-24,47.47437,-0.55237,38,1,2,1.0,1,49,50.0,19
201600027542,2016-04-26,47.47445,-0.56027,60,3,1,1.0,2,49,70.0,20
201600027545,2016-04-29,47.44452,-0.55133,51,2,1,1.0,1,49,200.0,6
201600027549,2016-05-04,47.48274,-0.504,29,4,2,1.0,1,49,64.0,11
201600027576,2016-05-24,47.48325,-0.56973,21,4,1,1.0,1,49,60.0,10
201600027577,2016-05-26,47.47647,-0.53287,30,3,2,1.0,1,49,60.0,10
201600027589,2016-05-06,47.47933,-0.56002,23,1,1,1.0,1,49,74.0,18
201600027592,2016-06-07,47.51257,-0.59736,48,4,1,1.0,1,49,84.0,6
201600027594,2016-06-09,47.46742,-0.5395,59,1,1,1.0,1,49,45.0,18
201600027594,2016-06-09,47.46742,-0.5395,61,4,1,1.0,1,49,45.0,18
201600027595,2016-06-13,47.4606,-0.55453,30,4,1,1.0,5,49,80.0,4
201600027614,2016-06-23,47.47339,-0.59154,38,4,1,1.0,1,49,78.0,19
201600027615,2016-06-23,47.45354,-0.55772,39,4,2,1.0,1,49,90.0,14
201600027616,2016-06-18,47.47297,-0.54792,80,4,1,1.0,1,49,50.0,15
201600027622,2016-07-02,47.48799,-0.56154,11,4,2,1.0,1,49,60.0,14
201600027624,2016-07-04,47.45984,-0.53289,66,1,2,1.0,1,49,100.0,9
201600027627,2016-07-05,47.47175,-0.5669,54,3,2,1.0,1,49,82.0,13
201600027628,2016-07-04,47.47174,-0.54252,57,4,1,1.0,1,49,80.0,16
201600027651,2016-07-27,47.52051,-0.61136,55,4,1,1.0,1,49,40.0,9
201600027660,2016-08-06,47.47277,-0.55491,58,3,1,1.0,1,49,65.0,17
201600027678,2016-08-31,47.43791,-0.50821,54,3,2,1.0,1,49,86.0,9
201600027682,2016-09-03,47.50917,-0.59235,62,4,1,1.0,5,49,182.0,21
201600027688,2016-09-09,47.46213,-0.52912,63,4,2,1.0,1,49,430.0,12
201600027697,2016-09-14,47.48489,-0.51712,16,3,1,1.0,5,49,70.0,21
201600027707,2016-09-21,47.45833,-0.54494,40,4,2,1.0,1,49,70.0,14
201600027709,2016-09-21,47.47809,-0.59847,18,4,2,1.0,1,49,55.0,13
201600027712,2016-09-29,47.46255,-0.53224,50,4,2,1.0,1,49,53.0,12
201600027713,2016-09-29,47.45709,-0.53332,19,4,1,1.0,1,49,101.0,8
201600027723,2016-10-04,47.47003,-0.56226,15,3,1,1.0,1,49,30.0,13
201600027727,2016-10-06,47.47442,-0.54688,41,4,2,7.0,1,49,160.0,15
201600027730,2016-10-07,47.47178,-0.54258,19,4,2,1.0,1,49,17.0,15
201600027730,2016-10-07,47.47178,-0.54258,18,4,2,1.0,1,49,17.0,15
201600027737,2016-10-15,47.45861,-0.55433,88,3,2,1.0,1,49,68.0,11
201600027740,2016-10-17,47.47202,-0.56703,23,4,1,1.0,1,49,112.0,18
201600027748,2016-10-24,47.47314,-0.54844,44,4,1,1.0,2,49,107.0,18
201600027762,2016-11-03,47.46472,-0.54537,56,4,1,1.0,1,49,59.0,14
201600027789,2016-11-19,47.44908,-0.55943,53,3,2,1.0,1,49,70.0,11
201600027797,2016-12-01,47.47712,-0.59896,19,4,1,1.0,1,49,70.0,9
201600027810,2016-12-05,47.47492,-0.53586,29,4,2,1.0,1,49,58.0,11
201600027820,2016-12-08,47.47015,-0.55021,25,4,2,1.0,1,49,60.0,17
201600027820,2016-12-08,47.47015,-0.55021,48,1,2,1.0,1,49,60.0,17
201600027833,2016-12-14,47.46242,-0.55249,35,4,1,1.0,5,49,60.0,19
201600027834,2016-12-14,47.4835,-0.57606,57,4,2,1.0,1,49,80.0,16
201600028068,2016-11-02,49.6563,-1.69707,80,4,2,1.0,1,50,80.0,14
201600028081,2016-11-16,49.6346,-1.61321,57,4,1,1.0,5,50,82.0,19
201600028112,2016-05-05,49.0396,-1.44733,62,4,1,1.0,1,50,70.0,11
201600028195,2016-05-12,48.95402,4.35002,67,2,1,8.0,1,51,120.0,13
201600028196,2016-06-01,48.95317,4.36064,16,3,1,1.0,1,51,99.0,15
201600028204,2016-10-05,48.95185,4.34943,13,3,2,1.0,1,51,46.0,13
201600028205,2016-10-05,48.94539,4.3795,22,4,2,1.0,1,51,90.0,16
201600028233,2016-01-12,49.24661,4.01,47,4,2,1.0,1,51,70.0,12
201600028235,2016-01-13,49.28318,4.05661,54,4,1,1.0,1,51,70.0,12
201600028243,2016-01-28,49.2702,4.02215,79,4,1,1.0,1,51,150.0,10
201600028270,2016-03-03,49.26164,4.02031,17,4,1,1.0,1,51,89.0,7
201600028278,2016-03-11,49.24936,4.02447,49,4,1,1.0,1,51,40.0,17
201600028299,2016-04-12,49.25683,4.02292,30,4,1,1.0,1,51,160.0,11
201600028311,2016-04-24,49.25524,4.03083,22,4,1,1.0,1,51,75.0,19
201600028314,2016-04-26,49.26034,4.02229,31,3,2,8.0,1,51,65.0,14
201600028318,2016-04-30,49.26993,4.03005,24,3,1,1.0,1,51,78.0,19
201600028326,2016-05-10,49.24906,4.01541,6,4,1,1.0,1,51,120.0,18
201600028334,2016-05-19,49.25534,4.03371,19,4,1,1.0,1,51,62.0,12
201600028358,2016-06-20,49.24191,4.01776,39,4,1,2.0,5,51,67.0,23
201600028360,2016-06-21,49.26245,4.02876,40,3,1,2.0,5,51,193.0,22
201600028368,2016-07-02,49.25196,4.04356,42,3,1,1.0,1,51,99.0,21
201600028369,2016-07-13,49.26752,4.03721,20,4,1,1.0,1,51,112.0,17
201600028378,2016-08-10,49.25206,4.03157,23,4,1,1.0,1,51,35.0,9
201600028389,2016-08-21,49.27679,4.03014,12,3,1,1.0,1,51,67.0,17
201600028411,2016-09-13,49.22816,4.0358,48,4,1,1.0,1,51,48.0,19
201600028412,2016-09-14,49.28656,4.00802,59,1,1,1.0,1,51,68.0,17
201600028419,2016-09-20,49.26087,4.03456,19,4,1,1.0,1,51,110.0,17
201600028432,2016-09-29,49.27614,4.0182,13,3,1,1.0,1,51,110.0,12
201600028434,2016-10-01,49.25035,4.03453,14,4,1,1.0,1,51,40.0,15
201600028443,2016-10-08,49.25868,4.04284,19,4,1,1.0,1,51,76.0,14
201600028445,2016-10-10,49.23779,4.06611,38,3,1,1.0,5,51,60.0,5
201600028481,2016-11-17,49.26481,4.00997,39,4,1,1.0,1,51,94.0,16
201600028482,2016-11-18,49.28323,4.01104,67,3,1,1.0,1,51,79.0,10
201600028483,2016-11-19,49.24781,4.04746,12,4,1,1.0,1,51,41.0,14
201600028488,2016-11-27,49.2313,4.03428,15,4,1,1.0,1,51,166.0,15
201600028505,2016-12-17,49.24827,4.0109,30,4,1,5.0,5,51,166.0,20
201600028522,2016-04-29,48.09836,5.14519,24,4,1,1.0,1,52,104.0,16
201600028524,2016-06-09,48.08644,5.1462,30,3,1,1.0,1,52,106.0,13
201600028526,2016-07-06,48.11733,5.14055,51,4,1,1.0,1,52,89.0,7
201600028533,2016-09-27,48.09912,5.15324,48,3,2,1.0,2,52,114.0,7
201600028629,2016-07-12,48.58189,6.50438,81,3,1,1.0,1,54,60.0,17
201600029051,2016-07-29,48.67327,5.92608,67,3,1,1.0,1,54,80.0,9
201600029054,2016-09-28,48.6887,5.88847,15,3,1,1.0,1,54,49.0,17
201600029087,2016-04-12,49.16869,5.36218,10,4,1,1.0,1,55,50.0,17
201600029094,2016-07-17,49.16002,5.38754,18,4,1,1.0,1,55,81.0,19
201600029392,2016-08-13,43.7695,3.59588,58,2,1,1.0,1,34,60.0,11
201600029398,2016-01-19,47.65876,-2.75832,53,3,1,1.0,5,56,35.0,8
201600029425,2016-07-16,47.65533,-2.75552,80,1,1,1.0,1,56,111.0,12
201600029452,2016-11-24,47.66153,-2.72571,27,4,1,1.0,5,56,84.0,7
201600029467,2016-08-17,44.59389,-0.283,13,4,1,1.0,1,33,50.0,18
201600029486,2016-07-31,49.10638,6.705,62,3,1,1.0,1,57,90.0,13
201600029495,2016-09-13,49.25665,6.07277,53,3,1,1.0,1,57,119.0,17
201600029536,2016-06-06,49.11175,6.15989,49,4,1,1.0,1,57,86.0,17
201600029548,2016-06-30,49.10936,6.17024,46,4,1,1.0,1,57,78.0,20
201600029551,2016-07-29,49.15016,6.16482,4,4,2,1.0,1,57,50.0,13
201600029561,2016-09-08,49.09356,6.1512,52,4,2,1.0,1,57,70.0,14
201600029565,2016-09-21,49.05654,6.13657,62,3,1,1.0,1,57,70.0,16
201600029570,2016-09-29,49.09907,6.16145,28,4,1,1.0,5,57,98.0,19
201600029586,2016-11-25,49.12104,6.16851,16,4,1,1.0,2,57,63.0,16
201600029606,2016-05-08,48.72625,7.05366,30,4,1,7.0,1,57,50.0,11
201600029658,2016-05-26,49.32866,6.11645,67,3,1,1.0,1,57,78.0,14
201600029678,2016-11-09,49.36136,6.16551,42,4,2,2.0,1,57,128.0,9
201600029688,2016-12-12,49.34398,6.17681,52,3,1,1.0,5,57,87.0,17
201600029709,2016-01-08,46.99764,3.1644,34,4,2,2.0,1,58,56.0,13
201600029715,2016-01-27,46.99041,3.16554,74,3,1,1.0,1,58,54.0,13
201600029732,2016-04-18,47.00426,3.15413,47,3,2,1.0,1,58,216.0,17
201600029733,2016-04-22,46.978,3.12497,20,4,1,1.0,1,58,60.0,11
201600029739,2016-05-29,46.98326,3.14904,27,4,1,1.0,1,58,50.0,16
201600029766,2016-09-01,46.98703,3.14747,45,4,1,1.0,1,58,60.0,17
201600029776,2016-10-07,46.98755,3.15175,74,1,1,1.0,1,58,60.0,8
201600029900,2016-02-27,50.19016,0.21423,23,4,1,1.0,5,59,60.0,4
201600029934,2016-03-27,50.42678,3.15149,18,2,1,2.0,3,59,63.0,4
201600029937,2016-05-05,50.23228,3.07216,10,4,2,1.0,1,59,70.0,13
201600029938,2016-04-15,50.41327,3.13547,29,1,1,1.0,1,59,72.0,8
201600029942,2016-05-16,50.32397,3.25266,66,4,1,1.0,1,59,68.0,10
201600029948,2016-05-30,50.23415,3.05122,38,3,1,3.0,1,59,70.0,16
201600029953,2016-08-15,50.41772,3.09883,87,3,1,1.0,1,59,80.0,14
201600030061,2016-01-07,50.62056,0.62056,25,3,1,2.0,1,59,25.0,13
201600030063,2016-01-09,50.62631,3.0403,20,3,1,1.0,5,59,107.0,4
201600030697,2016-04-08,48.52216,-2.87277,64,3,1,1.0,1,22,79.0,14
201600030702,2016-08-22,48.63345,-2.97496,46,3,1,1.0,1,22,60.0,11
201600030707,2016-01-03,49.4181,2.80362,24,4,1,3.0,3,60,35.0,18
201600030716,2016-04-18,49.41091,2.83827,18,4,1,1.0,1,60,89.0,17
201600030716,2016-04-18,49.41091,2.83827,18,4,1,1.0,1,60,89.0,17
201600030719,2016-05-24,49.40266,2.81852,13,4,1,1.0,1,60,61.0,19
201600030728,2016-09-07,49.40705,2.80322,75,3,1,1.0,1,60,60.0,20
201600030752,2016-06-06,49.27007,2.46075,11,3,1,1.0,1,60,50.0,19
201600030778,2016-11-02,46.56011,4.71413,69,2,1,8.0,1,71,45.0,10
201600030826,2016-05-31,48.7413,-0.02148,52,4,1,2.0,1,61,88.0,7
201600030828,2016-07-07,48.73953,-0.00456,85,3,2,7.0,1,61,64.0,11
201600030830,2016-10-05,48.74471,-0.02367,77,3,2,1.0,1,61,52.0,16
201600030832,2016-09-27,48.74144,-0.02162,70,4,2,1.0,1,61,68.0,10
201600030858,2016-08-25,46.13549,-1.00962,34,3,1,1.0,1,17,69.0,8
201600030912,2016-04-08,50.51861,2.45755,17,4,1,1.0,1,62,60.0,20
201600030946,2016-04-10,50.5212,2.87069,11,3,1,1.0,1,62,54.0,17
201600030950,2016-05-05,50.55115,2.67665,60,3,1,1.0,1,62,100.0,15
201600030958,2016-09-22,50.5271,2.63274,16,4,1,1.0,1,62,60.0,18
201600030974,2016-02-10,50.76761,1.64199,69,3,1,1.0,1,62,150.0,15
201600031007,2016-08-29,50.4503,2.52499,71,3,1,1.0,1,62,65.0,16
201600031115,2016-02-22,50.47033,2.99616,15,3,1,2.0,1,62,45.0,17
201600031120,2016-05-21,50.45369,2.94038,16,4,2,1.0,1,62,66.0,19
201600031149,2016-07-04,50.47186,2.99352,14,4,1,1.0,1,62,60.0,16
201600031151,2016-07-31,50.42216,2.7813,45,4,1,1.0,1,62,27.0,16
201600031165,2016-08-29,50.41334,2.74949,58,3,1,1.0,1,62,73.0,20
201600031169,2016-08-26,50.45685,2.72123,9,4,1,1.0,1,62,60.0,14
201600031174,2016-09-13,50.42407,2.78125,11,4,1,1.0,1,62,60.0,12
201600031188,2016-10-12,50.41987,2.8941,24,3,1,2.0,1,62,124.0,11
201600031199,2016-11-27,50.46137,2.85646,12,2,1,1.0,1,62,68.0,15
201600031204,2016-09-27,50.47998,2.95118,17,3,1,1.0,1,62,32.0,8
201600031216,2016-09-08,50.54103,2.56193,77,3,1,1.0,1,62,91.0,14
201600031245,2016-07-19,50.51947,1.61014,17,3,2,1.0,2,62,58.0,21
201600031294,2016-02-26,45.73158,3.20458,66,4,1,1.0,1,63,60.0,16
201600031316,2016-06-29,45.89112,3.08136,30,3,1,1.0,1,63,75.0,12
201600031352,2016-05-07,43.4845,-1.51815,60,3,2,8.0,1,64,70.0,10
201600031371,2016-07-04,43.50359,-1.47768,27,3,1,1.0,1,64,160.0,17
201600031399,2016-08-26,43.50022,-1.47975,28,3,1,1.0,1,64,80.0,14
201600031399,2016-08-26,43.50022,-1.47975,26,3,1,1.0,1,64,80.0,14
201600031425,2016-12-02,43.49718,-1.48286,34,1,1,1.0,5,64,30.0,18
201600031425,2016-12-02,43.49718,-1.48286,40,3,1,1.0,5,64,30.0,18
201600031479,2016-08-19,43.4696,-1.56946,57,3,2,1.0,1,64,77.0,11
201600031486,2016-10-04,43.46902,-1.55812,68,3,1,1.0,1,64,70.0,10
201600031507,2016-01-08,43.30648,-0.37627,24,4,1,1.0,1,64,165.0,12
201600031520,2016-01-25,43.30865,-0.32576,28,4,1,1.0,1,64,78.0,13
201600031566,2016-03-17,43.3034,-0.36429,50,4,1,1.0,1,64,75.0,7
201600031576,2016-04-06,43.32835,-0.43816,17,4,1,1.0,1,64,63.0,14
201600031580,2016-04-11,43.32298,-0.42007,32,3,1,1.0,1,64,60.0,9
201600031589,2016-04-18,43.29193,-0.40707,78,4,1,1.0,1,64,76.0,14
201600031608,2016-05-17,43.31835,-0.35777,13,4,1,1.0,1,64,94.0,17
201600031615,2016-05-23,43.30668,-0.33377,80,4,1,2.0,1,64,50.0,13
201600031621,2016-05-30,43.30043,-0.36519,45,4,1,1.0,1,64,130.0,13
201600031628,2016-06-04,43.3188,-0.35976,74,4,1,1.0,1,64,77.0,14
201600031643,2016-06-23,43.3187,-0.42495,56,4,2,1.0,1,64,105.0,16
201600031653,2016-07-11,43.32445,-0.4148,54,3,1,1.0,1,64,49.0,7
201600031655,2016-07-05,43.29898,-0.36995,50,4,1,1.0,1,64,46.0,9
201600031655,2016-07-05,43.29898,-0.36995,65,3,1,1.0,1,64,46.0,9
201600031666,2016-07-27,43.31227,-0.38635,59,4,1,1.0,1,64,131.0,19
201600031679,2016-08-19,43.30714,-0.39882,62,4,1,1.0,1,64,102.0,8
201600031695,2016-09-14,43.30771,-0.33851,74,3,1,1.0,1,64,65.0,10
201600031702,2016-09-21,43.30867,-0.40835,29,1,1,1.0,1,64,156.0,16
201600031702,2016-09-21,43.30867,-0.40835,27,4,1,1.0,1,64,156.0,16
201600031713,2016-10-06,43.3028,-0.39569,45,4,1,1.0,1,64,113.0,16
201600031718,2016-10-12,43.31681,-0.36826,34,4,1,1.0,1,64,91.0,13
201600031731,2016-10-27,43.31322,-0.37066,27,4,1,1.0,1,64,70.0,15
201600031737,2016-11-05,43.30669,-0.32749,40,4,1,3.0,5,64,100.0,6
201600031738,2016-11-05,43.33141,-0.36156,18,4,1,3.0,1,64,91.0,12
201600031795,2016-12-27,43.31019,-0.34681,75,4,1,1.0,2,64,72.0,16
201600031923,2016-08-19,43.11603,-0.03285,55,4,1,1.0,1,65,110.0,8
201600031937,2016-02-20,43.24495,0.07842,89,3,2,1.0,1,65,93.0,19
201600031994,2016-01-14,42.68901,2.88817,18,4,1,1.0,1,66,80.0,8
201600032016,2016-03-11,42.69415,2.85079,53,4,1,1.0,1,66,100.0,12
201600032042,2016-05-18,42.67407,2.88751,12,4,1,1.0,1,66,100.0,15
201600032043,2016-05-23,42.69159,2.88267,27,4,1,1.0,1,66,100.0,8
201600032053,2016-06-14,42.68637,2.87283,58,4,2,1.0,1,66,80.0,8
201600032075,2016-08-23,42.71031,2.89948,61,4,1,1.0,1,66,70.0,7
201600032080,2016-09-06,42.68629,2.9067,50,4,1,1.0,1,66,80.0,8
201600032081,2016-09-08,42.70149,2.89077,23,1,1,1.0,1,66,100.0,10
201600032097,2016-10-05,42.69122,2.90776,41,4,1,1.0,1,66,100.0,12
201600032108,2016-10-26,42.70535,2.90179,17,4,2,1.0,2,66,100.0,19
201600032129,2016-11-24,42.70727,2.90944,62,3,1,1.0,1,66,60.0,16
201600032270,2016-09-21,45.40046,4.76035,80,3,1,1.0,1,38,60.0,13
201600032287,2016-04-08,48.26688,7.44758,37,4,2,1.0,1,67,41.0,15
201600032300,2016-01-02,48.5779,7.70399,83,2,2,2.0,1,67,80.0,11
201600032331,2016-02-02,48.63852,7.7815,57,4,1,1.0,1,67,50.0,13
201600032332,2016-02-03,48.58999,7.76835,22,1,2,1.0,1,67,85.0,8
201600032344,2016-02-10,48.58235,7.7572,19,4,2,1.0,1,67,236.0,13
201600032347,2016-02-12,48.58587,7.77566,22,2,1,1.0,5,67,120.0,5
201600032348,2016-02-12,48.58454,7.71463,51,4,1,1.0,5,67,90.0,6
201600032348,2016-02-12,48.58454,7.71463,30,4,1,1.0,5,67,90.0,6
201600032349,2016-02-12,48.5752,7.75369,24,4,1,2.0,5,67,150.0,18
201600032352,2016-02-17,48.58057,7.72766,55,4,1,1.0,1,67,59.0,7
201600032355,2016-02-22,48.60413,7.71252,22,4,2,1.0,1,67,80.0,16
201600032357,2016-02-23,48.582,7.75426,21,4,2,2.0,1,67,35.0,13
201600032361,2016-02-27,48.56231,7.74581,50,3,1,1.0,2,67,80.0,7
201600032365,2016-03-03,48.57416,7.77125,20,4,2,1.0,1,67,80.0,16
201600032378,2016-03-11,48.589,7.74218,22,4,1,1.0,1,67,71.0,17
201600032382,2016-03-14,48.52026,7.73077,30,4,2,1.0,1,67,65.0,16
201600032385,2016-03-16,48.56834,7.75742,20,1,1,1.0,1,67,70.0,17
201600032393,2016-03-29,48.58102,7.69713,63,4,1,1.0,1,67,99.0,14
201600032395,2016-03-30,48.56204,7.69984,15,3,2,1.0,1,67,102.0,7
201600032396,2016-03-30,48.60102,7.7148,34,4,1,2.0,1,67,96.0,8
201600032410,2016-04-09,48.5712,8.5712,53,4,1,1.0,1,67,69.0,19
201600032414,2016-04-11,48.56173,7.6816,53,4,1,1.0,1,67,68.0,14
201600032416,2016-04-13,48.54617,7.75129,51,4,1,1.0,1,67,50.0,20
201600032419,2016-04-15,48.61279,7.73906,51,4,1,1.0,1,67,70.0,19
201600032427,2016-04-21,48.57772,7.75107,32,4,2,1.0,1,67,75.0,17
201600032430,2016-04-22,48.5672,7.76254,13,3,1,1.0,1,67,70.0,17
201600032434,2016-04-24,48.57152,7.77038,23,4,2,1.0,1,67,155.0,20
201600032441,2016-05-03,48.59371,7.75817,36,4,1,1.0,1,67,35.0,8
201600032442,2016-05-04,48.5868,7.73914,28,4,2,1.0,1,67,85.0,17
201600032442,2016-05-04,48.5868,7.73914,31,1,2,1.0,1,67,85.0,17
201600032443,2016-05-06,48.58752,7.71777,37,4,1,1.0,1,67,90.0,17
201600032448,2016-05-11,48.58706,7.76658,21,4,1,1.0,1,67,120.0,14
201600032454,2016-05-16,48.6007,7.70946,58,3,1,2.0,1,67,60.0,18
201600032455,2016-05-16,48.57768,7.70391,26,4,2,1.0,1,67,122.0,17
201600032458,2016-05-19,48.58072,7.74935,35,4,1,1.0,1,67,50.0,10
201600032458,2016-05-19,48.58072,7.74935,37,1,1,1.0,1,67,50.0,10
201600032461,2016-05-21,48.57045,7.77574,32,4,1,1.0,1,67,86.0,13
201600032465,2016-05-24,48.5846,7.75144,44,4,1,1.0,1,67,50.0,12
201600032465,2016-05-24,48.5846,7.75144,43,1,1,1.0,1,67,50.0,12
201600032467,2016-05-25,48.61621,7.73348,61,4,1,1.0,1,67,72.0,8
201600032468,2016-05-25,48.59931,7.72456,19,4,1,1.0,1,67,37.0,12
201600032478,2016-05-31,48.52419,7.72142,74,4,2,1.0,1,67,59.0,9
201600032483,2016-06-03,48.57325,7.7555,23,4,2,2.0,5,67,81.0,22
201600032486,2016-06-07,48.57549,7.79074,55,4,2,1.0,1,67,130.0,7
201600032490,2016-06-10,48.58518,7.75094,24,4,2,1.0,1,67,35.0,13
201600032493,2016-06-10,48.59185,7.75308,27,4,2,1.0,1,67,50.0,19
201600032494,2016-06-11,48.57126,7.77216,51,4,1,1.0,1,67,55.0,14
201600032496,2016-06-15,48.56128,7.7517,33,4,2,2.0,1,67,94.0,12
201600032505,2016-06-20,48.58749,7.70019,20,4,2,1.0,1,67,63.0,16
201600032511,2016-06-26,48.61276,7.73542,8,4,1,1.0,1,67,52.0,19
201600032513,2016-06-29,48.61079,7.76649,70,4,1,1.0,1,67,40.0,8
201600032520,2016-07-01,48.56806,7.75753,27,4,2,1.0,1,67,66.0,20
201600032525,2016-07-07,48.57758,7.75304,20,4,1,1.0,1,67,76.0,16
201600032532,2016-07-17,48.54863,7.71055,60,1,2,1.0,1,67,70.0,12
201600032533,2016-07-19,48.56315,7.76224,23,4,1,1.0,1,67,120.0,14
201600032536,2016-07-20,48.58278,7.76345,24,4,2,1.0,1,67,100.0,8
201600032545,2016-07-31,48.58685,7.73846,31,4,1,1.0,1,67,80.0,16
201600032546,2016-07-31,48.60924,7.74464,34,4,1,1.0,1,67,80.0,19
201600032550,2016-08-04,48.59252,7.73282,46,4,1,2.0,1,67,90.0,18
201600032552,2016-08-06,48.56554,7.76817,54,4,1,1.0,1,67,40.0,11
201600032558,2016-08-13,48.56305,7.75804,66,4,1,1.0,1,67,55.0,18
201600032561,2016-08-17,48.59899,7.79096,21,1,1,1.0,1,67,80.0,10
201600032561,2016-08-17,48.59899,7.79096,83,4,2,1.0,1,67,80.0,10
201600032563,2016-08-18,48.60995,7.74351,16,4,1,1.0,1,67,80.0,11
201600032567,2016-08-25,48.57037,7.73797,12,4,1,1.0,1,67,80.0,14
201600032568,2016-08-25,48.58411,7.7588,29,4,1,1.0,1,67,82.0,17
201600032569,2016-08-25,48.59224,7.76998,48,4,2,1.0,1,67,81.0,17
201600032572,2016-08-26,48.56397,7.75435,24,4,2,1.0,1,67,40.0,16
201600032573,2016-08-26,48.5316,7.70757,90,3,1,1.0,1,67,85.0,19
201600032590,2016-09-05,48.56301,7.6983,5,4,1,1.0,1,67,70.0,16
201600032593,2016-09-08,48.57819,7.70642,31,4,1,1.0,1,67,116.0,16
201600032596,2016-09-09,48.56785,7.7576,38,1,1,1.0,1,67,60.0,19
201600032596,2016-09-09,48.56785,7.7576,2,4,1,1.0,1,67,60.0,19
201600032599,2016-09-12,48.59096,7.74624,55,4,1,1.0,1,67,240.0,8
201600032602,2016-09-12,48.58815,7.75881,50,1,1,1.0,1,67,90.0,15
201600032602,2016-09-12,48.58815,7.75881,75,4,2,1.0,1,67,90.0,15
201600032608,2016-09-14,48.56763,7.76328,14,4,2,1.0,1,67,60.0,7
201600032609,2016-09-15,48.58153,7.74849,37,4,2,1.0,1,67,35.0,13
201600032610,2016-09-17,48.57172,7.77026,45,2,1,1.0,5,67,157.0,5
201600032613,2016-09-20,48.57213,7.76723,43,4,2,1.0,1,67,71.0,7
201600032614,2016-09-20,48.57153,7.77015,20,4,1,1.0,2,67,90.0,7
201600032624,2016-09-28,48.57716,7.75837,56,4,2,1.0,1,67,85.0,7
201600032627,2016-09-29,48.61439,7.75914,17,4,1,1.0,1,67,60.0,8
201600032628,2016-09-29,48.57423,7.77119,32,4,2,1.0,1,67,111.0,8
201600032631,2016-09-30,48.60401,7.75036,58,4,1,1.0,1,67,80.0,14
201600032637,2016-10-03,48.57876,7.71101,23,4,1,1.0,1,67,60.0,16
201600032638,2016-10-03,48.5822,7.74162,25,1,1,1.0,5,67,85.0,21
201600032648,2016-10-10,48.58782,7.75353,12,4,1,1.0,1,67,27.0,7
201600032654,2016-10-12,48.59062,7.7004,52,4,1,1.0,1,67,100.0,13
201600032656,2016-10-14,48.52224,7.72172,17,4,1,1.0,1,67,40.0,13
201600032658,2016-10-14,48.54978,7.73418,39,4,1,1.0,1,67,80.0,16
201600032661,2016-10-15,48.57714,7.76889,28,4,2,1.0,1,67,50.0,12
201600032662,2016-10-16,48.60025,7.75381,20,3,1,1.0,5,67,180.0,5
201600032663,2016-10-17,48.59027,7.75468,21,4,1,1.0,1,67,80.0,10
201600032667,2016-10-23,48.56134,7.75153,21,4,1,1.0,5,67,80.0,20
201600032671,2016-10-28,48.58745,7.73866,23,4,2,1.0,1,67,80.0,19
201600032677,2016-11-02,48.54883,7.7415,77,4,2,1.0,1,67,75.0,10
201600032678,2016-11-03,48.5605,7.75097,25,4,2,1.0,5,67,60.0,19
201600032680,2016-11-07,48.52932,7.73401,23,4,1,1.0,1,67,60.0,8
201600032682,2016-11-08,48.59683,7.74142,24,4,2,8.0,5,67,35.0,17
201600032683,2016-11-09,48.57113,7.77346,22,3,1,2.0,5,67,140.0,19
201600032686,2016-11-13,48.59676,7.74255,15,4,1,1.0,1,67,100.0,12
201600032689,2016-11-16,48.58193,7.76305,22,4,1,1.0,1,67,120.0,9
201600032690,2016-11-16,48.58464,7.76869,24,4,1,2.0,1,67,60.0,12
201600032692,2016-11-17,48.5696,7.75109,7,4,1,1.0,1,67,142.0,13
201600032692,2016-11-17,48.5696,7.75109,17,1,2,1.0,1,67,142.0,13
201600032693,2016-11-17,48.58002,7.75029,40,1,1,1.0,5,67,37.0,17
201600032701,2016-11-23,48.52979,7.72555,21,4,1,1.0,5,67,90.0,17
201600032716,2016-12-02,48.6095,7.7559,47,4,2,1.0,1,67,66.0,13
201600032722,2016-12-06,48.58953,7.75159,38,3,2,1.0,1,67,120.0,9
201600032731,2016-12-12,48.57532,7.7575,21,4,2,1.0,5,67,150.0,18
201600032733,2016-12-13,48.57739,7.72803,53,4,1,1.0,1,67,30.0,7
201600032772,2016-01-23,48.07823,7.33276,82,3,1,1.0,1,68,230.0,11
201600032774,2016-02-25,48.07294,7.36611,27,3,2,1.0,2,68,145.0,18
201600032777,2016-04-04,48.09229,7.34891,51,3,1,1.0,1,68,68.0,7
201600032778,2016-04-08,48.07421,7.35258,55,3,2,1.0,1,68,55.0,15
201600032785,2016-06-10,48.07084,7.3658,58,4,2,1.0,1,68,160.0,14
201600032790,2016-07-19,48.09435,7.36182,46,4,2,1.0,1,68,140.0,9
201600032792,2016-08-12,48.06759,7.3441,33,3,2,1.0,1,68,120.0,15
201600032796,2016-10-10,48.08345,7.35057,67,3,1,1.0,1,68,95.0,10
201600032800,2016-11-03,48.07032,7.35341,19,4,1,1.0,1,68,100.0,9
201600032801,2016-11-14,48.07978,7.33745,17,3,2,1.0,2,68,110.0,8
201600032809,2016-01-25,47.76047,7.32629,49,4,1,1.0,1,68,85.0,11
201600032811,2016-02-19,47.75688,7.32303,63,3,1,1.0,1,68,66.0,13
201600032826,2016-06-23,47.74325,7.34158,73,3,1,1.0,1,68,74.0,9
201600032846,2016-05-09,47.57717,7.54981,25,1,2,1.0,1,68,94.0,9
201600032848,2016-08-23,47.58635,7.56611,58,3,2,1.0,1,68,30.0,11
201600032848,2016-08-23,47.58635,7.56611,46,1,1,1.0,1,68,30.0,11
201600032888,2016-03-22,45.59638,4.76666,26,4,1,1.0,1,69,100.0,8
201600032979,2016-02-27,45.76166,4.93694,34,4,2,1.0,1,69,80.0,11
201600032998,2016-04-13,45.76041,4.88069,12,4,1,1.0,1,69,78.0,18
201600032998,2016-04-13,45.76041,4.88069,6,1,1,1.0,1,69,78.0,18
201600033009,2016-04-28,45.78716,4.92513,27,3,1,1.0,1,69,60.0,20
201600033022,2016-05-13,45.74926,4.91424,38,4,1,2.0,1,69,71.0,14
201600033038,2016-06-01,45.77077,4.86711,22,3,1,1.0,5,69,160.0,23
201600033049,2016-06-07,45.77236,4.93386,69,4,2,1.0,1,69,140.0,7
201600033073,2016-06-13,45.72058,4.92272,36,4,1,2.0,1,69,47.0,19
201600033113,2016-08-23,45.72036,4.94105,46,2,1,1.0,1,69,143.0,18
201600033115,2016-08-26,45.77508,4.88033,32,2,1,1.0,1,69,32.0,10
201600033125,2016-09-12,45.77272,4.86194,80,4,1,1.0,1,69,124.0,10
201600033126,2016-09-13,45.72786,4.91597,50,4,1,1.0,1,69,155.0,6
201600033161,2016-10-17,45.76903,4.90568,48,4,1,1.0,4,69,120.0,22
201600033169,2016-10-29,45.77931,4.87921,30,4,1,1.0,5,69,60.0,19
201600033175,2016-11-04,45.77954,4.87508,21,2,2,1.0,1,69,75.0,13
201600033231,2016-09-24,48.69621,4.57784,49,3,1,1.0,1,51,58.0,9
201600033237,2016-10-29,45.0461,0.36775,15,2,1,1.0,1,24,58.0,8
201600033285,2016-12-01,50.377,2.039,34,3,1,1.0,1,62,70.0,14
201600033369,2016-10-17,44.6565,0.76689,18,4,1,1.0,3,47,34.0,20
201600033375,2016-06-23,46.67029,4.37318,10,2,1,1.0,1,71,69.0,19
201600033427,2016-04-28,45.56293,5.90819,61,2,1,1.0,1,73,110.0,14
201600033433,2016-09-08,45.57341,5.95716,26,3,1,1.0,5,73,100.0,0
201600033459,2016-09-12,45.90255,6.12177,16,3,1,1.0,1,74,59.0,16
201600033461,2016-11-10,45.90455,6.13107,38,3,2,2.0,5,74,64.0,18
201600033507,2016-10-15,46.38949,6.52406,67,4,1,1.0,1,74,80.0,11
201600033547,2016-07-01,49.85261,1.10162,11,3,1,1.0,1,76,42.0,15
201600033574,2016-01-02,49.75075,0.40363,15,4,1,2.0,5,76,40.0,17
201600033574,2016-01-02,49.75075,0.40363,8,1,1,2.0,5,76,40.0,17
201600033578,2016-09-13,49.75858,0.37578,41,3,1,1.0,1,76,110.0,11
201600033601,2016-01-31,49.47958,0.11992,53,3,1,1.0,1,76,128.0,12
201600033626,2016-03-01,49.50263,0.15289,18,4,2,1.0,5,76,68.0,23
201600033628,2016-03-01,49.49742,0.13263,20,4,1,1.0,1,76,63.0,7
201600033631,2016-03-11,49.50068,0.08849,44,4,2,1.0,1,76,118.0,8
201600033633,2016-03-14,49.49486,0.11119,42,3,1,1.0,1,76,55.0,17
201600033639,2016-03-25,49.48902,0.13964,42,3,1,1.0,1,76,128.0,18
201600033661,2016-05-04,49.52208,0.15731,14,3,1,1.0,1,76,88.0,16
201600033661,2016-05-04,49.52208,0.15731,29,4,1,1.0,1,76,88.0,16
201600033667,2016-05-14,49.50151,0.15109,52,4,1,1.0,1,76,64.0,18
201600033676,2016-06-05,49.49607,0.12084,13,4,2,1.0,1,76,78.0,18
201600033692,2016-07-02,49.514,0.12644,19,4,1,1.0,1,76,55.0,20
201600033749,2016-10-04,49.5011,0.09016,81,4,2,1.0,1,76,92.0,13
201600033781,2016-12-22,49.50621,0.08447,43,4,1,1.0,5,76,61.0,18
201600033817,2016-02-22,49.47454,1.03809,20,4,1,3.0,1,76,30.0,15
201600033886,2016-05-29,49.32763,1.07447,71,4,1,1.0,1,76,55.0,10
201600033925,2016-06-28,49.43608,1.10136,45,4,2,1.0,1,76,93.0,12
201600034053,2016-01-26,48.86693,2.5753,86,3,1,1.0,1,77,60.0,8
201600034054,2016-03-14,48.88676,2.58526,76,3,1,1.0,1,77,40.0,10
201600034055,2016-05-01,48.87527,2.57869,73,3,1,1.0,1,77,60.0,11
201600034230,2016-05-13,48.73701,2.70136,49,2,1,8.0,1,77,40.0,17
201600034401,2016-10-23,48.52526,3.24876,24,3,1,3.0,1,77,135.0,16
201600034483,2016-11-01,48.97633,1.98163,50,4,1,1.0,1,78,90.0,12
201600034540,2016-07-07,48.59431,1.43542,45,3,1,1.0,1,78,50.0,8
201600034741,2016-01-20,48.78302,2.18472,34,4,2,1.0,5,78,80.0,20
201600034801,2016-03-17,46.34212,-0.4525,80,4,1,1.0,1,79,195.0,7
201600034808,2016-07-04,46.31613,-0.46883,59,4,1,8.0,1,79,125.0,12
201600034812,2016-09-02,46.326,-0.4523,39,3,1,1.0,1,79,250.0,14
201600034816,2016-09-23,46.3184,-0.5111,7,4,1,1.0,1,79,60.0,18
201600034818,2016-09-27,46.33087,-0.47053,27,4,2,1.0,1,79,80.0,16
201600034837,2016-07-11,46.98971,-0.22205,25,4,1,1.0,1,79,73.0,16
201600034854,2016-05-18,50.10421,1.84308,85,3,1,2.0,1,80,155.0,15
201600035120,2016-08-09,43.53644,6.46031,49,3,1,1.0,1,83,88.0,9
201600035179,2016-08-21,43.10383,6.05472,33,4,1,1.0,1,83,66.0,18
201600035186,2016-10-01,43.11341,6.12922,27,3,1,1.0,5,83,110.0,22
201600035188,2016-10-18,43.08417,6.15242,73,3,1,1.0,1,83,70.0,12
201600035221,2016-05-26,43.13699,5.76027,49,3,1,1.0,1,83,75.0,8
201600035231,2016-07-19,43.11805,5.8473,32,1,1,1.0,1,83,80.0,18
201600035256,2016-10-26,43.09601,5.83124,62,3,1,1.0,1,83,60.0,17
201600035306,2016-03-15,43.12802,5.9549,66,4,2,1.0,1,83,60.0,18
201600035313,2016-03-25,43.13292,6.04217,82,3,1,1.0,1,83,100.0,10
201600035319,2016-04-09,43.12705,5.87794,41,4,1,1.0,5,83,34.0,20
201600035328,2016-05-04,43.12372,5.96969,48,4,2,7.0,1,83,79.0,9
201600035339,2016-06-04,43.1275,5.90555,8,3,1,1.0,1,83,120.0,20
201600035340,2016-06-06,43.13213,5.882,12,3,1,1.0,1,83,30.0,11
201600035344,2016-06-13,43.12834,5.90931,38,4,1,1.0,5,83,60.0,22
201600035376,2016-08-10,43.12338,5.98194,40,3,1,1.0,1,83,50.0,7
201600035381,2016-09-01,43.11308,5.9933,50,4,1,7.0,2,83,30.0,7
201600035385,2016-09-03,43.13503,5.84643,44,3,1,1.0,5,83,70.0,20
201600035408,2016-10-05,43.13929,5.88545,18,4,1,1.0,1,83,35.0,18
201600035413,2016-10-11,43.12203,5.94019,63,3,1,1.0,1,83,25.0,16
201600035441,2016-11-26,43.13889,5.99472,16,4,1,1.0,2,83,130.0,18
201600035441,2016-11-26,43.13889,5.99472,22,1,1,1.0,2,83,130.0,18
201600035452,2016-12-04,43.13785,6.01563,8,4,1,1.0,1,83,70.0,16
201600035561,2016-03-03,46.66613,-1.44514,24,2,1,1.0,1,85,100.0,11
201600035571,2016-10-27,46.66068,-1.40187,12,3,1,7.0,1,85,101.0,12
201600035701,2016-02-05,46.5671,0.35987,29,4,1,1.0,5,86,120.0,19
201600035770,2016-05-21,46.5837,0.336,42,4,1,1.0,1,86,70.0,17
201600035790,2016-06-23,46.5966,0.3438,8,4,1,1.0,1,86,70.0,19
201600035816,2016-07-29,46.57358,0.3283,18,4,2,1.0,1,86,70.0,19
201600035820,2016-08-08,46.57713,0.35413,22,3,1,1.0,2,86,70.0,21
201600035871,2016-11-08,46.56926,0.3693,50,4,2,1.0,1,86,140.0,16
201600035876,2016-11-15,46.59356,0.36317,16,4,1,1.0,2,86,70.0,17
201600035909,2016-12-30,45.8247,1.23459,24,4,1,1.0,2,87,60.0,17
201600035949,2016-02-04,45.86,1.28737,60,4,1,3.0,1,87,120.0,17
201600035996,2016-03-30,45.835,1.22684,14,4,1,1.0,1,87,60.0,13
201600036029,2016-05-06,45.8178,1.22319,27,4,1,1.0,1,87,60.0,9
201600036046,2016-05-30,45.8675,1.23811,17,4,1,2.0,1,87,90.0,8
201600036075,2016-06-22,45.7874,1.21312,54,4,1,1.0,1,87,60.0,17
201600036100,2016-07-25,45.8867,1.26716,87,3,1,1.0,1,87,60.0,10
201600036103,2016-07-25,45.8208,1.2384,70,2,1,1.0,5,87,10.0,22
201600036105,2016-07-26,45.8111,1.27444,21,4,1,1.0,1,87,60.0,18
201600036118,2016-08-12,45.8662,1.23804,39,3,1,1.0,1,87,60.0,17
201600036129,2016-08-30,45.8397,1.22576,69,4,1,1.0,1,87,60.0,8
201600036130,2016-08-30,45.8486,1.25856,21,4,1,1.0,1,87,60.0,10
201600036157,2016-10-04,45.8181,1.23399,18,4,2,1.0,4,87,120.0,20
201600036172,2016-10-19,45.8768,1.24388,47,4,1,1.0,1,87,60.0,16
201600036219,2016-12-03,45.8248,1.2758,55,4,2,1.0,5,87,90.0,19
201600036224,2016-12-10,45.8297,1.30702,52,4,1,1.0,1,87,60.0,13
201600036230,2016-12-16,45.844,1.22962,84,3,1,1.0,1,87,60.0,14
201600036232,2016-11-30,45.8387,1.30992,24,4,1,1.0,1,87,90.0,13
201600036262,2016-09-24,48.01177,6.60886,8,3,1,1.0,1,88,33.0,19
201600036268,2016-03-17,48.29041,6.94209,81,3,1,1.0,1,88,80.0,14
201600036281,2016-09-01,48.29138,6.92833,56,3,1,1.0,1,88,30.0,18
201600036301,2016-11-29,47.81476,3.55774,77,3,1,1.0,1,89,60.0,9
201600036303,2016-01-21,48.19906,3.28404,13,4,1,1.0,1,89,25.0,9
201600036308,2016-03-30,48.20116,3.28227,26,3,1,2.0,1,89,60.0,13
201600036310,2016-05-08,48.1791,3.25817,40,4,1,1.0,1,89,84.0,9
201600036317,2016-06-03,48.19892,3.27671,27,4,1,2.0,1,89,62.0,8
201600036350,2016-11-25,48.19442,3.28358,9,4,1,1.0,1,89,95.0,8
201600036582,2016-05-05,48.68513,2.50125,65,1,1,1.0,1,91,70.0,12
201600036619,2016-09-26,48.69764,2.5195,15,4,1,1.0,1,91,60.0,19
201600036626,2016-11-20,48.69645,2.4983,15,4,1,2.0,5,91,200.0,20
201600036633,2016-09-13,48.694,2.49,13,4,1,1.0,2,91,150.0,8
201600036693,2016-07-28,48.70503,2.42141,54,3,2,1.0,1,91,68.0,21
201600036893,2016-09-26,48.72103,2.30205,54,4,1,1.0,1,91,24.0,8
201600036931,2016-04-03,48.43098,2.2629,59,4,2,1.0,1,91,70.0,11
201600036934,2016-05-09,48.71484,2.46326,14,1,1,1.0,1,91,50.0,16
201600036934,2016-05-09,48.71484,2.46326,80,4,2,1.0,1,91,50.0,16
201600036951,2016-08-04,48.71692,2.49021,38,1,1,1.0,5,91,40.0,23
201600036985,2016-12-07,48.70418,2.44686,67,3,1,1.0,1,91,100.0,7
201600036996,2016-02-24,48.6827,2.16688,16,3,1,1.0,1,91,25.0,9
201600037012,2016-05-16,48.71051,2.17643,72,2,1,1.0,1,91,86.0,11
201600037044,2016-10-22,48.68844,2.15315,7,4,2,1.0,1,91,70.0,18
201600037047,2016-10-30,48.70974,2.25419,43,4,1,1.0,5,91,60.0,17
201600042022,2016-04-17,48.7423,2.4913,73,4,1,1.0,1,94,50.0,9
201600042523,2016-04-06,48.7893,2.46624,73,4,2,1.0,1,94,120.0,14
201600042715,2016-05-24,48.8524,2.48704,44,4,2,1.0,1,94,60.0,9
201600043200,2016-02-19,48.8146,2.40209,50,3,1,1.0,1,94,71.0,8
201600043215,2016-03-14,48.8197,2.38004,19,4,1,1.0,1,94,35.0,17
201600043488,2016-11-07,48.8355,2.49405,66,4,1,2.0,1,94,60.0,10
201600043881,2016-03-04,48.777,2.39721,39,4,1,3.0,5,94,113.0,6
201600044661,2016-02-28,48.8175,2.44339,53,4,1,1.0,1,94,90.0,19
201600048080,2016-02-25,42.67447,9.44408,48,3,1,3.0,3,2B,35.0,20
201600048163,2016-07-22,42.65944,9.43966,9,4,1,1.0,1,2B,58.0,18
201600048254,2016-01-11,45.4718,4.4852,69,3,1,1.0,1,69,75.0,10
201600048337,2016-03-20,45.45088,4.49442,35,1,1,1.0,1,69,40.0,10
201600048347,2016-03-24,45.79211,4.86086,39,4,2,1.0,2,69,70.0,19
201600048362,2016-04-06,45.8218,4.90022,69,4,2,1.0,1,69,70.0,13
201600048375,2016-04-14,45.45558,4.48213,25,4,1,1.0,1,69,69.0,8
201600048386,2016-04-21,45.6935,4.82838,78,3,1,1.0,1,69,107.0,16
201600048393,2016-04-29,47.48037,4.50171,37,3,1,1.0,1,69,80.0,10
201600048414,2016-05-15,45.43279,4.46573,48,4,1,1.0,1,69,94.0,12
201600048420,2016-05-17,45.45264,4.48547,29,4,1,1.0,1,69,94.0,19
201600048483,2016-06-23,45.4,4.46,45,4,2,1.0,1,69,95.0,8
201600048498,2016-07-02,45.45593,6.087,20,4,1,1.0,1,69,62.0,15
201600048501,2016-07-03,45.69616,4.82586,78,3,1,1.0,1,69,68.0,12
201600048505,2016-07-06,45.77255,4.79088,64,3,1,1.0,1,69,70.0,13
201600048517,2016-07-11,45.70033,4.82024,22,4,1,1.0,1,69,48.0,10
201600048519,2016-07-11,45.7843,4.78213,20,3,2,3.0,1,69,80.0,18
201600048520,2016-07-08,45.7038,4.82074,26,4,1,1.0,1,69,118.0,11
201600048529,2016-07-18,45.45431,4.4933,22,3,1,1.0,1,69,53.0,21
201600048542,2016-07-24,43.0,4.0,21,3,1,1.0,1,69,92.0,7
201600048543,2016-07-27,45.45549,4.49527,33,3,2,1.0,1,69,95.0,15
201600048579,2016-08-26,45.46,4.49418,69,4,1,1.0,1,69,60.0,11
201600048585,2016-08-30,45.46005,4.49135,36,4,1,1.0,1,69,64.0,19
201600048585,2016-08-30,45.46005,4.49135,23,1,1,1.0,1,69,64.0,19
201600048588,2016-08-25,45.70022,4.82299,47,3,1,1.0,1,69,81.0,17
201600048589,2016-09-02,45.461,4.49373,24,4,1,1.0,5,69,90.0,2
201600048590,2016-09-02,45.45184,4.49271,30,4,1,1.0,1,69,109.0,9
201600048607,2016-09-02,45.69669,4.81175,23,3,1,1.0,1,69,69.0,6
201600048623,2016-09-19,45.73239,4.80386,30,3,1,1.0,1,69,82.0,7
201600048640,2016-09-28,45.75663,4.80729,13,4,1,1.0,1,69,98.0,17
201600048645,2016-09-30,45.77899,4.80543,39,4,1,1.0,1,69,29.0,13
201600048653,2016-10-05,49.83024,4.90681,83,4,1,1.0,1,69,28.0,15
201600048656,2016-10-05,45.79165,4.82378,15,1,1,1.0,1,69,51.0,18
201600048671,2016-10-10,45.7606,4.82845,17,4,1,1.0,1,69,55.0,12
201600048684,2016-10-18,45.78178,4.81015,33,4,2,1.0,1,69,115.0,8
201600048688,2016-10-21,45.77,4.8113,26,4,1,1.0,5,69,180.0,1
201600048704,2016-11-01,45.75392,4.79812,35,3,1,1.0,1,69,35.0,11
201600049242,2016-06-08,45.44377,4.51445,50,3,1,1.0,1,69,35.0,7
201600049289,2016-06-25,45.44346,4.52419,57,4,1,1.0,1,69,40.0,10
201600049298,2016-07-01,45.69713,4.88883,33,4,1,1.0,1,69,101.0,12
201600049415,2016-09-12,45.4456,4.50292,20,4,1,1.0,1,69,70.0,16
201600049535,2016-11-04,45.74344,4.84099,46,4,1,1.0,1,69,54.0,7
201600050280,2016-07-04,45.53473,4.87237,16,2,1,1.0,4,38,140.0,22
201600051104,2016-03-24,48.8627,2.33525,31,4,2,1.0,1,75,200.0,9
201600051110,2016-04-09,48.8603,2.35292,25,4,1,1.0,5,75,80.0,0
201600051139,2016-07-06,48.8589,2.347,67,4,1,1.0,1,75,100.0,18
201600051144,2016-07-15,48.8624,2.34029,25,4,1,1.0,1,75,53.0,11
201600051148,2016-07-28,48.8589,2.347,31,4,2,2.0,1,75,109.0,8
201600051164,2016-09-28,48.8689,2.3294,42,4,1,1.0,1,75,80.0,11
201600051172,2016-11-03,48.8635,2.33975,30,4,1,1.0,1,75,80.0,15
201600051177,2016-11-14,48.8589,2.347,46,4,1,1.0,2,75,110.0,17
201600051191,2016-01-11,48.8644,2.34667,25,4,1,2.0,5,75,120.0,20
201600051199,2016-01-21,48.8758,2.34369,60,4,1,8.0,2,75,60.0,7
201600051237,2016-05-03,48.8696,2.3315,29,4,1,1.0,1,75,60.0,16
201600051238,2016-05-13,48.8652,2.35038,43,1,1,1.0,1,75,40.0,11
201600051252,2016-06-23,48.8688,2.34331,39,1,1,1.0,5,75,60.0,23
201600051277,2016-11-10,48.8634,2.35094,52,4,1,3.0,5,75,120.0,18
201600051286,2016-12-15,48.8615,2.33907,28,4,1,1.0,5,75,160.0,18
201600051288,2016-01-04,48.8702,2.3322,27,1,1,1.0,2,75,147.0,16
201600051295,2016-01-20,48.8657,2.3522,38,4,1,1.0,1,75,125.0,10
201600051297,2016-01-22,48.869,2.35558,33,4,1,3.0,1,75,150.0,14
201600051317,2016-03-12,48.8638,2.33207,21,3,1,1.0,1,75,140.0,12
201600051318,2016-03-16,48.8648,2.33285,54,4,1,1.0,5,75,110.0,18
201600051337,2016-05-09,48.8655,2.35571,41,4,1,1.0,1,75,110.0,17
201600051339,2016-05-13,48.8655,2.35571,22,4,1,1.0,1,75,108.0,9
201600051342,2016-05-27,48.8639,2.34908,25,4,1,1.0,1,75,118.0,8
201600051347,2016-06-07,48.8641,2.35136,45,4,1,1.0,1,75,88.0,18
201600051354,2016-06-18,48.8683,2.35987,22,4,2,1.0,1,75,159.0,20
201600051355,2016-06-20,48.8646,2.35529,48,4,1,1.0,1,75,84.0,11
201600051357,2016-06-30,48.8632,2.36463,61,4,2,8.0,1,75,64.0,14
201600051360,2016-07-05,48.867,2.3544,25,4,1,1.0,5,75,86.0,21
201600051365,2016-07-20,48.8552,2.3528,28,1,1,1.0,5,75,60.0,23
201600051368,2016-07-27,48.8627,2.35379,39,4,2,1.0,1,75,91.0,14
201600051371,2016-08-02,48.8643,2.3551,25,4,2,2.0,1,75,87.0,11
201600051375,2016-08-23,48.8634,2.35094,42,4,1,1.0,1,75,142.0,15
201600051376,2016-08-29,48.8603,2.36455,31,4,1,1.0,1,75,78.0,17
201600051377,2016-09-02,48.8649,2.36074,19,4,1,1.0,1,75,83.0,9
201600051379,2016-09-06,48.8672,2.36302,31,4,2,2.0,1,75,145.0,19
201600051383,2016-09-08,48.8686,2.3582,46,4,2,1.0,5,75,90.0,21
201600051384,2016-09-10,48.8614,2.36714,27,4,2,1.0,1,75,172.0,15
201600051391,2016-09-28,48.866,2.35376,28,1,1,1.0,1,75,108.0,9
201600051391,2016-09-28,48.866,2.35376,51,4,2,1.0,1,75,108.0,9
201600051398,2016-10-10,48.8596,2.36755,49,4,2,1.0,1,75,120.0,14
201600051399,2016-10-11,48.8638,2.36629,58,4,1,1.0,1,75,160.0,17
201600051412,2016-11-10,48.8612,2.35345,49,4,1,2.0,1,75,104.0,14
201600051418,2016-11-21,48.8624,2.35204,27,1,2,1.0,5,75,115.0,20
201600051420,2016-11-24,48.8653,2.36539,28,4,1,1.0,5,75,149.0,18
201600051422,2016-11-26,48.8665,2.35109,27,4,1,1.0,5,75,125.0,18
201600051424,2016-11-30,48.8567,2.34891,22,4,1,1.0,1,75,110.0,8
201600051428,2016-12-03,48.8644,2.34667,20,4,1,1.0,5,75,100.0,19
201600051431,2016-12-08,48.861,2.35411,23,4,1,1.0,5,75,41.0,21
201600051431,2016-12-08,48.861,2.35411,31,4,1,1.0,5,75,41.0,21
201600051439,2016-12-20,48.866,2.35376,24,4,1,1.0,5,75,110.0,21
201600051440,2016-12-26,48.8689,2.35218,24,4,2,1.0,1,75,57.0,14
201600051445,2016-01-09,48.8573,2.34922,25,1,1,1.0,5,75,80.0,4
201600051453,2016-01-27,48.8551,2.36104,43,4,2,2.0,5,75,42.0,20
201600051467,2016-03-04,48.8537,2.36896,29,1,1,2.0,5,75,270.0,20
201600051472,2016-03-11,48.862,2.35013,27,1,2,1.0,1,75,160.0,17
201600051481,2016-04-02,48.8535,2.3665,45,4,1,1.0,1,75,133.0,10
201600051490,2016-04-21,48.8559,2.36226,31,4,1,1.0,5,75,35.0,21
201600051491,2016-04-26,48.8588,2.34748,51,4,2,8.0,1,75,120.0,8
201600051495,2016-05-04,48.8569,2.3538,36,1,1,1.0,1,75,105.0,15
201600051498,2016-05-12,48.8562,2.36574,22,1,1,2.0,2,75,60.0,20
201600051500,2016-05-19,48.8578,2.35156,66,4,1,2.0,1,75,120.0,8
201600051513,2016-06-02,48.872,2.33998,68,4,1,8.0,1,75,88.0,11
201600051525,2016-06-28,48.8606,2.34934,23,4,1,1.0,2,75,120.0,21
201600051526,2016-07-01,48.8482,2.36497,28,4,1,1.0,1,75,68.0,19
201600051543,2016-07-25,48.849,2.36447,54,4,2,1.0,1,75,80.0,9
201600051550,2016-08-10,48.8572,2.36175,49,3,1,1.0,2,75,35.0,20
201600051554,2016-08-19,48.8551,2.34565,45,4,1,2.0,1,75,150.0,14
201600051559,2016-08-23,48.8575,2.35141,34,4,1,1.0,1,75,90.0,16
201600051562,2016-08-25,48.8525,2.36672,77,4,1,1.0,1,75,120.0,10
201600051562,2016-08-25,48.8525,2.36672,57,4,1,1.0,1,75,120.0,10
201600051568,2016-09-02,48.856,2.35089,29,4,1,1.0,1,75,50.0,17
201600051571,2016-09-08,48.8517,2.3617,45,4,1,1.0,1,75,260.0,8
201600051582,2016-09-30,48.8612,2.35345,35,4,1,1.0,1,75,100.0,13
201600051583,2016-10-02,48.8552,2.36113,21,1,2,1.0,1,75,75.0,12
201600051587,2016-10-15,48.8583,2.34337,43,4,1,1.0,1,75,126.0,15
201600051594,2016-11-12,48.8551,2.35021,19,4,1,1.0,1,75,100.0,13
201600051595,2016-11-16,48.8544,2.35494,39,4,1,1.0,5,75,100.0,19
201600051597,2016-11-28,48.8526,2.3598,25,4,2,1.0,2,75,36.0,17
201600051600,2016-12-01,48.8595,2.35251,25,4,1,1.0,1,75,120.0,11
201600051605,2016-12-10,48.8585,2.35524,43,4,1,1.0,5,75,70.0,19
201600051613,2016-12-27,48.8568,2.35104,56,4,2,1.0,1,75,100.0,13
201600051616,2016-01-05,48.85,2.35486,28,1,1,1.0,2,75,60.0,17
201600051617,2016-01-08,48.8426,2.3615,24,1,1,1.0,1,75,30.0,13
201600051622,2016-01-16,48.8514,2.34314,65,4,1,1.0,1,75,147.0,11
201600051630,2016-02-05,48.8402,2.33901,72,4,2,1.0,1,75,30.0,8
201600051638,2016-02-16,48.8511,2.34618,46,4,2,1.0,1,75,80.0,12
201600051640,2016-02-18,48.8528,2.34661,31,3,1,8.0,5,75,110.0,21
201600051642,2016-02-25,48.8494,2.35682,32,4,2,7.0,1,75,50.0,9
201600051647,2016-03-03,48.8506,2.34641,56,4,2,1.0,5,75,100.0,20
201600051651,2016-03-08,48.8494,2.35611,17,4,1,1.0,1,75,40.0,11
201600051652,2016-03-08,48.8449,2.34233,27,4,1,1.0,5,75,90.0,18
201600051654,2016-03-14,48.8465,2.34472,19,4,1,1.0,1,75,120.0,10
201600051661,2016-04-05,48.8496,2.35032,17,4,2,1.0,1,75,204.0,16
201600051662,2016-04-05,48.8514,2.34314,36,4,2,1.0,5,75,143.0,20
201600051668,2016-04-20,48.8491,2.35762,19,1,1,1.0,5,75,110.0,1
201600051687,2016-06-01,48.8421,2.3413,27,4,1,1.0,1,75,54.0,18
201600051688,2016-06-02,48.8514,2.34314,46,4,1,3.0,5,75,120.0,0
201600051690,2016-06-03,48.8443,2.33915,22,4,1,1.0,1,75,140.0,15
201600051700,2016-06-14,48.8508,2.34548,20,4,1,1.0,1,75,146.0,17
201600051701,2016-06-16,48.8491,2.35762,40,4,1,1.0,1,75,140.0,8
201600051705,2016-06-22,48.8412,2.35596,24,1,1,1.0,1,75,50.0,20
201600051711,2016-06-29,48.8531,2.34682,23,4,1,1.0,1,75,90.0,19
201600051713,2016-06-30,48.8422,2.35202,43,4,1,8.0,1,75,120.0,8
201600051713,2016-06-30,48.8422,2.35202,10,4,1,8.0,1,75,120.0,8
201600051721,2016-07-12,48.8377,2.35117,48,4,1,1.0,1,75,120.0,14
201600051725,2016-07-27,48.8427,2.35212,33,4,2,1.0,1,75,80.0,20
201600051726,2016-07-29,48.847,2.34061,71,3,2,1.0,1,75,160.0,17
201600051731,2016-07-31,48.8455,2.34685,54,4,1,1.0,1,75,90.0,13
201600051743,2016-08-26,48.8494,2.35682,30,4,1,1.0,1,75,124.0,18
201600051746,2016-08-31,48.8384,2.35068,35,4,2,1.0,1,75,132.0,10
201600051757,2016-09-18,48.8494,2.35682,32,4,2,8.0,1,75,165.0,14
201600051762,2016-09-27,48.8468,2.34331,24,4,1,1.0,1,75,100.0,18
201600051770,2016-10-13,48.8504,2.34267,22,1,1,2.0,2,75,126.0,19
201600051784,2016-11-17,48.846,2.34322,25,3,1,1.0,1,75,65.0,14
201600051817,2016-01-16,48.8524,2.33182,71,4,2,1.0,1,75,50.0,15
201600051827,2016-02-06,48.8462,2.32613,19,1,1,1.0,1,75,80.0,14
201600051835,2016-02-17,48.8514,2.33201,44,4,2,1.0,1,75,70.0,13
201600051841,2016-03-04,48.8473,2.32221,63,4,2,1.0,1,75,20.0,16
201600051846,2016-03-18,48.8521,2.32976,28,4,1,1.0,5,75,90.0,21
201600051848,2016-03-19,48.8561,2.34044,19,4,2,1.0,1,75,60.0,13
201600051850,2016-03-29,48.8417,2.33777,70,1,1,2.0,1,75,120.0,19
201600051853,2016-04-08,48.8451,2.32509,25,4,2,1.0,1,75,120.0,17
201600051859,2016-04-12,48.8473,2.32791,26,4,2,1.0,5,75,71.0,23
201600051865,2016-04-22,48.8521,2.34008,35,4,1,1.0,1,75,150.0,10
201600051869,2016-05-07,48.8477,2.34004,40,4,1,1.0,1,75,60.0,16
201600051873,2016-05-10,48.8505,2.33009,37,1,1,2.0,5,75,145.0,22
201600051874,2016-05-13,48.847,2.32692,20,4,1,1.0,1,75,70.0,13
201600051885,2016-06-24,48.8538,2.33323,25,4,1,1.0,5,75,110.0,22
201600051890,2016-06-30,48.8528,2.34255,57,4,2,1.0,1,75,60.0,8
201600051894,2016-07-06,48.8574,2.33811,41,4,1,1.0,1,75,150.0,12
201600051897,2016-07-13,48.8473,2.32791,16,4,1,1.0,2,75,70.0,21
201600051907,2016-08-18,48.8451,2.32016,72,3,2,1.0,1,75,200.0,12
201600051911,2016-09-05,48.844,2.33062,16,4,1,2.0,1,75,40.0,9
201600051916,2016-09-14,48.8456,2.32862,23,3,2,1.0,1,75,30.0,12
201600051920,2016-09-23,48.8479,2.31939,17,1,1,1.0,1,75,100.0,19
201600051922,2016-09-24,48.8532,2.33255,24,4,1,1.0,5,75,120.0,20
201600051925,2016-10-05,48.8567,2.33475,29,4,1,1.0,1,75,59.0,13
201600051929,2016-10-10,48.8568,2.33927,38,4,2,1.0,1,75,140.0,9
201600051945,2016-11-10,48.8415,2.33121,69,4,2,3.0,5,75,180.0,18
201600051953,2016-12-07,48.8502,2.32409,32,4,1,1.0,2,75,100.0,16
201600051954,2016-12-13,48.8492,2.33596,23,4,1,1.0,5,75,90.0,17
201600051955,2016-12-16,48.8441,2.3231,25,4,1,1.0,1,75,160.0,10
201600051957,2016-12-23,48.8481,2.32791,22,1,1,1.0,1,75,110.0,11
201600051990,2016-02-25,48.8612,2.32058,27,3,2,1.0,5,75,120.0,20
201600051996,2016-03-06,48.8627,2.31096,70,1,1,1.0,1,75,50.0,8
201600052025,2016-04-28,48.8593,2.29758,37,1,2,8.0,1,75,50.0,17
201600052025,2016-04-28,48.8593,2.29758,18,4,2,8.0,1,75,50.0,17
201600052042,2016-05-23,48.8567,2.29355,23,4,1,1.0,5,75,100.0,23
201600052060,2016-06-16,48.8623,2.30505,28,4,1,1.0,5,75,160.0,22
201600052072,2016-07-12,48.8583,2.32243,26,4,1,1.0,1,75,80.0,20
201600052081,2016-07-29,48.8599,2.31718,48,4,2,1.0,1,75,60.0,9
201600052083,2016-08-01,48.8592,2.30061,30,4,1,1.0,3,75,100.0,20
201600052094,2016-09-05,48.8517,2.32428,51,4,1,2.0,1,75,30.0,9
201600052107,2016-10-06,48.8506,2.30885,45,4,2,1.0,1,75,100.0,15
201600052118,2016-10-25,48.8579,2.31572,44,4,1,1.0,5,75,70.0,19
201600052187,2016-02-10,48.8747,2.30362,38,4,1,8.0,5,75,100.0,20
201600052196,2016-02-17,48.865,2.32027,29,4,1,1.0,1,75,250.0,8
201600052223,2016-03-07,48.8647,2.32055,67,4,1,2.0,5,75,250.0,18
201600052243,2016-03-25,48.8706,2.32286,31,4,1,1.0,1,75,100.0,11
201600052256,2016-04-05,48.8642,2.30178,30,1,1,1.0,1,75,100.0,14
201600052256,2016-04-05,48.8642,2.30178,24,4,2,1.0,1,75,100.0,14
201600052267,2016-04-11,48.8747,2.32004,47,4,1,2.0,1,75,100.0,9
201600052293,2016-05-01,48.869,2.31475,70,4,2,1.0,1,75,100.0,18
201600052300,2016-05-04,48.8724,2.29949,31,4,2,1.0,2,75,240.0,20
201600052312,2016-05-11,48.8749,2.30181,30,1,1,1.0,1,75,90.0,12
201600052343,2016-06-07,48.8729,2.31595,35,4,1,1.0,1,75,70.0,15
201600052352,2016-06-16,48.867,2.30631,31,4,1,1.0,1,75,120.0,23
201600052366,2016-06-26,48.8784,2.31553,26,3,1,1.0,1,75,80.0,19
201600052368,2016-06-28,48.8743,2.31793,26,4,1,1.0,1,75,150.0,9
201600052377,2016-07-01,48.875,2.32177,23,4,2,1.0,1,75,60.0,9
201600052411,2016-07-28,48.8796,2.327,66,4,1,1.0,1,75,130.0,16
201600052414,2016-07-31,48.875,2.30789,29,4,1,1.0,2,75,150.0,20
201600052437,2016-08-27,48.8793,2.30391,22,1,1,6.0,3,75,80.0,22
201600052456,2016-09-07,48.8739,2.31586,25,4,2,1.0,1,75,120.0,19
201600052472,2016-09-22,48.8642,2.32014,56,4,2,1.0,1,75,240.0,7
201600052480,2016-09-30,48.8742,2.31749,22,4,1,1.0,1,75,60.0,10
201600052501,2016-10-25,48.8756,2.31881,44,4,1,1.0,1,75,240.0,10
201600052516,2016-11-09,48.865,2.31369,24,4,2,1.0,1,75,90.0,8
201600052529,2016-11-17,48.8666,2.3219,40,4,1,1.0,5,75,50.0,22
201600052539,2016-11-26,48.882,2.32048,24,4,1,1.0,5,75,60.0,2
201600052549,2016-12-07,48.8756,2.32657,53,4,1,1.0,5,75,75.0,23
201600052576,2016-01-21,48.8834,2.34763,66,4,1,1.0,5,75,80.0,20
201600052604,2016-03-29,48.8732,2.3311,24,4,2,2.0,5,75,60.0,23
201600052621,2016-05-06,48.8762,2.33109,42,1,1,1.0,1,75,120.0,8
201600052641,2016-06-11,48.8752,2.3481,65,4,1,2.0,1,75,50.0,13
201600052642,2016-06-12,48.8741,2.33806,23,4,1,1.0,1,75,70.0,17
201600052648,2016-06-25,48.8762,2.33109,59,4,2,1.0,1,75,80.0,13
201600052661,2016-07-25,48.8741,2.33904,31,4,2,1.0,1,75,50.0,10
201600052711,2016-11-19,48.8757,2.32775,18,4,1,1.0,2,75,60.0,17
201600052737,2016-01-12,48.8706,2.35495,30,4,1,2.0,5,75,140.0,21
201600052746,2016-01-23,48.8717,2.36541,24,3,1,1.0,1,75,100.0,15
201600052747,2016-01-23,48.88,2.35416,26,4,2,1.0,5,75,80.0,22
201600052764,2016-02-08,48.8698,2.36689,31,4,2,1.0,5,75,60.0,18
201600052777,2016-03-01,48.8835,2.36896,28,4,2,1.0,2,75,90.0,18
201600052781,2016-03-08,48.8704,2.37073,26,4,2,1.0,1,75,120.0,10
201600052787,2016-03-18,48.8762,2.35611,29,4,1,1.0,1,75,35.0,14
201600052794,2016-04-04,48.8815,2.35134,23,4,1,1.0,1,75,120.0,18
201600052804,2016-04-16,48.8795,2.35772,36,4,1,1.0,1,75,30.0,18
201600052805,2016-04-20,48.8736,2.37499,23,1,1,1.0,1,75,25.0,11
201600052821,2016-05-10,48.87,2.37099,44,4,1,2.0,2,75,50.0,20
201600052825,2016-05-14,48.8732,2.36421,18,1,1,1.0,1,75,80.0,20
201600052829,2016-05-21,48.8806,2.36196,32,4,2,1.0,5,75,120.0,1
201600052850,2016-06-20,48.8723,2.35592,53,4,1,3.0,1,75,250.0,17
201600052867,2016-07-11,48.8692,2.3548,51,4,2,1.0,1,75,60.0,13
201600052868,2016-07-11,48.8689,2.35633,44,4,1,1.0,2,75,250.0,21
201600052868,2016-07-11,48.8689,2.35633,34,1,2,1.0,2,75,250.0,21
201600052883,2016-08-29,48.8704,2.35482,52,4,2,1.0,1,75,160.0,19
201600052900,2016-09-27,48.8737,2.35826,60,3,1,1.0,1,75,50.0,16
201600052902,2016-09-28,48.8838,2.35923,44,4,1,1.0,1,75,100.0,12
201600052904,2016-09-30,48.8795,2.36324,41,4,2,1.0,1,75,20.0,11
201600052926,2016-11-15,48.8742,2.35854,22,4,1,8.0,1,75,200.0,8
201600052930,2016-11-19,48.8793,2.35334,41,4,2,1.0,1,75,120.0,14
201600052932,2016-11-19,48.8753,2.36917,25,1,1,1.0,5,75,30.0,19
201600052938,2016-11-29,48.8753,2.35092,19,4,1,1.0,5,75,35.0,22
201600052948,2016-12-19,48.8787,2.36624,27,4,2,2.0,1,75,35.0,8
201600052956,2016-01-12,48.8572,2.36813,68,4,1,1.0,2,75,180.0,17
201600052961,2016-01-15,48.8513,2.39098,51,3,2,1.0,1,75,140.0,14
201600052978,2016-02-02,48.8543,2.37138,44,4,1,1.0,1,75,60.0,16
201600053013,2016-03-08,48.8625,2.36688,49,3,2,1.0,1,75,100.0,10
201600053018,2016-03-16,48.8566,2.37099,36,1,1,1.0,1,75,120.0,15
201600053019,2016-03-16,48.8667,2.36518,25,4,1,1.0,1,75,150.0,17
201600053023,2016-03-20,48.8513,2.37612,25,4,1,1.0,5,75,80.0,2
201600053025,2016-03-20,48.8632,2.37195,28,4,2,1.0,5,75,180.0,6
201600053031,2016-03-24,48.8529,2.37704,21,4,1,1.0,5,75,80.0,22
201600053041,2016-04-07,48.8662,2.36963,33,4,1,1.0,1,75,100.0,16
201600053047,2016-04-18,48.8539,2.37761,42,4,1,1.0,1,75,100.0,9
201600053053,2016-04-25,48.8676,2.37561,36,4,1,2.0,1,75,60.0,17
201600053058,2016-04-30,48.8519,2.39368,27,4,2,2.0,1,75,200.0,14
201600053059,2016-05-02,48.8458,2.3676,43,4,1,1.0,1,75,400.0,8
201600053068,2016-05-12,48.864,2.38129,70,3,1,2.0,1,75,50.0,14
201600053070,2016-05-14,48.8573,2.39035,29,4,1,1.0,1,75,100.0,11
201600053077,2016-05-19,48.8688,2.38062,18,4,1,2.0,1,75,50.0,13
201600053096,2016-06-09,48.8624,2.37985,36,3,2,1.0,1,75,60.0,16
201600053097,2016-06-09,48.8653,2.37452,31,4,1,1.0,1,75,150.0,13
201600053103,2016-06-18,48.8571,2.36883,55,4,2,1.0,1,75,70.0,13
201600053105,2016-06-19,48.8667,2.36518,36,4,2,1.0,1,75,100.0,11
201600053109,2016-06-22,48.8541,2.38263,24,1,1,1.0,1,75,100.0,13
201600053118,2016-06-28,48.8652,2.37516,52,4,1,1.0,1,75,150.0,17
201600053121,2016-07-02,48.8578,2.37092,31,4,1,1.0,1,75,120.0,10
201600053134,2016-07-17,48.8502,2.39476,19,4,1,1.0,1,75,115.0,20
201600053139,2016-07-21,48.8653,2.37452,26,4,1,1.0,1,75,160.0,12
201600053140,2016-07-21,48.8501,2.3843,28,4,1,1.0,1,75,80.0,14
201600053146,2016-07-24,48.8688,2.37629,20,4,1,1.0,1,75,50.0,14
201600053164,2016-08-10,48.8676,2.37561,57,4,2,1.0,1,75,50.0,19
201600053165,2016-08-12,48.8656,2.36942,57,4,2,1.0,1,75,80.0,16
201600053171,2016-08-20,48.8533,2.37722,26,3,1,1.0,1,75,65.0,19
201600053172,2016-08-20,48.8573,2.3713,36,1,1,1.0,1,75,100.0,20
201600053174,2016-08-23,48.8635,2.37053,36,4,1,1.0,1,75,90.0,19
201600053175,2016-08-30,48.8593,2.38685,28,1,2,1.0,1,75,60.0,15
201600053177,2016-09-02,48.8585,2.36845,49,3,1,1.0,1,75,30.0,17
201600053182,2016-09-10,48.8527,2.38864,21,4,1,1.0,1,75,200.0,11
201600053185,2016-09-13,48.8552,2.39164,16,4,1,1.0,1,75,60.0,19
201600053195,2016-09-21,48.8591,2.37789,46,4,1,1.0,1,75,150.0,13
201600053197,2016-09-23,48.8552,2.39164,44,4,2,1.0,2,75,140.0,18
201600053198,2016-09-23,48.8641,2.381,30,3,1,1.0,5,75,30.0,21
201600053207,2016-10-01,48.8445,2.40626,26,4,2,1.0,1,75,300.0,16
201600053210,2016-10-04,48.8519,2.37378,25,1,1,1.0,1,75,160.0,14
201600053214,2016-10-06,48.8579,2.37696,71,3,2,1.0,1,75,40.0,17
201600053215,2016-10-07,48.8589,2.36771,50,4,1,8.0,1,75,160.0,9
201600053216,2016-10-07,48.8646,2.36581,69,3,1,1.0,1,75,50.0,11
201600053233,2016-10-19,48.8532,2.37022,28,1,1,1.0,1,75,100.0,10
201600053234,2016-10-19,48.8507,2.39447,29,4,2,1.0,3,75,60.0,22
201600053243,2016-10-26,48.8632,2.37968,48,4,1,1.0,5,75,60.0,23
201600053247,2016-11-02,48.8662,2.36963,21,1,1,1.0,3,75,100.0,19
201600053247,2016-11-02,48.8662,2.36963,60,4,2,1.0,3,75,100.0,19
201600053250,2016-11-04,48.8646,2.37798,58,4,2,2.0,1,75,140.0,9
201600053251,2016-11-04,48.8616,2.36759,19,1,1,2.0,1,75,60.0,13
201600053260,2016-11-14,48.8655,2.37345,29,4,2,8.0,1,75,150.0,8
201600053261,2016-11-14,48.8598,2.3887,37,4,2,1.0,1,75,100.0,9
201600053262,2016-11-14,48.8518,2.37638,47,4,2,1.0,1,75,100.0,12
201600053274,2016-12-01,48.866,2.37702,45,4,2,1.0,5,75,40.0,23
201600053283,2016-12-16,48.8648,2.36834,27,4,2,1.0,5,75,100.0,17
201600053283,2016-12-16,48.8648,2.36834,63,4,2,1.0,5,75,100.0,17
201600053292,2016-12-25,48.8589,2.37966,25,4,2,1.0,1,75,100.0,14
201600053300,2016-01-05,48.8439,2.37319,34,4,1,1.0,1,75,120.0,15
201600053342,2016-02-12,48.8289,2.41969,43,4,1,2.0,4,75,100.0,7
201600053347,2016-02-16,48.8464,2.40004,28,4,2,1.0,1,75,20.0,8
201600053352,2016-02-21,48.8455,2.37124,30,4,1,1.0,5,75,100.0,0
201600053380,2016-03-22,48.8409,2.40468,29,4,1,1.0,1,75,80.0,14
201600053402,2016-04-07,48.8491,2.37546,59,1,1,1.0,1,75,35.0,19
201600053409,2016-04-14,48.8423,2.376,10,3,1,1.0,1,75,120.0,16
201600053418,2016-04-19,48.8242,2.42275,46,4,1,1.0,1,75,60.0,10
201600053427,2016-05-01,48.8289,2.41969,54,4,1,1.0,1,75,80.0,11
201600053430,2016-05-05,48.8387,2.46136,47,4,1,1.0,1,75,60.0,10
201600053439,2016-05-11,48.8365,2.44159,45,4,1,1.0,1,75,60.0,12
201600053455,2016-05-25,48.8469,2.3694,23,4,1,1.0,5,75,60.0,3
201600053464,2016-05-30,48.8436,2.37053,50,4,1,3.0,1,75,30.0,8
201600053465,2016-05-30,48.843,2.38927,64,3,2,2.0,1,75,50.0,8
201600053471,2016-06-06,48.8391,2.39052,59,4,1,1.0,1,75,120.0,14
201600053478,2016-06-11,48.8458,2.3676,21,1,1,1.0,1,75,150.0,17
201600053482,2016-06-15,48.8353,2.39275,45,4,2,1.0,1,75,60.0,8
201600053485,2016-06-15,48.8444,2.38395,11,4,2,1.0,1,75,30.0,19
201600053506,2016-06-27,48.8535,2.36952,32,4,2,1.0,1,75,30.0,18
201600053507,2016-06-28,48.8337,2.4451,47,3,1,1.0,1,75,25.0,18
201600053509,2016-06-29,48.8237,2.44178,63,4,1,1.0,1,75,90.0,16
201600053509,2016-06-29,48.8237,2.44178,68,4,1,1.0,1,75,90.0,16
201600053509,2016-06-29,48.8237,2.44178,55,4,1,1.0,1,75,90.0,16
201600053515,2016-07-05,48.8402,2.43645,38,4,1,1.0,1,75,120.0,20
201600053515,2016-07-05,48.8402,2.43645,19,1,1,1.0,1,75,120.0,20
201600053526,2016-07-19,48.8487,2.37253,24,4,1,1.0,1,75,90.0,13
201600053533,2016-07-28,48.8374,2.39117,28,4,2,1.0,1,75,100.0,8
201600053549,2016-08-08,48.848,2.39283,29,4,2,1.0,1,75,80.0,18
201600053564,2016-08-28,48.8277,2.44377,26,1,1,1.0,1,75,50.0,18
201600053565,2016-08-28,48.8481,2.39335,20,4,1,1.0,1,75,80.0,20
201600053576,2016-09-08,48.8376,2.39086,36,4,1,1.0,1,75,60.0,9
201600053587,2016-09-13,48.84,2.43217,23,1,1,1.0,1,75,25.0,19
201600053592,2016-09-16,48.8333,2.39892,63,4,1,3.0,1,75,110.0,19
201600053605,2016-09-23,48.84,2.43217,66,4,1,1.0,1,75,80.0,14
201600053606,2016-09-23,48.8494,2.37448,52,4,2,1.0,5,75,30.0,21
201600053611,2016-09-28,48.8343,2.44129,44,3,1,1.0,1,75,60.0,16
201600053614,2016-09-29,48.8486,2.39435,34,4,1,1.0,5,75,80.0,21
201600053618,2016-10-04,48.8454,2.36684,41,4,1,1.0,5,75,200.0,1
201600053630,2016-10-09,48.8483,2.37327,51,4,1,1.0,5,75,70.0,23
201600053660,2016-10-31,48.8367,2.38435,20,4,1,1.0,1,75,30.0,14
201600053670,2016-11-05,48.846,2.36735,32,4,2,2.0,5,75,80.0,18
201600053673,2016-11-06,48.8265,2.4551,14,4,1,1.0,1,75,30.0,13
201600053680,2016-11-08,48.8358,2.45314,14,4,2,1.0,2,75,120.0,17
201600053685,2016-11-15,48.8411,2.39887,50,4,1,2.0,1,75,60.0,7
201600053702,2016-11-28,48.8443,2.41032,52,4,1,1.0,5,75,100.0,18
201600053704,2016-11-29,48.8405,2.43442,54,4,2,1.0,2,75,60.0,8
201600053708,2016-12-02,48.8501,2.3843,36,1,1,1.0,1,75,60.0,18
201600053712,2016-12-06,48.8507,2.37019,41,4,2,1.0,1,75,120.0,8
201600053714,2016-12-07,48.8445,2.38105,13,4,1,1.0,5,75,120.0,17
201600053715,2016-12-08,48.8324,2.40395,27,4,1,1.0,1,75,90.0,12
201600053744,2016-01-01,48.8303,2.34709,66,4,1,1.0,1,75,110.0,13
201600053751,2016-01-08,48.8272,2.36772,31,4,2,1.0,1,75,40.0,12
201600053757,2016-01-13,48.8349,2.35315,18,4,1,1.0,2,75,70.0,16
201600053757,2016-01-13,48.8349,2.35315,18,4,1,1.0,2,75,70.0,16
201600053768,2016-01-25,48.8381,2.36036,38,4,1,1.0,5,75,60.0,19
201600053821,2016-03-29,48.8437,2.36457,29,4,2,2.0,1,75,60.0,16
201600053823,2016-03-30,48.833,2.37872,48,4,1,3.0,5,75,90.0,6
201600053827,2016-04-04,48.8285,2.3788,20,4,1,1.0,1,75,250.0,11
201600053840,2016-04-11,48.8201,2.35681,56,3,2,2.0,1,75,60.0,17
201600053850,2016-04-26,48.8297,2.35064,32,4,1,1.0,1,75,50.0,7
201600053854,2016-05-03,48.8342,2.37716,21,4,2,1.0,1,75,60.0,9
201600053863,2016-05-06,48.8298,2.35406,72,4,1,1.0,1,75,60.0,16
201600053883,2016-05-20,48.8368,2.35183,31,4,1,1.0,5,75,150.0,2
201600053890,2016-05-28,48.8357,2.34848,17,4,1,1.0,1,75,125.0,8
201600053901,2016-06-08,48.8301,2.3508,24,4,2,1.0,1,75,115.0,9
201600053903,2016-06-12,48.8262,2.35988,26,4,1,2.0,1,75,60.0,15
201600053904,2016-06-12,48.8216,2.35874,13,4,1,2.0,1,75,100.0,20
201600053906,2016-06-13,48.8311,2.34421,17,4,1,1.0,1,75,240.0,18
201600053917,2016-06-26,48.8228,2.37789,14,4,1,1.0,1,75,80.0,13
201600053918,2016-06-26,48.8251,2.35761,55,4,1,1.0,1,75,110.0,19
201600053921,2016-06-28,48.8384,2.35703,23,4,2,1.0,1,75,65.0,18
201600053925,2016-07-01,48.8443,2.36496,34,4,1,1.0,1,75,220.0,12
201600053949,2016-07-26,48.8364,2.3713,65,4,1,1.0,1,75,180.0,8
201600053953,2016-07-31,48.8269,2.35109,19,4,1,1.0,5,75,25.0,23
201600053954,2016-08-01,48.8323,2.37979,27,1,1,1.0,5,75,125.0,22
201600053963,2016-08-16,48.8306,2.34464,27,4,1,1.0,1,75,80.0,9
201600053967,2016-08-22,48.8204,2.35271,25,1,1,1.0,1,75,130.0,17
201600053975,2016-08-31,48.816,2.36005,31,4,1,1.0,1,75,45.0,9
201600053982,2016-09-05,48.8311,2.34421,24,4,1,2.0,5,75,120.0,20
201600053986,2016-09-13,48.8381,2.36036,36,4,1,1.0,1,75,153.0,11
201600053988,2016-09-14,48.8342,2.3448,21,1,1,2.0,1,75,60.0,20
201600053994,2016-09-22,48.8216,2.35874,19,4,1,1.0,1,75,130.0,18
201600053998,2016-09-23,48.825,2.36226,29,4,2,1.0,1,75,110.0,12
201600054016,2016-10-06,48.8216,2.35255,31,4,1,1.0,5,75,30.0,20
201600054020,2016-10-10,48.8375,2.34631,26,4,1,1.0,5,75,80.0,21
201600054022,2016-10-11,48.8209,2.35076,28,4,1,1.0,1,75,30.0,11
201600054024,2016-10-12,48.8285,2.36692,64,4,1,1.0,1,75,40.0,9
201600054080,2016-11-18,48.8268,2.36523,36,4,2,1.0,1,75,100.0,16
201600054088,2016-11-27,48.8432,2.36615,24,4,1,1.0,1,75,105.0,12
201600054098,2016-12-08,48.8262,2.35988,47,4,1,1.0,5,75,50.0,19
201600054112,2016-12-22,48.8415,2.36298,47,4,1,1.0,5,75,190.0,17
201600054129,2016-01-27,48.8241,2.32769,19,4,2,2.0,1,75,70.0,7
201600054137,2016-02-04,48.8237,2.3232,37,1,1,2.0,5,75,200.0,19
201600054141,2016-02-10,48.8389,2.32028,38,4,1,1.0,1,75,210.0,11
201600054177,2016-04-07,48.8299,2.3339,53,4,2,1.0,1,75,60.0,18
201600054223,2016-06-10,48.8365,2.32336,32,3,2,1.0,1,75,120.0,7
201600054234,2016-06-19,48.8624,2.30951,13,4,2,1.0,1,75,200.0,13
201600054245,2016-06-30,48.8265,2.31318,36,4,2,1.0,1,75,80.0,9
201600054259,2016-07-14,48.8268,2.30391,20,4,1,1.0,3,75,80.0,4
201600054273,2016-07-27,48.8322,2.33061,27,4,2,1.0,2,75,90.0,20
201600054276,2016-08-03,48.8435,2.32493,20,1,1,1.0,1,75,150.0,11
201600054287,2016-08-29,48.8281,2.32689,52,4,2,1.0,1,75,130.0,17
201600054290,2016-09-04,48.8237,2.32336,12,1,1,1.0,1,75,50.0,18
201600054294,2016-09-10,48.8301,2.30571,66,4,1,1.0,1,75,50.0,10
201600054295,2016-09-10,48.8431,2.32635,72,4,1,1.0,5,75,60.0,20
201600054303,2016-09-15,48.8344,2.33242,36,4,2,2.0,1,75,90.0,10
201600054342,2016-10-23,48.842,2.3296,22,4,2,2.0,5,75,200.0,20
201600054375,2016-11-18,48.841,2.32497,66,4,2,1.0,1,75,30.0,12
201600054384,2016-11-26,48.8197,2.32558,35,4,1,1.0,1,75,250.0,10
201600054388,2016-11-30,48.8209,2.32049,18,4,2,1.0,1,75,100.0,9
201600054426,2016-01-20,48.8347,2.30515,19,4,2,1.0,5,75,90.0,18
201600054444,2016-02-12,48.8483,2.3028,53,4,2,1.0,1,75,40.0,9
201600054458,2016-02-24,48.8345,2.30577,41,4,1,1.0,1,75,120.0,10
201600054461,2016-02-25,48.847,2.28528,42,4,1,1.0,5,75,70.0,19
201600054471,2016-03-08,48.8404,2.28389,30,1,1,1.0,5,75,160.0,18
201600054480,2016-03-15,48.8387,2.31435,35,4,1,1.0,5,75,60.0,19
201600054484,2016-03-18,48.8309,2.29228,30,4,1,1.0,1,75,200.0,15
201600054486,2016-03-23,48.8431,2.28349,29,4,2,1.0,1,75,108.0,11
201600054490,2016-03-25,48.8417,2.29166,17,4,1,1.0,1,75,122.0,13
201600054497,2016-04-05,48.8466,2.27574,52,4,1,1.0,1,75,100.0,10
201600054516,2016-04-27,48.8438,2.28188,27,4,1,1.0,1,75,60.0,12
201600054523,2016-05-08,48.842,2.31968,23,4,1,1.0,5,75,50.0,3
201600054528,2016-05-12,48.8348,2.30469,62,4,1,1.0,1,75,110.0,10
201600054546,2016-05-26,48.8457,2.31946,61,4,2,1.0,1,75,50.0,16
201600054557,2016-06-01,48.8347,2.30515,18,1,1,2.0,1,75,80.0,10
201600054576,2016-06-22,48.8412,2.32163,35,1,1,1.0,2,75,100.0,20
201600054583,2016-06-26,48.8495,2.29599,24,4,1,1.0,1,75,80.0,13
201600054584,2016-06-26,48.8413,2.29817,35,4,2,8.0,1,75,150.0,13
201600054615,2016-07-23,48.8302,2.30187,31,4,2,1.0,1,75,50.0,15
201600054616,2016-07-24,48.8368,2.26827,59,3,1,1.0,1,75,60.0,12
201600054616,2016-07-24,48.8368,2.26827,37,1,1,1.0,1,75,60.0,12
201600054624,2016-08-05,48.8423,2.31333,21,4,1,1.0,5,75,50.0,1
201600054628,2016-08-19,48.8457,2.30973,32,4,1,2.0,1,75,80.0,17
201600054643,2016-09-04,48.8343,2.27451,37,4,2,1.0,5,75,50.0,0
201600054645,2016-09-04,48.8462,2.27902,25,4,1,1.0,1,75,95.0,16
201600054651,2016-09-09,48.8487,2.28519,10,4,1,1.0,1,75,50.0,17
201600054657,2016-09-14,48.8527,2.29073,20,4,1,1.0,1,75,100.0,14
201600054672,2016-09-27,48.8509,2.29259,46,4,1,1.0,5,75,65.0,20
201600054686,2016-10-06,48.8518,2.29166,20,4,1,1.0,2,75,90.0,18
201600054694,2016-10-14,48.8369,2.28359,24,4,1,1.0,1,75,50.0,9
201600054706,2016-10-27,48.8404,2.31491,60,4,2,1.0,1,75,40.0,18
201600054715,2016-11-02,48.84,2.29031,29,4,1,1.0,5,75,110.0,21
201600054716,2016-11-04,48.8365,2.28398,47,4,2,2.0,1,75,60.0,9
201600054724,2016-11-10,48.8481,2.29018,35,4,1,1.0,1,75,40.0,15
201600054727,2016-11-15,48.8327,2.28833,52,1,1,2.0,5,75,84.0,6
201600054736,2016-11-20,48.8437,2.2863,29,4,1,2.0,1,75,60.0,14
201600054745,2016-11-27,48.8455,2.30124,35,4,1,1.0,1,75,60.0,14
201600054752,2016-11-30,48.8481,2.29018,38,4,1,1.0,5,75,70.0,19
201600054761,2016-12-09,48.8436,2.29323,54,1,1,1.0,1,75,60.0,15
201600054764,2016-12-13,48.8437,2.2863,24,4,1,2.0,1,75,61.0,8
201600054779,2016-12-29,48.8385,2.29359,59,4,1,1.0,1,75,100.0,14
201600054917,2016-04-12,48.8594,2.22935,24,4,2,1.0,1,75,100.0,8
201600054961,2016-05-20,48.8637,2.23255,28,4,1,1.0,1,75,150.0,9
201600055036,2016-06-29,48.8391,2.26125,28,4,2,1.0,1,75,100.0,19
201600055115,2016-09-05,48.8647,2.28265,25,1,1,2.0,1,75,45.0,11
201600055428,2016-04-07,48.8807,2.28525,27,4,1,1.0,5,75,200.0,22
201600055501,2016-06-19,48.8791,2.28601,34,4,1,1.0,1,75,50.0,20
201600055606,2016-09-18,48.8856,2.29167,54,3,1,1.0,1,75,100.0,12
201600055655,2016-10-24,48.8769,2.28506,58,4,2,2.0,1,75,200.0,9
201600055674,2016-11-17,48.8902,2.30456,41,4,2,1.0,1,75,60.0,8
201600055674,2016-11-17,48.8902,2.30456,10,4,1,1.0,1,75,60.0,8
201600055734,2016-01-18,48.8858,2.36495,27,4,2,1.0,5,75,35.0,19
201600055741,2016-01-22,48.8853,2.34948,26,4,2,2.0,5,75,60.0,19
201600055753,2016-02-01,48.8888,2.34958,27,4,1,1.0,5,75,40.0,19
201600055771,2016-02-21,48.891,2.35254,42,4,1,1.0,5,75,50.0,21
201600055781,2016-03-01,48.8853,2.34948,28,4,1,2.0,2,75,50.0,18
201600055822,2016-04-03,48.8899,2.36359,31,3,1,1.0,1,75,30.0,19
201600055822,2016-04-03,48.8899,2.36359,19,1,1,1.0,1,75,30.0,19
201600055839,2016-04-15,48.8841,2.34946,64,4,2,3.0,1,75,70.0,15
201600055846,2016-04-21,48.893,2.32739,17,4,1,1.0,1,75,50.0,9
201600055847,2016-04-23,48.8873,2.34955,33,4,2,1.0,1,75,150.0,17
201600055905,2016-06-09,48.8959,2.32837,19,4,1,1.0,1,75,80.0,17
201600055945,2016-07-12,48.8843,2.36412,23,4,1,1.0,1,75,50.0,21
201600055946,2016-07-13,48.8912,2.3516,34,4,1,2.0,5,75,50.0,1
201600055957,2016-07-25,48.8845,2.32911,26,4,1,1.0,1,75,90.0,12
201600055977,2016-08-20,48.8849,2.32986,20,1,1,2.0,5,75,200.0,22
201600055980,2016-08-31,48.8898,2.34293,46,4,2,1.0,1,75,52.0,15
201600055986,2016-09-07,48.898,2.34414,42,4,2,1.0,1,75,100.0,18
201600056002,2016-09-22,48.8953,2.33754,40,4,1,1.0,1,75,100.0,17
201600056013,2016-10-04,48.8892,2.36259,37,4,1,1.0,2,75,30.0,19
201600056035,2016-10-20,48.8858,2.36495,9,4,1,2.0,1,75,40.0,13
201600056066,2016-11-21,48.8858,2.32635,16,1,1,8.0,1,75,200.0,15
201600056070,2016-11-26,48.8915,2.34962,36,4,1,1.0,1,75,50.0,11
201600056086,2016-12-09,48.8825,2.33762,29,1,1,1.0,5,75,80.0,18
201600056138,2016-02-04,48.8828,2.37033,38,4,1,8.0,5,75,60.0,22
201600056147,2016-02-13,48.8987,2.37027,12,4,1,2.0,5,75,150.0,19
201600056153,2016-02-22,48.8883,2.37413,33,4,1,1.0,1,75,50.0,13
201600056185,2016-04-03,48.8811,2.37039,23,1,1,1.0,1,75,40.0,14
201600056185,2016-04-03,48.8811,2.37039,30,4,1,1.0,1,75,40.0,14
201600056204,2016-04-29,48.8953,2.37189,16,4,1,1.0,1,75,100.0,18
201600056206,2016-05-08,48.8764,2.37725,34,4,2,1.0,1,75,100.0,15
201600056224,2016-05-30,48.8901,2.37736,20,4,1,2.0,2,75,30.0,20
201600056227,2016-06-01,48.8843,2.36795,23,1,1,1.0,1,75,15.0,13
201600056242,2016-06-23,48.8892,2.39387,54,4,2,1.0,1,75,75.0,7
201600056259,2016-07-07,48.8853,2.37185,49,3,1,1.0,1,75,35.0,18
201600056268,2016-07-13,48.8841,2.36886,33,4,2,1.0,1,75,100.0,8
201600056271,2016-07-21,48.8893,2.37535,32,4,1,1.0,1,75,60.0,12
201600056281,2016-08-02,48.8845,2.37692,33,4,2,1.0,1,75,40.0,9
201600056321,2016-09-30,48.8764,2.37725,37,4,2,1.0,4,75,30.0,1
201600056356,2016-10-31,48.8868,2.37224,25,4,2,1.0,5,75,80.0,22
201600056404,2016-01-06,48.8715,2.37766,26,4,1,1.0,5,75,60.0,20
201600056438,2016-02-17,48.868,2.38676,23,4,1,1.0,1,75,60.0,11
201600056449,2016-03-04,48.8744,2.38625,19,1,1,2.0,5,75,90.0,19
201600056476,2016-04-07,48.8474,2.40623,17,4,1,1.0,1,75,250.0,18
201600056535,2016-06-05,48.8667,2.39709,30,4,1,1.0,5,75,150.0,23
201600056538,2016-06-05,48.8607,2.40274,37,4,2,1.0,1,75,60.0,15
201600056540,2016-06-08,48.864,2.39915,20,4,1,1.0,5,75,100.0,0
201600056541,2016-06-09,48.8655,2.39799,41,4,1,1.0,1,75,60.0,17
201600056590,2016-07-31,48.847,2.41503,35,4,1,1.0,1,75,185.0,12
201600056592,2016-08-05,48.876,2.4025,43,4,1,1.0,5,75,40.0,2
201600056634,2016-10-03,48.8414,2.45114,47,4,1,1.0,5,75,120.0,20
201600056650,2016-10-18,48.8513,2.40627,56,4,2,2.0,2,75,50.0,18
201600056659,2016-10-28,48.8714,2.4041,62,1,1,1.0,1,75,80.0,16
201600056662,2016-10-29,48.8634,2.40881,13,4,1,1.0,1,75,50.0,15
201600056677,2016-11-17,48.8474,2.41072,22,1,2,1.0,1,75,150.0,9
201600056722,2016-01-06,48.8541,2.34742,26,4,2,1.0,2,75,117.0,8
201600056734,2016-01-22,48.892,2.34877,30,4,1,1.0,1,75,81.0,11
201600056754,2016-02-10,48.848,2.32774,45,4,1,1.0,5,75,60.0,19
201600056802,2016-03-29,48.8164,2.36058,34,3,1,3.0,5,75,131.0,23
201600056811,2016-04-13,48.8452,2.27255,12,4,2,1.0,1,75,36.0,15
201600056811,2016-04-13,48.8452,2.27255,10,4,1,1.0,1,75,36.0,15
201600056835,2016-05-05,48.8397,2.45738,25,3,1,1.0,1,75,97.0,16
201600056855,2016-05-22,48.8264,2.36192,52,4,1,2.0,1,75,81.0,9
201600056856,2016-05-24,48.8561,2.34044,71,4,1,1.0,1,75,174.0,14
201600056861,2016-05-31,48.8825,2.36918,23,4,2,2.0,1,75,105.0,12
201600056871,2016-06-14,48.8536,2.31467,25,3,2,1.0,1,75,140.0,8
201600056880,2016-06-20,48.8373,2.25906,51,3,1,2.0,1,75,26.0,12
201600056883,2016-06-23,48.8328,2.35649,15,3,2,1.0,1,75,160.0,8
201600056884,2016-06-23,48.8415,2.29914,53,3,1,1.0,1,75,70.0,17
201600056894,2016-07-06,48.826,2.31255,14,3,1,1.0,2,75,102.0,21
201600056904,2016-07-16,48.8443,2.38153,48,3,1,1.0,1,75,152.0,14
201600056931,2016-08-25,48.8218,2.45379,69,2,1,1.0,1,75,80.0,10
201600056938,2016-08-31,48.8648,2.35329,25,3,1,1.0,2,75,122.0,20
201600056959,2016-09-29,48.862,2.23803,25,3,1,1.0,5,75,194.0,19
201600056960,2016-09-30,48.8778,2.36159,38,3,1,1.0,5,75,120.0,22
201600056982,2016-10-23,48.8577,2.29143,62,3,1,1.0,5,75,134.0,2
201600057001,2016-11-17,48.8848,2.29838,26,4,1,1.0,5,75,70.0,20
201600057009,2016-11-26,48.8488,2.40125,40,2,1,1.0,5,75,137.0,1
201600057012,2016-11-29,48.8444,2.42182,54,3,1,1.0,5,75,80.0,18
201600058546,2016-01-20,4.93303,-52.30963,43,4,1,1.0,1,973,70.0,16
201600058595,2016-03-05,4.91019,-52.32121,17,4,1,1.0,1,973,40.0,13
201600058608,2016-03-14,4.92654,-52.31387,30,4,1,1.0,1,973,60.0,14
201600058609,2016-03-14,4.93493,-52.31188,14,4,1,1.0,1,973,100.0,16
201600058629,2016-04-01,4.55129,-5.21845,23,3,1,1.0,2,973,70.0,18
201600058653,2016-04-25,4.56137,-52.18563,51,4,1,2.0,1,973,60.0,13
201600058674,2016-05-13,4.55386,-5.21909,16,4,2,1.0,1,973,80.0,14
201600058805,2016-09-16,4.54135,-5.21859,36,3,1,1.0,1,973,100.0,15
201600058982,2016-09-21,-20.93181,55.29711,59,3,1,1.0,1,974,50.0,18
201600058984,2016-09-25,-20.94569,55.29137,10,4,1,1.0,5,974,70.0,19
201700000002,2017-02-13,50.53611,2.95314,57,3,1,1.0,1,59,10.0,16
201700000019,2017-08-09,50.54769,3.10034,33,3,1,1.0,1,59,15.0,7
201700000022,2017-12-27,50.54129,3.18902,62,3,1,1.0,1,59,10.0,12
201700000058,2017-09-23,50.60791,3.27096,59,4,1,1.0,1,59,10.0,14
201700000062,2017-04-04,50.53189,3.20942,57,3,1,1.0,1,59,10.0,7
201700000065,2017-10-31,50.5609,3.23893,15,1,1,1.0,1,59,910.0,10
201700000092,2017-06-23,50.05823,3.89344,49,3,1,7.0,2,59,15.0,19
201700000099,2017-03-22,50.0186,4.05058,36,4,1,1.0,5,59,15.0,20
201700000106,2017-06-13,50.02676,4.01405,59,3,1,7.0,1,59,70.0,8
201700000108,2017-09-30,50.01826,4.04396,36,3,1,1.0,1,59,10.0,14
201700000181,2017-11-18,50.3742,2.83707,79,3,1,1.0,1,62,45.0,11
201700000204,2017-06-11,50.65938,2.27464,69,3,1,1.0,1,62,10.0,10
201700000213,2017-06-21,50.19949,1.55414,70,2,1,1.0,1,80,15.0,9
201700000246,2017-07-11,49.89602,4.1111,74,2,2,1.0,1,02,315.0,16
201700000317,2017-06-24,49.22247,2.29778,30,3,1,1.0,1,60,10.0,15
201700000328,2017-03-02,49.20024,2.46325,13,1,1,1.0,1,60,10.0,17
201700000328,2017-03-02,49.20024,2.46325,81,4,2,1.0,1,60,10.0,17
201700000348,2017-04-12,49.16246,2.87396,60,4,1,1.0,1,60,10.0,16
201700000364,2017-10-06,49.35393,1.12984,71,3,1,1.0,1,76,69.0,17
201700000386,2017-05-09,49.61603,0.76426,26,4,1,7.0,1,76,10.0,18
201700000388,2017-08-26,49.601,0.7862,31,3,1,1.0,1,76,60.0,17
201700000469,2017-09-05,49.2961,1.0642,50,4,1,1.0,3,27,70.0,1
201700000475,2017-10-28,48.06216,-1.75512,48,4,1,1.0,1,35,10.0,17
201700000515,2017-11-29,47.9233,-1.86426,64,3,2,4.0,1,35,25.0,15
201700000539,2017-07-27,48.4776,-2.60427,67,3,1,1.0,1,22,15.0,8
201700000555,2017-10-26,48.71561,-3.0856,64,3,1,1.0,1,22,65.0,15
201700000568,2017-07-23,48.52374,-2.65627,48,3,2,1.0,1,22,30.0,9
201700000573,2017-01-04,48.42266,-2.82042,65,3,1,1.0,1,22,50.0,14
201700000573,2017-01-04,48.42266,-2.82042,69,4,1,1.0,1,22,50.0,14
201700000573,2017-01-04,48.42266,-2.82042,71,3,1,1.0,1,22,50.0,14
201700000573,2017-01-04,48.42266,-2.82042,78,1,1,1.0,1,22,50.0,14
201700000573,2017-01-04,48.42266,-2.82042,70,3,1,1.0,1,22,50.0,14
201700000604,2017-01-14,48.58584,-2.23876,65,3,1,7.0,1,22,10.0,10
201700000607,2017-05-15,48.52311,-2.38257,42,4,2,1.0,1,22,60.0,19
201700000611,2017-07-17,48.59088,-2.29834,62,3,1,1.0,1,22,68.0,11
201700000636,2017-08-14,48.82321,-3.50301,51,4,1,1.0,1,22,10.0,18
201700000642,2017-02-07,48.09028,-4.33143,58,3,1,1.0,1,29,125.0,10
201700000656,2017-07-23,47.88044,-4.0444,16,3,2,1.0,3,29,510.0,5
201700000675,2017-01-20,48.56222,-4.32601,70,4,1,1.0,1,29,15.0,16
201700000684,2017-09-02,48.637,-4.397,70,3,1,1.0,1,29,10.0,17
201700000694,2017-05-22,48.27957,-4.52892,81,3,1,1.0,1,29,10.0,16
201700000697,2017-08-09,48.19413,-4.30233,37,3,1,2.0,1,29,55.0,18
201700000707,2017-02-08,47.67044,-2.99035,62,3,1,1.0,2,56,15.0,18
201700000714,2017-06-19,47.7036,-2.9384,66,3,1,1.0,1,56,10.0,9
201700000719,2017-09-16,47.66589,-3.02305,41,3,1,8.0,1,56,10.0,12
201700000727,2017-05-27,47.33373,-3.14804,16,3,1,1.0,1,56,34.0,20
201700000728,2017-07-19,47.32027,-3.11904,78,2,2,1.0,1,56,70.0,11
201700000794,2017-11-14,48.88743,-0.10689,77,3,2,1.0,1,14,60.0,8
201700000809,2017-07-08,49.30865,-1.14055,65,2,1,7.0,1,50,68.0,16
201700000812,2017-07-19,49.29915,-1.24551,13,3,1,1.0,1,50,49.0,12
201700000813,2017-08-16,49.30179,-1.2623,51,3,1,1.0,2,50,70.0,21
201700000830,2017-05-16,48.7303,2.36801,30,4,1,1.0,1,94,70.0,8
201700000874,2017-05-20,49.5723,-1.72763,11,3,1,1.0,1,50,46.0,11
201700000899,2017-05-05,46.20269,5.24528,41,3,1,1.0,1,01,150.0,11
201700000901,2017-06-08,46.20174,5.24205,44,4,1,1.0,1,01,154.0,14
201700000917,2017-09-23,46.20313,5.23367,51,2,2,1.0,1,01,59.0,16
201700001008,2017-05-10,47.20131,-0.84399,84,2,1,1.0,1,49,67.0,12
201700001067,2017-03-13,47.6998,-0.07889,63,3,2,1.0,1,72,10.0,9
201700001068,2017-03-28,47.70798,-0.06837,75,3,1,1.0,1,72,15.0,17
201700001100,2017-08-01,46.91909,-0.95931,10,4,1,1.0,1,85,210.0,20
201700001125,2017-12-09,46.69061,-1.51543,57,3,1,1.0,1,85,15.0,9
201700001132,2017-08-06,46.39978,-0.87003,52,3,2,1.0,1,85,69.0,11
201700001143,2017-04-21,47.00312,-2.23516,14,3,1,1.0,1,85,60.0,15
201700001147,2017-02-27,46.71802,-1.93982,17,4,1,3.0,2,85,25.0,7
201700001158,2017-08-18,46.62238,-1.87269,15,1,1,1.0,1,85,50.0,19
201700001168,2017-11-14,44.6311,-0.79402,66,3,1,1.0,1,33,106.0,16
201700001220,2017-09-01,45.13459,-0.63782,55,3,1,8.0,1,33,15.0,10
201700001267,2017-08-04,44.65426,-0.4555,56,3,1,1.0,1,33,37.0,18
201700001285,2017-10-25,44.74835,-0.53095,72,4,1,1.0,1,33,59.0,10
201700001323,2017-04-06,45.09551,-0.72645,67,3,1,1.0,1,33,915.0,15
201700001355,2017-02-05,44.91966,-0.35917,6,4,1,1.0,1,33,10.0,8
201700001374,2017-09-19,45.02457,-0.19396,20,3,2,1.0,1,33,10.0,8
201700001379,2017-01-14,44.97812,-0.24874,32,3,1,1.0,1,33,90.0,12
201700001436,2017-04-30,43.28001,-0.44035,64,3,1,1.0,1,64,50.0,11
201700001448,2017-08-26,43.19162,-0.62075,74,4,2,1.0,1,64,10.0,10
201700001455,2017-07-04,43.48983,-0.78573,54,4,2,1.0,1,64,10.0,14
201700001501,2017-04-27,46.18487,-1.39334,72,3,1,1.0,1,17,57.0,7
201700001507,2017-07-28,46.15611,-1.3304,58,3,1,1.0,1,17,30.0,10
201700001508,2017-08-15,46.19677,-1.42684,49,3,2,1.0,1,17,49.0,17
201700001522,2017-05-25,45.84649,-1.15777,13,4,1,1.0,1,17,310.0,15
201700001562,2017-01-21,45.63612,-0.93242,70,4,1,1.0,1,17,10.0,16
201700001608,2017-02-04,43.64225,1.15961,46,3,1,3.0,2,31,80.0,19
201700001640,2017-06-22,43.46177,1.50758,48,4,1,1.0,3,31,60.0,23
201700001640,2017-06-22,43.46177,1.50758,33,3,2,1.0,3,31,60.0,23
201700001640,2017-06-22,43.46177,1.50758,12,1,2,1.0,3,31,60.0,23
201700001640,2017-06-22,43.46177,1.50758,33,1,2,1.0,3,31,60.0,23
201700001648,2017-11-01,42.98428,1.54883,62,3,1,1.0,1,09,35.0,12
201700001664,2017-01-26,42.81887,1.59117,52,3,1,1.0,1,09,610.0,15
201700001671,2017-04-18,42.8588,1.57679,34,3,1,1.0,1,09,50.0,16
201700001679,2017-12-21,43.08859,1.87016,87,2,1,8.0,1,09,58.0,11
201700001682,2017-02-21,43.24727,1.68073,83,3,1,1.0,1,09,410.0,16
201700001698,2017-01-01,43.02968,1.02613,88,2,1,1.0,1,09,45.0,14
201700001702,2017-04-03,49.04939,3.37994,70,3,1,1.0,1,02,65.0,18
201700001710,2017-08-04,43.611,0.59512,50,3,2,1.0,2,32,110.0,8
201700001735,2017-07-27,43.06662,0.14895,34,4,1,1.0,1,65,415.0,19
201700001738,2017-08-29,42.91379,0.18662,16,4,1,5.0,1,65,11.0,18
201700001854,2017-01-30,45.85455,4.83079,46,4,1,1.0,1,69,40.0,8
201700001856,2017-02-25,45.83629,4.82271,22,3,1,1.0,1,69,10.0,15
201700001857,2017-02-23,45.88004,4.80747,7,4,1,1.0,1,69,10.0,15
201700001858,2017-03-25,45.93197,4.7659,29,4,2,9.0,1,69,10.0,14
201700001873,2017-06-08,45.88936,4.80575,16,3,1,1.0,1,69,115.0,13
201700001899,2017-03-05,45.68443,5.02529,53,3,1,1.0,1,69,15.0,10
201700001947,2017-04-09,45.68528,4.63782,52,4,1,1.0,1,69,60.0,11
201700001965,2017-07-24,45.64312,4.81807,51,4,1,1.0,1,69,15.0,17
201700001995,2017-08-21,45.85685,4.66918,59,3,1,7.0,1,69,10.0,10
201700002015,2017-10-31,46.11452,4.75216,57,4,1,7.0,1,69,10.0,14
201700002036,2017-02-25,45.87695,4.49928,8,3,2,1.0,1,69,10.0,16
201700002054,2017-04-24,46.16718,4.44152,84,3,1,1.0,1,69,815.0,14
201700002086,2017-06-18,45.8228,4.94996,30,4,1,1.0,1,01,70.0,18
201700002093,2017-11-20,45.83012,4.98086,32,3,2,1.0,1,01,105.0,14
201700002137,2017-08-01,44.89074,4.78648,61,3,1,1.0,1,07,50.0,11
201700002138,2017-08-12,45.05433,4.83891,20,3,1,1.0,1,07,15.0,11
201700002190,2017-07-04,44.37371,5.12729,45,4,1,1.0,1,26,20.0,19
201700002259,2017-05-28,49.37616,3.32953,75,3,1,1.0,1,02,100.0,9
201700002262,2017-02-01,49.3732,3.34343,53,4,1,5.0,2,02,59.0,7
201700002266,2017-04-19,45.15241,5.74828,27,4,1,1.0,1,38,10.0,8
201700002267,2017-04-20,45.15936,5.74515,82,3,1,1.0,1,38,70.0,17
201700002274,2017-02-16,45.23334,5.69213,13,3,1,1.0,1,38,66.0,8
201700002297,2017-04-23,45.26989,5.61777,38,4,1,1.0,1,38,60.0,16
201700002305,2017-10-25,45.21939,5.66905,63,1,1,1.0,1,38,33.0,11
201700002305,2017-10-25,45.21939,5.66905,56,4,1,1.0,1,38,33.0,11
201700002305,2017-10-25,45.21939,5.66905,83,2,1,1.0,1,38,33.0,11
201700002313,2017-06-10,45.04125,5.67184,69,3,1,1.0,1,38,13.0,10
201700002320,2017-10-06,44.99569,5.62727,12,3,1,6.0,1,38,55.0,18
201700002321,2017-10-17,45.03067,5.66463,30,4,1,1.0,2,38,10.0,18
201700002325,2017-03-15,45.12258,5.53062,17,3,1,1.0,1,38,15.0,18
201700002335,2017-01-05,49.63776,3.2699,70,2,1,7.0,1,02,72.0,15
201700002340,2017-05-10,49.6598,3.3795,15,4,1,1.0,1,02,145.0,12
201700002343,2017-07-06,49.65907,3.34609,35,4,1,1.0,1,02,68.0,14
201700002347,2017-09-26,49.63151,3.28076,15,4,1,1.0,1,02,60.0,17
201700002362,2017-08-09,45.29587,5.63772,60,4,1,1.0,1,38,72.0,8
201700002366,2017-01-11,45.08054,5.77415,38,3,1,1.0,1,38,625.0,14
201700002370,2017-03-25,45.13542,5.77149,72,4,1,3.0,1,38,25.0,15
201700002374,2017-05-29,45.01228,5.76237,50,3,1,1.0,1,38,70.0,11
201700002376,2017-06-21,45.10225,5.71401,76,2,1,1.0,1,38,15.0,7
201700002385,2017-09-06,45.0685,5.7622,56,4,1,1.0,1,38,13.0,16
201700002389,2017-10-05,45.08673,5.74151,24,3,1,1.0,1,38,15.0,14
201700002428,2017-01-04,47.27634,-1.54796,53,4,1,1.0,1,44,10.0,10
201700002433,2017-04-27,47.28193,-1.56002,63,3,2,7.0,1,44,15.0,10
201700002435,2017-06-02,47.2955,-1.55497,66,3,2,1.0,1,44,510.0,10
201700002442,2017-03-27,45.58934,4.86093,55,4,1,1.0,1,38,10.0,18
201700002510,2017-07-29,45.57162,3.98199,67,4,1,7.0,1,42,64.0,11
201700002548,2017-05-24,45.41638,4.67484,67,3,1,1.0,1,42,10.0,8
201700002573,2017-12-13,45.64278,5.91082,41,3,1,1.0,1,73,25.0,14
201700002574,2017-01-26,45.59362,6.0062,42,2,1,1.0,3,73,68.0,22
201700002579,2017-10-06,45.55362,5.95424,80,2,1,1.0,1,73,14.0,14
201700002581,2017-11-30,45.55185,5.98187,47,2,1,2.0,5,73,60.0,21
201700002604,2017-08-05,45.688,6.58675,25,3,2,1.0,1,73,52.0,10
201700002612,2017-07-01,45.60768,6.84479,54,3,1,8.0,1,73,71.0,11
201700002612,2017-07-01,45.60768,6.84479,44,1,1,8.0,1,73,71.0,11
201700002647,2017-09-21,45.19686,6.33241,59,3,2,1.0,1,73,58.0,16
201700002647,2017-09-21,45.19686,6.33241,67,1,1,1.0,1,73,58.0,16
201700002657,2017-07-17,45.20488,6.62982,68,2,1,1.0,1,73,69.0,10
201700002666,2017-07-31,45.90606,6.42742,32,3,1,1.0,1,74,76.0,12
201700002666,2017-07-31,45.90606,6.42742,67,3,1,1.0,1,74,76.0,12
201700002671,2017-11-01,45.94005,6.42629,12,3,1,1.0,1,74,70.0,16
201700002694,2017-04-09,46.05964,6.36854,61,3,1,1.0,1,74,810.0,8
201700002706,2017-06-17,46.12151,6.14083,45,3,1,1.0,1,74,45.0,18
201700002714,2017-05-13,46.12633,6.24434,59,3,1,1.0,1,74,10.0,9
201700002722,2017-08-30,46.1682,6.3207,75,3,1,8.0,1,74,10.0,15
201700002753,2017-06-05,45.77984,3.01285,44,4,1,1.0,1,63,10.0,19
201700002756,2017-03-14,45.79003,3.02119,38,3,1,1.0,1,63,48.0,12
201700002760,2017-06-05,45.79746,2.99268,45,3,1,1.0,1,63,88.0,17
201700002764,2017-06-12,45.83911,3.2705,26,4,1,1.0,1,63,15.0,12
201700002775,2017-02-19,46.54545,3.22904,47,4,1,1.0,1,03,64.0,17
201700002777,2017-06-08,46.6165,3.3679,53,2,1,7.0,1,03,61.0,17
201700002791,2017-06-10,46.44648,3.63005,75,4,1,7.0,1,03,78.0,10
201700002853,2017-06-15,46.35236,2.59068,26,3,2,1.0,1,03,108.0,18
201700002856,2017-08-21,46.34054,2.59328,48,4,1,1.0,1,03,100.0,13
201700002869,2017-09-08,46.56114,3.32679,46,2,2,1.0,1,03,41.0,17
201700002877,2017-01-10,49.05354,6.11787,79,3,1,2.0,1,57,80.0,16
201700002886,2017-02-14,49.24231,6.174,90,3,1,7.0,1,57,10.0,15
201700002929,2017-06-25,49.11783,6.88513,28,4,1,1.0,1,57,10.0,11
201700002930,2017-09-16,49.09744,6.85144,10,1,1,2.0,1,57,20.0,15
201700002930,2017-09-16,49.09744,6.85144,63,4,2,2.0,1,57,20.0,15
201700002948,2017-03-25,48.74936,6.16344,69,3,1,1.0,1,54,515.0,16
201700002981,2017-04-23,46.16769,3.42476,43,3,2,1.0,2,03,100.0,18
201700002993,2017-08-14,46.12183,3.41452,68,3,2,1.0,1,03,80.0,9
201700002994,2017-08-23,46.12787,3.0,34,4,1,1.0,5,03,80.0,22
201700003013,2017-04-30,48.80133,5.95633,66,3,1,7.0,1,54,910.0,10
201700003061,2017-04-10,48.30442,5.77684,78,3,1,1.0,1,88,113.0,18
201700003092,2017-09-01,48.48154,7.72499,67,3,1,1.0,1,67,10.0,16
201700003099,2017-08-29,48.42147,7.65363,83,3,1,7.0,1,67,15.0,9
201700003105,2017-07-09,48.46891,7.48742,63,3,1,1.0,1,67,50.0,11
201700003110,2017-10-21,48.82283,7.74122,82,3,1,8.0,1,67,315.0,10
201700003123,2017-05-27,48.54461,7.50001,62,3,1,1.0,3,67,20.0,23
201700003123,2017-05-27,48.54461,7.50001,19,1,1,1.0,3,67,20.0,23
201700003126,2017-07-17,48.53217,7.50286,79,3,1,1.0,1,67,510.0,16
201700003128,2017-08-03,48.53816,7.45768,20,3,1,1.0,1,67,10.0,14
201700003129,2017-08-24,48.5899,7.44867,53,4,1,1.0,1,67,15.0,18
201700003132,2017-10-06,48.54301,7.53331,16,2,2,1.0,1,67,14.0,17
201700003133,2017-10-13,48.53697,7.53086,80,3,2,1.0,1,67,315.0,13
201700003138,2017-05-25,48.43893,7.36323,54,3,1,1.0,1,67,63.0,10
201700003139,2017-06-17,48.44034,7.41694,23,3,1,1.0,1,67,60.0,16
201700003161,2017-08-21,48.69776,7.78633,82,3,2,1.0,1,67,10.0,17
201700003166,2017-06-13,48.58309,7.68877,15,3,1,1.0,1,67,10.0,13
201700003173,2017-12-06,48.59221,7.67143,45,3,1,8.0,5,67,25.0,18
201700003204,2017-09-26,48.89097,7.91809,26,3,1,1.0,1,67,63.0,9
201700003219,2017-02-26,48.02702,7.10011,57,3,1,7.0,2,68,81.0,16
201700003231,2017-09-28,48.04196,7.13148,71,3,1,1.0,1,68,10.0,9
201700003241,2017-03-08,48.01317,7.53315,58,3,1,6.0,1,68,60.0,15
201700003259,2017-12-02,48.18889,7.36015,67,3,1,1.0,2,68,66.0,16
201700003284,2017-05-13,48.00153,7.20476,45,3,1,1.0,1,68,56.0,11
201700003294,2017-03-25,47.77399,7.36153,53,4,2,1.0,2,68,15.0,7
201700003297,2017-04-24,47.76508,7.366,15,4,1,1.0,1,68,70.0,17
201700003303,2017-09-29,47.77272,7.36125,42,4,2,1.0,1,68,137.0,11
201700003317,2017-08-14,47.68567,7.50179,17,3,1,1.0,2,68,10.0,18
201700003319,2017-09-03,47.69793,7.50548,31,3,1,1.0,1,68,30.0,11
201700003330,2017-04-08,47.87549,7.12739,29,3,1,1.0,1,68,60.0,14
201700003334,2017-12-07,47.81245,7.09589,18,2,1,1.0,5,68,325.0,7
201700003335,2017-12-13,47.80412,7.13546,55,3,1,3.0,1,68,83.0,14
201700003341,2017-02-18,47.82361,7.16347,57,3,1,1.0,1,68,60.0,16
201700003346,2017-05-27,47.79195,7.17009,54,3,1,1.0,1,68,100.0,13
201700003350,2017-07-09,47.81043,7.17881,36,4,1,3.0,1,68,60.0,19
201700003357,2017-02-26,47.88406,6.99444,54,4,1,1.0,1,68,65.0,8
201700003362,2017-05-14,47.90058,6.97335,62,4,1,2.0,1,68,63.0,11
201700003369,2017-08-22,47.91738,6.94885,71,3,1,1.0,1,68,63.0,16
201700003370,2017-08-27,47.93292,7.01055,44,3,1,1.0,1,68,70.0,10
201700003371,2017-09-04,47.87798,6.93471,35,3,1,1.0,1,68,70.0,16
201700003428,2017-04-03,47.31155,5.18991,73,3,1,1.0,1,21,30.0,15
201700003428,2017-04-03,47.31155,5.18991,67,4,2,1.0,1,21,30.0,15
201700003439,2017-12-11,47.1997,5.39562,20,3,1,1.0,5,21,60.0,18
201700003450,2017-05-14,47.20167,4.81754,36,3,1,1.0,1,21,39.0,13
201700003463,2017-07-05,47.06552,4.86098,52,3,1,1.0,1,21,60.0,7
201700003560,2017-07-20,47.75261,3.674,74,3,1,1.0,1,89,56.0,7
201700003587,2017-10-26,47.48352,6.72394,28,4,1,1.0,1,25,70.0,18
201700003595,2017-07-13,44.0861,6.21243,69,3,1,1.0,1,04,61.0,11
201700003605,2017-05-14,46.85287,5.9327,8,3,1,1.0,1,39,75.0,17
201700003609,2017-10-21,46.85409,5.90899,21,3,1,2.0,3,39,90.0,22
201700003620,2017-06-10,43.8421,5.78618,53,3,2,1.0,1,04,20.0,13
201700003627,2017-09-29,43.8272,5.78137,68,4,1,1.0,1,04,35.0,17
201700003638,2017-05-17,47.61996,6.43679,36,3,1,1.0,1,70,47.0,19
201700003646,2017-06-04,47.4413,5.59154,14,3,1,1.0,1,70,15.0,18
201700003646,2017-06-04,47.4413,5.59154,15,1,1,1.0,1,70,15.0,18
201700003740,2017-05-21,43.87332,4.85279,64,3,2,1.0,1,13,49.0,10
201700003748,2017-08-02,43.88285,4.86269,14,3,1,1.0,5,13,10.0,21
201700003748,2017-08-02,43.88285,4.86269,13,1,1,1.0,5,13,10.0,21
201700003765,2017-05-04,43.64436,4.82074,44,3,2,1.0,1,13,10.0,20
201700003768,2017-09-01,43.63828,4.82348,86,4,1,1.0,1,13,15.0,8
201700003814,2017-08-28,43.33318,5.60645,12,3,1,1.0,1,13,10.0,18
201700003857,2017-09-19,43.71753,5.30168,67,4,1,1.0,1,13,100.0,10
201700003857,2017-09-19,43.71753,5.30168,77,3,1,1.0,1,13,100.0,10
201700003857,2017-09-19,43.71753,5.30168,62,3,2,1.0,1,13,100.0,10
201700003857,2017-09-19,43.71753,5.30168,70,3,1,1.0,1,13,100.0,10
201700003857,2017-09-19,43.71753,5.30168,35,3,1,1.0,1,13,100.0,10
201700003884,2017-12-04,44.3916,6.67906,46,2,1,1.0,3,04,69.0,18
201700003909,2017-08-05,44.31621,5.82089,62,3,1,1.0,1,05,60.0,9
201700003921,2017-04-22,44.83253,6.58322,52,2,1,1.0,1,05,73.0,16
201700003957,2017-09-06,43.79212,7.37285,17,2,1,1.0,1,06,68.0,16
201700004021,2017-04-12,43.59217,6.86327,43,3,1,1.0,1,83,10.0,15
201700004069,2017-08-05,43.44792,6.63323,78,3,1,1.0,1,83,10.0,11
201700004104,2017-04-11,43.34144,6.56174,61,3,1,1.0,1,83,76.0,17
201700004151,2017-09-28,43.20023,5.81105,11,3,1,1.0,1,83,10.0,19
201700004195,2017-01-23,43.9019,5.05478,60,2,1,1.0,1,84,48.0,15
201700004209,2017-11-08,43.92227,5.04257,14,3,1,1.0,1,84,60.0,11
201700004242,2017-06-12,44.03973,4.89714,79,2,1,1.0,1,84,10.0,6
201700004250,2017-08-07,44.00594,4.88713,66,4,1,1.0,1,84,15.0,12
201700004280,2017-07-22,43.73007,5.38621,31,3,1,1.0,3,84,35.0,21
201700004293,2017-06-11,44.11407,5.01844,73,2,1,1.0,1,84,80.0,11
201700004302,2017-03-02,44.28297,4.75085,80,3,1,1.0,1,84,215.0,16
201700004306,2017-06-20,44.3107,4.75019,10,3,1,1.0,1,84,10.0,8
201700004309,2017-09-03,44.26428,4.67523,53,2,2,1.0,1,84,57.0,8
201700004309,2017-09-03,44.26428,4.67523,55,4,1,1.0,1,84,57.0,8
201700004340,2017-05-16,43.66803,3.97571,54,4,1,1.0,1,34,15.0,11
201700004343,2017-06-30,43.65364,3.97043,41,3,1,1.0,1,34,10.0,18
201700004359,2017-07-04,43.5613,4.07709,7,4,1,7.0,1,34,15.0,18
201700004372,2017-04-03,43.73216,4.13701,74,3,1,1.0,1,34,10.0,11
201700004390,2017-11-13,43.67478,4.13211,68,3,2,6.0,1,34,15.0,10
201700004391,2017-11-18,43.67658,4.12964,89,4,2,1.0,1,34,10.0,9
201700004407,2017-11-23,43.65393,3.9844,53,3,2,1.0,3,34,13.0,5
201700004432,2017-11-27,43.30839,3.16793,81,3,1,1.0,1,34,10.0,14
201700004465,2017-09-11,43.26949,3.28438,74,3,1,1.0,1,34,15.0,8
201700004468,2017-09-27,43.30455,3.33193,13,3,1,1.0,1,34,10.0,14
201700004476,2017-04-29,43.56112,3.72894,50,3,1,1.0,1,34,35.0,12
201700004520,2017-06-02,42.98245,2.00812,37,3,1,8.0,1,11,63.0,19
201700004546,2017-11-05,43.64682,4.43386,33,3,1,1.0,1,30,70.0,14
201700004546,2017-11-05,43.64682,4.43386,39,3,1,1.0,1,30,70.0,14
201700004571,2017-08-12,42.70392,3.02168,54,3,1,1.0,1,66,35.0,20
201700004579,2017-08-06,42.60012,2.97407,55,3,1,1.0,1,66,15.0,11
201700004601,2017-01-11,42.77005,2.98387,9,4,1,1.0,1,66,40.0,8
201700004672,2017-07-02,41.58739,9.2824,47,4,1,1.0,1,2A,10.0,9
201700004698,2017-03-31,42.52784,9.30413,48,4,1,1.0,1,2B,50.0,18
201700004712,2017-08-12,42.61378,9.27258,34,3,1,1.0,1,2B,39.0,16
201700004715,2017-09-10,42.67831,9.31021,49,3,1,2.0,3,2B,55.0,2
201700004784,2017-06-23,44.90202,6.63343,49,3,2,1.0,1,05,60.0,10
201700004786,2017-07-27,44.91446,6.62307,70,3,1,1.0,1,05,70.0,12
201700004792,2017-09-26,44.88366,6.6271,62,4,1,1.0,1,05,60.0,14
201700004800,2017-03-30,44.55606,6.07111,55,3,1,1.0,1,05,73.0,15
201700004819,2017-06-12,44.55763,6.05336,69,4,1,1.0,1,05,10.0,17
201700004822,2017-06-16,44.5596,6.0777,57,4,2,1.0,1,05,40.0,16
201700004833,2017-07-24,44.55794,6.08227,56,4,1,1.0,1,05,100.0,11
201700004835,2017-08-03,44.56651,6.10616,76,4,1,1.0,1,05,69.0,7
201700004841,2017-08-26,44.56389,6.09988,68,4,1,1.0,1,05,79.0,12
201700004842,2017-08-21,44.55786,6.06876,34,3,1,1.0,1,05,67.0,19
201700004847,2017-09-01,44.5578,6.06864,48,3,1,7.0,1,05,67.0,18
201700004868,2017-10-21,44.5431,6.0651,49,3,1,1.0,1,05,73.0,14
201700005024,2017-02-03,48.52566,2.01535,46,4,1,8.0,1,91,32.0,15
201700005029,2017-05-15,48.42815,1.9659,7,3,2,1.0,1,91,46.0,13
201700005054,2017-03-29,48.47423,2.43093,73,4,1,7.0,1,91,57.0,7
201700005071,2017-07-16,48.51426,2.12371,77,2,1,1.0,1,91,60.0,11
201700005090,2017-03-25,48.53363,2.30513,34,4,1,7.0,1,91,57.0,13
201700005104,2017-04-30,48.66907,2.04083,44,3,1,1.0,1,91,60.0,11
201700005119,2017-04-11,48.66819,2.28572,5,3,1,1.0,1,91,115.0,11
201700005131,2017-11-26,48.73361,2.20452,43,4,1,1.0,1,91,510.0,11
201700005180,2017-05-05,48.54747,2.76575,76,3,1,1.0,1,77,30.0,16
201700005185,2017-09-24,48.47605,2.84511,35,3,1,1.0,3,77,70.0,20
201700005244,2017-12-09,48.95777,3.14264,68,2,1,1.0,1,77,59.0,15
201700005254,2017-11-14,48.81048,2.78574,72,4,1,1.0,1,77,68.0,11
201700005298,2017-04-13,48.91566,2.81503,46,3,1,1.0,1,77,40.0,15
201700005327,2017-05-28,48.54431,3.1437,27,3,1,1.0,1,77,55.0,20
201700005338,2017-02-08,47.88707,2.03129,16,3,1,1.0,1,45,62.0,17
201700005363,2017-04-04,47.76138,2.5428,56,3,1,1.0,2,45,50.0,7
201700005365,2017-07-09,47.81084,2.40055,26,3,1,1.0,1,45,60.0,16
201700005412,2017-03-14,47.4011,0.98574,69,3,1,1.0,1,37,10.0,13
201700005434,2017-10-25,47.41271,0.94518,73,3,1,1.0,1,37,90.0,16
201700005439,2017-06-23,47.3229,1.02708,11,3,1,1.0,1,37,10.0,17
201700005464,2017-06-15,44.8712,-0.92207,52,4,1,7.0,1,33,61.0,8
201700005468,2017-07-25,45.00187,-1.19327,84,3,1,1.0,1,33,15.0,9
201700005469,2017-08-08,44.87782,-1.08109,29,3,1,1.0,1,33,10.0,11
201700005492,2017-10-18,44.62327,-1.02492,12,4,2,1.0,2,33,20.0,8
201700005495,2017-11-18,44.62243,-1.07343,57,3,1,1.0,1,33,110.0,15
201700005541,2017-05-19,43.55073,7.11889,22,3,1,1.0,1,06,30.0,18
201700005541,2017-05-19,43.55073,7.11889,17,3,1,1.0,1,06,30.0,18
201700005546,2017-06-27,43.58942,7.12359,62,4,1,1.0,1,06,60.0,7
201700005555,2017-07-25,43.61184,7.12758,33,3,1,1.0,1,06,60.0,13
201700005556,2017-07-25,43.60298,7.12552,22,3,1,1.0,1,06,12.0,19
201700005561,2017-09-02,43.59619,7.08967,23,3,1,2.0,1,06,30.0,18
201700005574,2017-12-01,43.5699,7.13399,56,3,1,1.0,1,06,60.0,11
201700005801,2017-11-19,43.54906,6.99142,39,4,2,1.0,1,06,80.0,10
201700005910,2017-07-26,43.654,6.93084,39,4,1,1.0,1,06,85.0,8
201700006005,2017-04-12,43.77123,7.49512,27,3,1,1.0,1,06,70.0,15
201700006225,2017-05-31,43.70986,7.31116,67,2,1,1.0,1,06,30.0,10
201700006271,2017-07-03,43.7382,7.30707,13,4,1,1.0,1,06,40.0,19
201700006273,2017-07-05,47.70045,7.28654,3,4,1,1.0,1,06,50.0,9
201700006483,2017-08-15,43.44576,5.5774,62,4,1,1.0,1,13,65.0,11
201700006492,2017-05-31,44.60493,4.3859,16,3,1,1.0,1,07,35.0,18
201700006498,2017-08-22,44.63917,4.37172,14,4,2,1.0,1,07,73.0,18
201700006529,2017-09-29,42.85937,3.03867,71,3,2,1.0,1,11,10.0,9
201700006546,2017-09-03,44.7337,4.607,35,3,1,1.0,1,07,82.0,16
201700006553,2017-03-29,43.60828,3.79058,53,3,1,1.0,1,34,60.0,14
201700006561,2017-09-28,43.61137,3.80571,64,3,1,1.0,1,34,70.0,17
201700006601,2017-01-04,44.73973,-1.094,15,4,1,5.0,1,33,510.0,13
201700006805,2017-12-19,47.74964,7.39281,14,3,1,1.0,5,68,59.0,17
201700006905,2017-02-01,43.57535,5.36282,33,3,1,1.0,1,13,35.0,7
201700006906,2017-02-07,43.54022,5.26717,46,3,1,1.0,1,13,15.0,15
201700006915,2017-06-24,43.54456,5.27828,56,3,1,1.0,1,13,10.0,9
201700007050,2017-02-18,45.66378,4.77955,61,4,1,1.0,1,69,610.0,11
201700007177,2017-02-07,45.15674,5.69562,35,4,1,2.0,1,38,10.0,8
201700007191,2017-05-27,45.08697,6.14905,37,4,1,1.0,1,38,45.0,13
201700007193,2017-05-28,44.96285,6.16634,33,2,1,1.0,1,38,65.0,12
201700007194,2017-06-09,45.05141,5.98778,55,4,1,1.0,1,38,50.0,17
201700007197,2017-08-10,45.03131,5.97493,64,4,1,1.0,1,38,60.0,16
201700007198,2017-08-12,44.9629,6.16434,51,4,1,1.0,1,38,50.0,15
201700007200,2017-08-18,45.07014,6.04602,35,3,1,1.0,1,38,93.0,16
201700007451,2017-09-04,46.06915,6.56771,23,4,1,1.0,1,74,10.0,9
201700007674,2017-09-26,42.70057,2.76317,63,3,1,1.0,1,66,10.0,19
201700007727,2017-04-03,45.51028,4.23849,44,4,1,1.0,2,42,810.0,7
201700007729,2017-07-05,45.50186,4.25425,72,4,1,7.0,1,42,10.0,9
201700007730,2017-07-15,45.45281,4.23009,59,2,1,1.0,1,42,67.0,11
201700007750,2017-04-06,43.6235,7.00833,15,4,1,1.0,1,06,10.0,18
201700007753,2017-04-16,43.64381,7.01443,77,4,1,1.0,1,06,10.0,12
201700007759,2017-06-27,43.61261,7.02802,46,3,1,1.0,1,06,41.0,8
201700007766,2017-08-24,43.64238,7.03512,46,3,1,1.0,1,06,10.0,8
201700007769,2017-09-16,43.60491,7.06062,65,3,1,1.0,1,06,130.0,18
201700007789,2017-09-14,43.68348,3.79545,68,2,1,1.0,1,34,50.0,10
201700007825,2017-08-06,43.54724,5.19358,36,4,1,1.0,1,13,10.0,12
201700007834,2017-03-13,48.13531,-1.78251,50,3,1,1.0,1,35,52.0,8
201700007838,2017-04-30,48.12309,-1.82241,67,3,1,2.0,1,35,224.0,10
201700007842,2017-06-27,48.15132,-1.70967,17,3,1,2.0,1,35,20.0,12
201700007848,2017-11-18,48.12896,-1.82813,61,3,2,1.0,1,35,10.0,13
201700007882,2017-06-10,43.47161,3.79524,69,3,1,1.0,1,34,10.0,17
201700007888,2017-09-02,43.47163,3.78196,24,3,1,1.0,1,34,37.0,12
201700007916,2017-08-01,43.62653,5.14843,72,3,1,1.0,1,13,15.0,9
201700007919,2017-08-21,43.58544,5.04975,42,3,1,1.0,1,13,43.0,18
201700008006,2017-07-18,48.29286,4.04627,46,3,2,1.0,1,10,70.0,18
201700008015,2017-09-07,48.28871,4.08038,67,3,2,1.0,1,10,50.0,18
201700008019,2017-10-13,48.26035,4.12293,64,2,1,1.0,1,10,66.0,12
201700008021,2017-07-29,48.30509,4.02689,54,3,1,1.0,1,10,50.0,18
201700008096,2017-12-02,47.99725,-1.61322,69,3,2,1.0,1,35,15.0,14
201700008112,2017-03-10,43.21617,2.36095,64,4,1,1.0,1,11,87.0,7
201700008123,2017-04-08,43.2088,2.3799,64,4,1,1.0,1,11,60.0,9
201700008144,2017-04-08,43.21633,2.35613,23,4,1,1.0,1,11,52.0,18
201700008145,2017-04-09,43.21029,2.38736,18,4,1,1.0,1,11,80.0,14
201700008194,2017-10-04,43.2069,2.385,69,4,1,1.0,1,11,105.0,8
201700008236,2017-12-18,43.21269,2.34739,23,4,1,2.0,5,11,50.0,18
201700008388,2017-06-04,43.69007,5.28182,16,3,1,1.0,1,13,40.0,20
201700008394,2017-01-09,43.78041,4.29298,21,3,2,1.0,1,30,70.0,13
201700008479,2017-09-20,44.0888,3.06035,66,3,1,1.0,1,12,120.0,16
201700008583,2017-07-27,43.50809,5.40644,60,3,2,1.0,1,13,44.0,10
201700008618,2017-11-27,43.51924,5.43627,41,3,1,1.0,1,13,54.0,12
201700008649,2017-12-01,43.68196,4.63459,73,4,1,1.0,1,13,62.0,12
201700008712,2017-10-19,43.30386,5.60653,22,3,1,1.0,1,13,25.0,15
201700008757,2017-04-29,43.19076,5.64079,66,3,1,1.0,1,13,40.0,8
201700008784,2017-08-28,43.19899,5.61666,47,3,2,1.0,1,13,90.0,20
201700008808,2017-11-05,43.3347,5.058,60,3,1,2.0,1,13,30.0,10
201700008808,2017-11-05,43.3347,5.058,65,2,1,2.0,1,13,30.0,10
201700008833,2017-01-03,43.23487,5.43798,64,4,1,1.0,1,13,60.0,9
201700008850,2017-01-07,43.26767,5.37197,27,4,2,1.0,1,13,30.0,16
201700008864,2017-01-10,43.30041,5.37448,54,3,1,1.0,5,13,150.0,22
201700008940,2017-01-20,43.34095,5.45737,15,4,1,1.0,1,13,50.0,15
201700008961,2017-01-24,43.32345,5.44926,35,4,1,1.0,1,13,30.0,8
201700009018,2017-02-02,43.25775,5.40358,20,4,1,1.0,5,13,60.0,21
201700009067,2017-02-11,43.36982,5.52918,46,3,1,8.0,1,13,50.0,10
201700009093,2017-02-18,43.32354,5.38914,19,4,1,1.0,4,13,50.0,19
201700009117,2017-02-22,43.25483,5.40717,56,4,2,1.0,2,13,30.0,19
201700009159,2017-03-02,43.29102,5.41778,52,4,1,1.0,1,13,90.0,14
201700009260,2017-03-19,43.33653,5.35231,16,3,1,1.0,1,13,70.0,17
201700009271,2017-03-21,43.29202,5.39414,29,4,1,1.0,1,13,60.0,9
201700009394,2017-03-17,43.2822,5.39944,44,3,1,1.0,5,13,60.0,20
201700009417,2017-04-10,43.30679,5.36774,43,3,1,1.0,1,13,120.0,13
201700009613,2017-05-13,43.29762,5.38102,23,3,1,1.0,5,13,100.0,4
201700009629,2017-05-15,43.35596,5.48677,46,4,1,1.0,1,13,30.0,12
201700009631,2017-05-15,43.24161,5.39388,13,4,1,1.0,1,13,60.0,17
201700009734,2017-05-30,43.28186,5.35107,53,3,1,1.0,1,13,60.0,18
201700009758,2017-06-03,43.36643,5.5036,52,4,1,1.0,1,13,60.0,9
201700009807,2017-06-11,43.29176,5.40857,80,3,1,1.0,1,13,71.0,6
201700009843,2017-06-14,43.28663,5.38627,45,4,1,1.0,1,13,150.0,20
201700009855,2017-06-16,43.2902,5.38653,37,1,1,1.0,1,13,60.0,18
201700009890,2017-06-22,43.2506,5.40376,35,3,1,1.0,1,13,200.0,16
201700009941,2017-07-01,43.29408,5.3765,26,3,1,1.0,5,13,30.0,0
201700010009,2017-06-19,43.26428,5.37365,23,4,1,1.0,5,13,100.0,23
201700010089,2017-07-25,43.27756,5.39931,28,4,2,1.0,1,13,220.0,18
201700010123,2017-07-31,43.29467,5.37446,32,4,2,1.0,1,13,10.0,12
201700010163,2017-08-08,43.27237,5.42835,81,3,1,1.0,2,13,80.0,6
201700010175,2017-08-10,43.23549,5.40161,20,4,1,1.0,1,13,50.0,11
201700010187,2017-08-13,43.29298,5.37049,32,4,1,1.0,5,13,90.0,2
201700010349,2017-09-08,43.30517,5.47101,25,4,1,1.0,1,13,120.0,13
201700010505,2017-09-30,43.24589,5.4172,73,2,1,1.0,1,13,90.0,10
201700010573,2017-10-10,43.25452,5.40176,34,4,1,1.0,1,13,30.0,11
201700010589,2017-10-09,43.2922,5.36032,37,4,1,1.0,1,13,50.0,18
201700010648,2017-10-20,43.31915,5.36753,53,1,1,1.0,1,13,70.0,15
201700010675,2017-10-22,43.29375,5.40913,21,4,1,1.0,2,13,40.0,19
201700010678,2017-10-25,43.29537,5.44519,65,4,1,1.0,1,13,30.0,12
201700010755,2017-10-20,43.29923,5.37429,26,4,2,1.0,1,13,90.0,16
201700010769,2017-11-09,43.29894,5.42973,46,3,1,1.0,1,13,60.0,9
201700010840,2017-11-19,43.25723,5.42449,62,3,1,1.0,1,13,60.0,11
201700011038,2017-12-18,43.286,5.3849,62,4,1,1.0,5,13,70.0,20
201700011136,2017-05-19,43.64049,5.05795,11,3,1,1.0,1,13,60.0,19
201700011373,2017-03-16,48.73375,2.00874,81,3,1,1.0,1,78,73.0,14
201700011376,2017-08-04,48.75051,2.05142,13,3,1,1.0,1,78,70.0,15
201700011417,2017-04-29,47.80812,7.22427,61,3,1,1.0,1,68,810.0,11
201700011418,2017-04-30,47.78735,7.22522,40,3,1,1.0,1,68,103.0,14
201700011421,2017-10-12,47.80716,7.23587,74,3,1,1.0,1,68,62.0,8
201700011431,2017-03-27,48.91787,7.58885,45,3,1,1.0,1,67,10.0,17
201700011470,2017-09-21,49.17232,-0.28218,64,3,1,1.0,1,14,40.0,11
201700011482,2017-12-19,49.20152,-0.40123,52,3,2,2.0,5,14,35.0,17
201700011486,2017-03-21,49.2858,-0.12283,73,3,2,1.0,1,14,103.0,11
201700011489,2017-04-24,49.2835,-0.10761,61,4,2,1.0,1,14,60.0,8
201700011495,2017-11-26,49.1708,-0.0632,66,4,2,1.0,1,14,65.0,11
201700011513,2017-11-03,48.07013,5.7812,11,3,1,1.0,2,88,10.0,17
201700011515,2017-03-14,48.3007,6.14188,9,3,1,1.0,1,88,10.0,18
201700011535,2017-04-29,47.9252,6.66373,43,3,1,1.0,1,88,30.0,14
201700011535,2017-04-29,47.9252,6.66373,40,4,1,1.0,1,88,30.0,14
201700011543,2017-03-16,47.969,6.83342,75,3,1,1.0,1,88,71.0,16
201700011545,2017-06-09,48.00606,6.71603,14,4,1,1.0,1,88,10.0,8
201700011548,2017-08-20,47.95733,6.74364,53,3,2,1.0,2,88,75.0,5
201700011550,2017-04-08,48.26612,7.04619,67,3,1,1.0,1,88,140.0,16
201700011564,2017-08-30,48.39413,6.8577,67,4,1,1.0,1,88,515.0,18
201700011570,2017-06-02,49.83964,4.47095,20,3,1,1.0,1,08,76.0,16
201700011608,2017-12-02,49.7081,4.76819,28,4,1,1.0,1,08,70.0,14
201700011614,2017-07-01,49.41683,4.6881,48,4,1,8.0,1,08,69.0,14
201700011676,2017-05-02,48.60538,5.02649,55,2,1,1.0,1,52,210.0,12
201700011685,2017-08-17,48.49679,4.93719,23,3,2,1.0,1,52,10.0,17
201700011691,2017-12-20,48.39248,4.96965,78,2,1,8.0,1,52,69.0,15
201700011708,2017-08-22,44.34348,3.58273,56,3,1,1.0,1,48,80.0,13
201700011747,2017-10-13,43.96924,4.27959,72,4,1,1.0,1,30,10.0,17
201700011784,2017-08-13,44.0711,4.23027,58,3,1,1.0,1,30,58.0,9
201700011786,2017-09-13,44.00569,4.1318,48,3,1,7.0,2,30,610.0,18
201700011825,2017-01-19,43.71533,4.27463,68,3,1,1.0,1,30,58.0,15
201700011858,2017-01-19,43.63865,4.1931,73,2,1,1.0,1,30,146.0,14
201700011858,2017-01-19,43.63865,4.1931,72,3,1,1.0,1,30,146.0,14
201700011864,2017-07-12,43.56,4.15322,75,4,1,1.0,1,30,10.0,10
201700011867,2017-10-08,43.58893,4.21021,25,4,1,1.0,3,30,60.0,0
201700011877,2017-04-11,47.27856,0.53717,70,3,2,7.0,1,37,52.0,17
201700011882,2017-07-06,47.33444,0.61261,61,3,1,1.0,1,37,10.0,21
201700011894,2017-03-19,47.63691,0.69128,61,3,1,1.0,1,37,34.0,10
201700011944,2017-04-16,47.32207,0.99963,20,3,1,1.0,5,37,60.0,1
201700011954,2017-10-06,47.38367,0.78445,45,3,1,1.0,1,37,310.0,7
201700012036,2017-05-24,47.28519,0.17334,14,3,1,7.0,1,37,10.0,19
201700012036,2017-05-24,47.28519,0.17334,77,3,2,7.0,1,37,10.0,19
201700012046,2017-02-07,47.30532,0.38478,74,3,1,1.0,1,37,50.0,15
201700012064,2017-11-22,47.13081,0.42594,77,3,2,1.0,1,37,54.0,14
201700012086,2017-05-25,47.14248,0.80058,11,3,1,7.0,1,37,510.0,19
201700012096,2017-02-15,47.2929,0.7809,58,4,1,1.0,1,37,10.0,10
201700012137,2017-05-04,45.8778,1.01384,20,4,1,1.0,1,87,57.0,7
201700012143,2017-10-25,45.9568,0.95352,13,3,1,1.0,1,87,40.0,13
201700012148,2017-05-23,45.7226,1.1002,59,4,1,1.0,1,87,50.0,16
201700012166,2017-09-19,45.95159,1.75778,41,4,1,8.0,1,23,10.0,14
201700012177,2017-01-20,46.24525,2.38408,58,3,1,1.0,1,23,54.0,14
201700012204,2017-10-22,46.30604,-1.00569,74,3,1,1.0,1,17,52.0,9
201700012238,2017-07-30,45.91249,-0.83273,48,4,2,1.0,1,17,56.0,15
201700012259,2017-12-14,45.77667,-1.14529,72,4,2,1.0,1,17,79.0,10
201700012264,2017-06-03,45.84509,-1.20942,52,3,2,1.0,1,17,71.0,17
201700012266,2017-07-09,45.9781,-1.35439,48,3,2,1.0,1,17,210.0,16
201700012267,2017-07-22,45.86599,-1.22166,59,3,2,1.0,1,17,54.0,16
201700012291,2017-06-09,46.07784,-0.78155,64,3,2,1.0,1,17,132.0,17
201700012304,2017-11-22,46.12379,-0.92685,65,4,1,1.0,2,17,70.0,16
201700012314,2017-08-31,45.94287,-0.51534,57,3,2,1.0,1,17,120.0,16
201700012327,2017-04-13,45.86442,-0.31697,14,3,1,1.0,1,17,88.0,12
201700012348,2017-06-22,48.60398,1.67258,39,4,2,1.0,1,28,87.0,7
201700012416,2017-01-12,48.744,0.84272,58,4,1,3.0,1,27,720.0,14
201700012442,2017-04-23,49.09868,0.56302,19,2,1,5.0,2,27,80.0,6
201700012509,2017-09-21,49.24439,0.99087,70,3,1,1.0,1,27,10.0,15
201700012513,2017-10-28,49.2215,0.826,62,3,1,1.0,2,27,60.0,8
201700012536,2017-07-06,49.28941,0.44928,52,3,1,1.0,1,27,70.0,8
201700012563,2017-08-06,46.77505,-1.23216,83,3,1,1.0,1,85,10.0,9
201700012583,2017-03-02,46.34902,-1.32763,51,3,2,1.0,1,85,70.0,10
201700012585,2017-08-03,46.36906,-0.91836,7,3,1,1.0,1,85,10.0,15
201700012588,2017-08-22,46.45832,-1.14716,94,2,1,1.0,1,85,65.0,7
201700012594,2017-01-26,46.35326,-0.84178,17,3,1,1.0,1,85,615.0,17
201700012595,2017-03-25,46.37909,-0.66041,63,3,1,1.0,1,85,50.0,17
201700012604,2017-11-02,46.43713,-0.74268,13,3,1,1.0,3,85,210.0,18
201700012617,2017-11-03,46.6903,-0.70612,12,4,1,1.0,1,85,70.0,14
201700012626,2017-05-20,46.82377,-1.76136,14,3,1,1.0,1,85,10.0,17
201700012637,2017-04-02,46.46873,-1.61818,68,3,1,1.0,1,85,34.0,16
201700012638,2017-04-11,46.35009,-1.43162,13,3,1,1.0,1,85,60.0,11
201700012642,2017-05-12,46.42915,-1.34415,78,3,1,1.0,1,85,110.0,12
201700012650,2017-07-27,46.35425,-1.42481,84,3,1,1.0,1,85,14.0,12
201700012672,2017-08-30,46.83763,-2.12644,71,3,1,8.0,1,85,10.0,10
201700012677,2017-09-30,46.88096,-2.00799,81,3,1,1.0,1,85,15.0,15
201700012757,2017-10-08,43.7479,6.0999,40,3,1,1.0,1,04,43.0,11
201700012758,2017-10-16,43.8114,6.0723,73,3,1,7.0,2,04,57.0,17
201700012782,2017-07-22,44.2075,5.93187,53,3,1,1.0,1,04,15.0,18
201700012784,2017-09-26,44.259,5.86579,41,2,1,1.0,1,04,80.0,17
201700012826,2017-06-09,44.87807,0.37235,54,3,2,1.0,1,24,44.0,16
201700012835,2017-11-02,44.95506,0.47995,44,3,1,1.0,1,24,210.0,14
201700012872,2017-08-19,45.314,0.2776,40,3,1,1.0,1,24,10.0,9
201700012897,2017-04-14,44.9356,1.0197,65,3,1,1.0,1,24,45.0,17
201700012920,2017-02-08,43.9147,-0.53612,58,1,1,1.0,1,40,515.0,17
201700012920,2017-02-08,43.9147,-0.53612,60,4,2,1.0,1,40,515.0,17
201700012921,2017-02-17,43.91658,-0.45244,61,3,1,1.0,1,40,810.0,17
201700012923,2017-03-11,43.92907,-0.43054,41,3,1,1.0,3,40,76.0,19
201700012934,2017-06-21,43.8845,-0.30603,79,3,1,1.0,1,40,10.0,8
201700012936,2017-07-30,43.96894,0.00552,79,3,1,1.0,1,40,10.0,17
201700012939,2017-09-27,43.88299,-1.18632,78,3,1,1.0,1,40,10.0,14
201700012957,2017-08-03,43.84131,-1.38186,17,3,1,1.0,1,40,15.0,17
201700012978,2017-08-30,44.40811,-1.16052,67,3,1,1.0,1,40,10.0,17
201700013009,2017-01-14,43.75765,-0.73098,58,3,1,8.0,1,40,610.0,15
201700013016,2017-06-11,43.62386,-0.85041,12,4,1,1.0,1,40,610.0,14
201700013023,2017-02-08,46.95841,4.78502,17,3,1,1.0,1,21,10.0,17
201700013032,2017-03-14,47.25262,4.59345,73,3,1,1.0,1,21,10.0,16
201700013081,2017-09-29,47.86947,4.59657,69,2,1,7.0,1,21,60.0,8
201700013099,2017-06-16,47.99503,-0.60339,74,3,1,1.0,1,53,61.0,10
201700013118,2017-06-04,48.09907,-0.88868,37,3,1,1.0,1,53,15.0,19
201700013195,2017-05-26,44.7401,4.48205,59,3,1,1.0,1,07,50.0,10
201700013210,2017-01-18,44.48619,4.68374,82,3,1,1.0,1,07,10.0,9
201700013234,2017-04-16,44.81826,4.59668,55,3,1,1.0,1,07,32.0,14
201700013235,2017-04-22,44.83824,4.6476,56,4,1,1.0,1,07,60.0,16
201700013284,2017-06-20,44.31555,4.21221,45,4,1,1.0,1,07,49.0,14
201700013332,2017-08-18,45.03288,4.62156,71,3,1,1.0,1,07,510.0,10
201700013392,2017-07-11,45.50869,-0.17378,66,4,1,1.0,1,16,35.0,17
201700013398,2017-10-20,45.47759,-0.14985,13,4,2,1.0,1,16,68.0,17
201700013435,2017-07-06,45.79886,0.58786,78,2,1,1.0,1,16,41.0,19
201700013553,2017-06-20,48.09669,4.3866,60,3,2,1.0,1,10,60.0,9
201700013563,2017-02-23,48.41964,4.52931,42,4,1,6.0,1,10,50.0,13
201700013588,2017-04-11,48.52009,3.72648,18,4,1,1.0,1,10,110.0,19
201700013593,2017-05-18,48.51671,3.64883,10,4,1,1.0,1,10,10.0,18
201700013604,2017-12-08,48.40982,3.93494,32,2,1,1.0,3,10,140.0,18
201700013634,2017-06-14,45.107,3.89648,69,3,1,1.0,1,43,60.0,11
201700013663,2017-05-27,45.0746,4.13661,63,3,1,1.0,1,43,60.0,18
201700013676,2017-09-24,45.1408,4.07212,9,3,1,1.0,1,43,60.0,13
201700013681,2017-04-24,45.3695,4.20397,80,3,1,1.0,1,43,35.0,16
201700013731,2017-04-03,47.17448,2.44217,56,3,1,1.0,1,18,80.0,12
201700013732,2017-04-10,47.18626,2.4173,57,3,1,1.0,1,18,53.0,17
201700013750,2017-03-29,46.76913,2.42942,69,3,1,1.0,1,18,41.0,18
201700013753,2017-08-25,46.71609,2.54196,64,1,1,1.0,1,18,39.0,11
201700013753,2017-08-25,46.71609,2.54196,72,2,1,1.0,1,18,39.0,11
201700013808,2017-04-22,47.13047,2.05646,74,3,2,1.0,1,18,65.0,18
201700013810,2017-06-07,47.10359,2.28428,49,3,1,1.0,1,18,10.0,17
201700013818,2017-04-09,45.79833,5.86241,52,3,1,1.0,1,73,39.0,17
201700013839,2017-03-31,45.50063,6.04943,56,3,1,1.0,1,73,10.0,13
201700013840,2017-07-12,45.50508,6.00249,56,3,1,1.0,1,73,10.0,11
201700013844,2017-04-07,45.6019,6.30388,74,3,1,1.0,1,73,70.0,16
201700013856,2017-08-30,45.68976,6.41136,76,2,1,1.0,1,73,70.0,16
201700013879,2017-04-23,43.25338,-0.17701,40,3,1,1.0,1,64,35.0,11
201700013887,2017-10-18,43.35069,-0.25724,64,3,1,7.0,1,64,15.0,11
201700013901,2017-04-08,43.472,-0.34351,33,3,1,1.0,2,64,76.0,19
201700013908,2017-06-27,43.36604,-1.27241,61,2,1,1.0,1,64,60.0,11
201700013925,2017-07-26,43.35622,-1.56131,45,4,1,1.0,1,64,10.0,10
201700013956,2017-12-24,43.4524,-1.52967,27,4,1,7.0,1,64,510.0,14
201700013957,2017-02-25,43.03571,-1.04409,19,4,1,1.0,1,64,70.0,13
201700013959,2017-05-07,43.23958,-0.86995,84,3,1,1.0,1,64,15.0,17
201700013963,2017-10-20,43.26609,-0.84625,62,4,1,1.0,2,64,70.0,18
201700014005,2017-05-05,47.77543,1.82041,51,4,1,1.0,1,45,65.0,17
201700014017,2017-12-29,47.68716,1.77886,15,4,1,1.0,1,45,60.0,14
201700014017,2017-12-29,47.68716,1.77886,60,3,1,1.0,1,45,60.0,14
201700014068,2017-08-21,48.0707,2.06185,72,2,1,1.0,1,45,69.0,11
201700014082,2017-05-17,49.48242,2.0381,58,4,1,1.0,1,60,10.0,18
201700014083,2017-06-19,49.38129,2.22896,18,2,2,1.0,1,60,10.0,19
201700014086,2017-08-16,49.40492,2.1824,64,2,1,1.0,1,60,10.0,15
201700014097,2017-06-01,49.38154,1.9156,58,2,1,1.0,1,60,59.0,10
201700014140,2017-11-19,49.61324,2.29056,57,3,1,1.0,5,60,10.0,17
201700014147,2017-05-13,49.55194,2.50888,8,3,1,1.0,1,60,610.0,19
201700014158,2017-02-15,49.4481,2.90288,62,3,2,1.0,1,60,73.0,16
201700014159,2017-03-14,49.40362,2.99961,64,3,1,1.0,1,60,70.0,15
201700014162,2017-04-12,49.39618,3.0043,14,3,1,1.0,1,60,10.0,14
201700014254,2017-06-09,43.46379,6.21154,77,2,1,1.0,1,83,60.0,11
201700014280,2017-07-14,43.55589,6.51633,49,3,1,1.0,5,83,56.0,3
201700014289,2017-10-14,47.6203,6.8952,71,3,1,1.0,1,90,510.0,16
201700014316,2017-04-07,49.13326,-0.98099,78,3,1,1.0,1,50,110.0,17
201700014323,2017-09-23,49.12614,-1.17537,12,4,1,1.0,1,50,810.0,15
201700014340,2017-12-24,48.77075,-1.56972,12,3,1,8.0,1,50,710.0,15
201700014385,2017-05-31,48.59804,-1.19273,75,3,2,7.0,1,50,63.0,15
201700014416,2017-01-25,49.32136,-1.67028,84,4,1,1.0,1,50,510.0,14
201700014426,2017-07-02,49.51658,-1.79912,66,4,1,1.0,1,50,15.0,8
201700014441,2017-06-10,49.38094,-1.30478,48,3,1,1.0,1,50,70.0,11
201700014441,2017-06-10,49.38094,-1.30478,47,1,1,1.0,1,50,70.0,11
201700014458,2017-06-16,48.98515,-1.33183,11,2,1,1.0,1,50,15.0,18
201700014496,2017-06-28,49.16955,-1.47494,32,2,1,8.0,1,50,43.0,15
201700014519,2017-04-22,44.65781,6.20669,58,3,2,1.0,1,05,73.0,11
201700014545,2017-08-18,44.55778,6.46818,67,3,1,1.0,1,05,53.0,16
201700014554,2017-10-22,49.22894,-0.50832,55,3,1,1.0,1,14,31.0,8
201700014602,2017-08-27,49.10034,-0.58604,21,4,1,1.0,1,14,10.0,18
201700014636,2017-09-13,49.20178,-0.00872,14,4,1,2.0,1,14,51.0,16
201700014646,2017-03-15,49.0749,-0.29658,73,4,1,1.0,1,14,89.0,15
201700014677,2017-07-30,49.02155,0.40535,15,3,2,1.0,1,14,10.0,18
201700014684,2017-10-24,48.9729,0.16204,15,3,1,1.0,1,14,85.0,17
201700014702,2017-06-14,49.07424,-0.08745,41,4,1,7.0,1,14,70.0,11
201700014703,2017-06-26,48.97113,-0.07831,85,3,1,1.0,1,14,510.0,15
201700014730,2017-01-18,43.53161,6.94811,61,3,2,1.0,1,06,10.0,10
201700014736,2017-04-04,43.52951,6.94761,44,4,1,1.0,1,06,10.0,16
201700014771,2017-06-07,43.70745,7.04127,70,4,1,1.0,1,06,65.0,14
201700014777,2017-09-07,43.69427,6.97095,72,3,1,1.0,1,06,31.0,10
201700014804,2017-02-28,43.73697,7.39675,26,3,2,1.0,1,06,60.0,14
201700014872,2017-12-06,47.94147,0.04883,65,3,1,1.0,1,72,65.0,13
201700014902,2017-01-28,48.03795,0.40654,44,3,1,1.0,1,72,20.0,15
201700014911,2017-05-10,48.01215,0.26675,76,3,1,1.0,1,72,59.0,14
201700014917,2017-07-18,48.02826,0.3804,69,3,1,7.0,1,72,10.0,10
201700014917,2017-07-18,48.02826,0.3804,69,3,1,7.0,1,72,10.0,10
201700014979,2017-04-23,47.74359,0.13529,59,3,1,1.0,1,72,10.0,11
201700014987,2017-08-14,47.68926,-0.06464,69,4,1,1.0,1,72,10.0,10
201700014996,2017-04-29,48.28171,0.27868,53,2,1,1.0,1,72,67.0,18
201700015007,2017-07-28,48.25082,0.31446,58,3,1,1.0,1,72,10.0,15
201700015155,2017-03-11,42.51401,2.82995,34,3,1,1.0,1,66,15.0,9
201700015167,2017-07-23,42.52328,3.09767,54,3,1,1.0,1,66,10.0,11
201700015187,2017-03-10,46.83756,3.47912,59,3,2,1.0,2,58,60.0,17
201700015187,2017-03-10,46.83756,3.47912,60,3,1,1.0,2,58,60.0,17
201700015228,2017-11-21,46.94766,3.20038,62,4,1,1.0,1,58,60.0,13
201700015267,2017-04-18,47.39426,3.34417,10,3,1,1.0,1,58,50.0,11
201700015277,2017-03-05,44.8396,4.88795,66,3,1,3.0,1,26,20.0,12
201700015375,2017-10-22,47.9337,6.00262,16,1,1,1.0,3,70,61.0,0
201700015375,2017-10-22,47.9337,6.00262,16,2,1,1.0,3,70,61.0,0
201700015378,2017-05-20,47.64518,5.97798,38,3,1,1.0,1,70,10.0,8
201700015383,2017-11-02,47.56723,5.93313,69,3,1,1.0,1,70,62.0,9
201700015418,2017-08-17,47.75147,6.72643,60,3,1,1.0,1,70,62.0,14
201700015459,2017-08-05,46.25283,5.41336,55,4,1,1.0,1,01,10.0,10
201700015461,2017-08-27,46.1856,5.30049,22,3,1,1.0,3,01,215.0,0
201700015469,2017-04-27,46.22719,4.99289,66,3,1,1.0,1,01,110.0,10
201700015484,2017-03-25,46.34188,5.11852,65,3,1,1.0,1,01,53.0,14
201700015484,2017-03-25,46.34188,5.11852,65,3,1,1.0,1,01,53.0,14
201700015506,2017-04-29,46.302,4.83611,85,3,1,1.0,1,01,15.0,13
201700015513,2017-09-05,46.35371,4.94182,55,3,1,1.0,1,01,710.0,11
201700015521,2017-05-24,45.64131,5.61672,38,4,1,1.0,1,01,60.0,20
201700015556,2017-07-22,46.1553,5.71924,48,3,1,1.0,1,01,10.0,9
201700015631,2017-07-26,45.13517,2.22528,66,3,1,1.0,1,15,10.0,11
201700015632,2017-08-20,45.21247,2.37455,45,2,1,1.0,1,15,54.0,19
201700015649,2017-07-12,45.3533,2.41232,29,3,1,1.0,1,15,66.0,16
201700015649,2017-07-12,45.3533,2.41232,24,4,1,1.0,1,15,66.0,16
201700015654,2017-11-06,45.35193,2.56187,11,3,1,2.0,2,15,20.0,17
201700015704,2017-07-25,46.6033,3.67975,66,3,2,1.0,1,03,15.0,11
201700015721,2017-05-21,46.28937,2.65161,25,4,1,7.0,1,03,10.0,19
201700015745,2017-03-22,46.19239,3.42903,81,3,1,1.0,1,03,10.0,15
201700015756,2017-10-15,46.07769,3.4413,40,3,1,1.0,1,03,80.0,14
201700015762,2017-05-08,46.13999,3.25664,60,3,1,2.0,1,03,50.0,11
201700015762,2017-05-08,46.13999,3.25664,63,1,1,2.0,1,03,50.0,11
201700015789,2017-01-17,46.34037,3.28652,18,4,2,1.0,1,03,73.0,14
201700015826,2017-12-21,43.80814,5.5923,75,3,1,7.0,1,84,42.0,14
201700015829,2017-04-11,44.14323,5.28063,63,2,1,1.0,1,84,60.0,12
201700015833,2017-06-13,44.06838,5.3068,63,3,1,1.0,1,84,70.0,11
201700015867,2017-06-11,49.38204,3.83926,21,3,1,1.0,1,02,72.0,11
201700015885,2017-07-03,49.21016,3.35745,15,3,1,1.0,1,02,70.0,11
201700015899,2017-05-03,49.98548,3.4577,9,3,1,1.0,1,02,60.0,20
201700015903,2017-07-30,50.0097,3.4945,50,4,1,1.0,1,02,58.0,8
201700015909,2017-06-23,50.0226,3.6743,17,3,1,1.0,1,02,212.0,20
201700015947,2017-06-18,49.17564,3.13917,8,4,1,1.0,1,02,48.0,18
201700015951,2017-10-07,49.23535,3.0512,18,3,1,1.0,3,02,54.0,19
201700015969,2017-06-03,49.92562,3.75698,39,4,1,1.0,1,02,45.0,8
201700016003,2017-05-16,45.49735,5.52786,45,3,1,1.0,1,38,45.0,8
201700016006,2017-07-16,45.51821,5.51827,57,3,1,1.0,1,38,40.0,7
201700016038,2017-06-19,45.22467,5.79707,12,3,1,1.0,1,38,80.0,7
201700016039,2017-06-21,45.2497,5.83601,60,4,1,1.0,1,38,100.0,8
201700016042,2017-07-03,45.23981,5.84948,59,4,1,1.0,1,38,15.0,8
201700016043,2017-07-29,45.27945,5.87568,70,4,1,1.0,1,38,60.0,11
201700016045,2017-08-25,45.21276,5.76044,55,3,1,1.0,1,38,59.0,8
201700016046,2017-09-02,45.22829,5.76858,52,3,1,2.0,1,38,53.0,11
201700016051,2017-11-16,45.20702,5.75497,46,4,1,1.0,5,38,510.0,18
201700016055,2017-03-14,45.21007,5.83232,34,3,1,1.0,1,38,10.0,8
201700016056,2017-03-26,45.15222,5.84777,19,3,1,1.0,1,38,10.0,12
201700016058,2017-04-21,45.19861,5.8478,29,3,1,1.0,1,38,53.0,18
201700016083,2017-08-27,45.47726,5.92329,63,3,1,1.0,1,38,60.0,11
201700016090,2017-04-15,45.18604,5.2816,69,2,1,8.0,1,38,410.0,9
201700016091,2017-05-20,45.14455,5.47966,28,3,1,1.0,1,38,40.0,12
201700016096,2017-07-19,45.15212,5.36909,20,3,1,1.0,1,38,10.0,14
201700016099,2017-11-21,45.15002,5.3121,62,3,1,1.0,2,38,915.0,15
201700016109,2017-06-20,45.4315,5.18105,13,3,1,1.0,1,38,10.0,13
201700016117,2017-12-17,45.35082,5.39492,66,3,1,1.0,3,38,620.0,17
201700016117,2017-12-17,45.35082,5.39492,12,1,2,1.0,3,38,620.0,17
201700016118,2017-02-11,45.22372,5.44358,77,3,1,1.0,1,38,21.0,15
201700016128,2017-09-07,45.24427,5.45156,64,3,1,8.0,1,38,74.0,13
201700016142,2017-07-08,45.34133,5.04108,73,3,1,1.0,1,38,10.0,9
201700016166,2017-04-15,45.55732,4.9562,39,3,1,1.0,1,38,74.0,11
201700016267,2017-10-03,43.35575,1.26971,21,3,1,1.0,2,31,50.0,6
201700016272,2017-08-13,43.26043,1.02441,65,3,1,1.0,1,31,34.0,14
201700016280,2017-03-02,43.55668,1.18,45,3,1,1.0,1,31,15.0,13
201700016296,2017-04-08,43.14783,0.5473,79,2,1,1.0,1,31,35.0,11
201700016303,2017-08-12,43.09503,0.58927,57,3,1,1.0,1,31,35.0,18
201700016311,2017-04-13,42.92472,0.68083,58,3,1,1.0,1,31,69.0,14
201700016359,2017-06-11,43.58887,1.76799,47,3,1,1.0,1,31,415.0,19
201700016360,2017-06-12,43.49886,2.04564,68,3,1,1.0,1,31,78.0,14
201700016364,2017-10-04,43.46262,1.99769,13,3,1,1.0,1,31,10.0,17
201700016384,2017-08-29,47.96852,-4.18148,43,4,1,1.0,1,29,415.0,13
201700016404,2017-07-16,47.88427,-4.16872,19,4,1,1.0,1,29,10.0,14
201700016405,2017-07-27,47.82494,-4.3106,50,3,1,1.0,1,29,610.0,14
201700016406,2017-07-29,47.8877,-4.34554,59,3,2,1.0,1,29,50.0,16
201700016423,2017-01-29,48.45698,-4.46059,71,3,1,3.0,1,29,20.0,11
201700016460,2017-11-24,48.51122,-4.41422,14,3,1,8.0,3,29,68.0,18
201700016461,2017-12-17,48.57092,-4.52304,79,3,1,1.0,1,29,910.0,12
201700016463,2017-01-25,48.3903,-4.68056,57,4,1,1.0,1,29,36.0,9
201700016473,2017-06-14,48.42551,-4.57021,65,3,1,1.0,1,29,10.0,15
201700016477,2017-08-05,48.4291,-4.56206,67,3,1,7.0,1,29,315.0,10
201700016498,2017-06-23,48.53629,-4.66057,15,3,2,1.0,1,29,45.0,19
201700016525,2017-04-12,48.26738,-3.61662,72,3,1,7.0,1,29,510.0,15
201700016573,2017-07-05,48.57347,-3.74359,74,2,1,7.0,1,29,70.0,10
201700016573,2017-07-05,48.57347,-3.74359,66,3,2,7.0,1,29,70.0,10
201700016590,2017-09-23,48.51632,-4.21237,6,3,1,1.0,1,29,152.0,18
201700016598,2017-05-21,48.60639,-4.02109,72,2,1,1.0,1,29,65.0,11
201700016671,2017-07-23,43.53427,3.91922,44,3,1,1.0,1,34,40.0,8
201700016671,2017-07-23,43.53427,3.91922,87,3,1,1.0,1,34,40.0,8
201700016684,2017-03-19,48.05724,-1.93724,70,4,1,1.0,1,35,10.0,10
201700016687,2017-04-22,48.15507,-2.01609,70,3,1,1.0,1,35,15.0,12
201700016696,2017-06-21,48.18199,-1.91262,10,4,2,1.0,1,35,34.0,16
201700016700,2017-09-23,48.13833,-1.96281,17,3,1,1.0,5,35,715.0,23
201700016709,2017-08-10,48.34293,-1.17027,79,2,1,8.0,1,35,20.0,8
201700016767,2017-03-03,48.13381,-1.10067,73,3,1,1.0,1,35,15.0,10
201700016780,2017-10-21,48.09156,-1.10098,36,2,1,7.0,1,35,105.0,16
201700016802,2017-09-21,47.30149,-1.78572,63,2,1,1.0,1,44,35.0,10
201700016875,2017-06-28,46.9575,-1.85623,77,2,1,1.0,1,44,53.0,9
201700016893,2017-06-12,47.28786,-2.03494,11,4,1,7.0,1,44,10.0,12
201700016898,2017-07-27,47.20613,-2.14002,48,4,1,8.0,1,44,60.0,8
201700016910,2017-04-19,47.08345,-1.41199,60,3,1,1.0,1,44,10.0,19
201700016917,2017-12-04,47.09363,-1.29022,14,4,2,1.0,1,44,60.0,12
201700016964,2017-08-02,47.43255,-2.31204,13,4,1,1.0,1,44,60.0,13
201700016985,2017-06-25,47.21574,6.18546,80,3,2,1.0,1,25,10.0,9
201700016990,2017-11-25,47.20956,6.00039,56,3,2,3.0,1,25,20.0,8
201700017000,2017-02-17,47.1043,6.1377,13,4,1,1.0,1,25,510.0,17
201700017037,2017-06-01,47.13032,6.52551,67,3,1,1.0,1,25,10.0,12
201700017056,2017-07-18,47.38301,6.82602,63,3,1,1.0,1,25,60.0,18
201700017089,2017-04-23,46.57427,5.7473,55,4,2,1.0,1,39,15.0,11
201700017106,2017-06-24,46.71929,5.5568,78,3,1,1.0,1,39,615.0,10
201700017113,2017-09-16,46.55306,5.49191,27,3,1,1.0,1,39,46.0,16
201700017127,2017-10-15,46.81629,5.75721,69,3,1,1.0,1,39,75.0,14
201700017148,2017-03-04,46.78947,5.43927,59,3,1,2.0,1,39,32.0,12
201700017176,2017-07-07,46.39991,6.03795,67,3,1,1.0,1,39,66.0,10
201700017194,2017-10-11,46.60792,5.9996,12,3,1,1.0,1,39,60.0,17
201700017207,2017-04-19,48.17956,-2.54976,73,2,1,1.0,1,22,52.0,12
201700017227,2017-02-18,48.64293,-3.19406,51,3,1,1.0,1,22,41.0,17
201700017270,2017-06-21,48.58553,-3.4358,64,3,1,1.0,1,22,45.0,18
201700017275,2017-10-04,48.67904,-3.50613,68,3,1,1.0,1,22,55.0,16
201700017287,2017-08-16,48.74223,-3.24497,11,3,2,1.0,1,22,49.0,15
201700017293,2017-01-06,48.06839,7.30974,72,3,2,1.0,1,68,100.0,8
201700017301,2017-03-12,48.07314,7.28929,39,4,1,1.0,1,68,50.0,15
201700017309,2017-05-23,48.07618,7.2866,61,3,1,1.0,1,68,40.0,11
201700017309,2017-05-23,48.07618,7.2866,67,3,1,1.0,1,68,40.0,11
201700017315,2017-06-11,48.30063,7.2877,19,3,1,1.0,1,68,82.0,11
201700017319,2017-08-10,48.08986,7.31709,18,4,1,2.0,2,68,88.0,6
201700017320,2017-08-24,48.08545,7.31995,17,4,1,1.0,1,68,73.0,18
201700017324,2017-10-18,48.1037,7.3035,54,4,1,1.0,1,68,510.0,10
201700017328,2017-12-11,48.08594,7.2804,12,4,1,2.0,2,68,25.0,16
201700017357,2017-09-06,47.53647,7.33585,63,4,1,7.0,1,68,61.0,10
201700017375,2017-04-12,47.6913,7.15988,54,2,2,1.0,1,68,112.0,14
201700017383,2017-08-22,47.63238,7.12146,12,4,1,1.0,1,68,61.0,16
201700017416,2017-06-05,47.69256,7.30291,14,4,1,1.0,1,68,60.0,10
201700017417,2017-06-08,47.69688,7.29187,53,3,1,1.0,1,68,70.0,7
201700017418,2017-08-06,47.69687,7.29188,60,3,1,1.0,1,68,65.0,11
201700017419,2017-09-22,47.74952,7.22919,50,3,1,1.0,1,68,80.0,9
201700017429,2017-05-24,47.61712,7.56569,46,1,1,1.0,1,68,72.0,17
201700017431,2017-08-06,47.57831,7.51996,11,3,1,1.0,1,68,63.0,19
201700017439,2017-09-30,47.60428,7.4953,81,4,1,1.0,1,68,60.0,8
201700017440,2017-10-18,47.52211,7.46947,44,4,1,7.0,2,68,79.0,17
201700017450,2017-05-10,47.86582,7.35862,60,3,1,7.0,1,68,98.0,16
201700017457,2017-08-09,47.87328,7.32999,17,4,2,1.0,1,68,67.0,12
201700017464,2017-12-06,47.92824,7.35837,63,3,1,7.0,1,68,70.0,14
201700017476,2017-07-16,47.75635,7.04938,19,3,1,1.0,5,68,88.0,22
201700017488,2017-05-09,43.6094,3.1487,27,3,1,1.0,1,34,40.0,15
201700017494,2017-08-04,43.58964,3.08309,68,3,1,1.0,1,34,15.0,11
201700017500,2017-03-28,43.4557,3.03838,60,3,1,7.0,1,34,515.0,9
201700017525,2017-12-15,43.40808,3.22917,65,3,1,1.0,1,34,13.0,14
201700017550,2017-11-20,43.73106,3.32394,32,4,2,1.0,1,34,512.0,12
201700017612,2017-08-10,43.29942,3.40371,46,3,1,1.0,1,34,41.0,17
201700017619,2017-04-12,46.27912,0.37216,72,3,1,1.0,1,86,10.0,15
201700017647,2017-03-24,46.85663,0.1044,63,3,1,1.0,1,86,15.0,10
201700017701,2017-01-26,47.55242,1.73293,78,3,2,7.0,1,41,47.0,8
201700017734,2017-10-14,47.85031,1.11168,71,3,1,7.0,1,41,35.0,18
201700017735,2017-11-08,47.98047,0.89989,12,3,1,2.0,5,41,25.0,7
201700017748,2017-06-26,44.6443,0.19461,55,3,1,1.0,1,47,10.0,13
201700017785,2017-03-16,44.3256,0.08221,75,3,1,1.0,1,47,62.0,10
201700017810,2017-10-04,44.3905,0.56695,86,3,1,1.0,1,47,910.0,15
201700017870,2017-04-08,45.53848,4.35857,43,4,1,7.0,1,42,10.0,9
201700017874,2017-07-03,45.53536,4.47692,44,2,1,1.0,1,42,61.0,19
201700017884,2017-02-18,45.72309,4.09335,59,3,1,1.0,1,42,80.0,14
201700017884,2017-02-18,45.72309,4.09335,50,3,1,1.0,1,42,80.0,14
201700017905,2017-09-03,45.77287,3.9355,17,3,1,1.0,1,42,60.0,14
201700017927,2017-10-13,45.5609,4.09748,46,3,1,7.0,2,42,810.0,8
201700017932,2017-02-18,45.63573,4.24048,60,3,1,7.0,1,42,215.0,14
201700017934,2017-05-17,45.56968,4.29321,53,3,1,1.0,1,42,714.0,17
201700017953,2017-03-18,46.17595,4.24334,54,3,1,1.0,3,42,60.0,19
201700017955,2017-04-10,46.16702,4.34825,25,3,1,7.0,1,42,60.0,14
201700018016,2017-08-09,44.0084,3.16043,48,3,2,1.0,1,12,60.0,13
201700018062,2017-06-21,47.43204,-0.55498,54,3,1,1.0,1,49,15.0,8
201700018064,2017-09-29,47.43423,-0.61426,63,4,1,1.0,1,49,10.0,11
201700018071,2017-03-19,47.24629,-0.60726,68,3,1,1.0,3,49,10.0,19
201700018120,2017-05-14,47.36369,-1.01472,54,4,2,1.0,1,49,10.0,17
201700018176,2017-09-02,47.34381,-0.23157,66,3,1,1.0,1,49,40.0,11
201700018187,2017-06-21,47.12849,-0.14571,15,3,1,1.0,1,49,10.0,19
201700018191,2017-08-25,47.2231,0.04726,67,3,1,1.0,1,49,15.0,9
201700018229,2017-05-22,47.63869,-0.49333,66,1,1,1.0,1,49,10.0,17
201700018233,2017-07-26,47.65538,-0.50194,13,4,2,1.0,1,49,10.0,20
201700018254,2017-05-14,49.01111,5.45703,52,2,1,1.0,1,55,66.0,16
201700018255,2017-05-31,48.89503,5.53317,14,3,1,1.0,1,55,10.0,17
201700018295,2017-07-08,48.46902,0.19461,61,3,1,1.0,1,61,42.0,15
201700018306,2017-04-19,48.84329,-0.37897,20,4,1,1.0,1,61,50.0,15
201700018307,2017-05-09,48.75598,0.004,61,3,2,1.0,1,61,56.0,13
201700018324,2017-06-23,48.93028,0.19562,80,2,1,1.0,1,61,10.0,11
201700018335,2017-08-07,48.48888,-0.79822,54,2,2,1.0,1,61,30.0,18
201700018371,2017-10-11,48.60215,-0.34453,13,3,1,1.0,1,61,60.0,15
201700018383,2017-08-01,48.48221,0.41503,66,3,1,1.0,1,61,43.0,10
201700018383,2017-08-01,48.48221,0.41503,71,3,1,1.0,1,61,43.0,10
201700018384,2017-08-01,48.50943,0.55777,71,4,1,1.0,1,61,50.0,14
201700018464,2017-08-07,45.78016,3.3509,24,4,1,1.0,1,63,20.0,18
201700018496,2017-07-08,45.55083,3.79346,70,3,1,1.0,1,63,10.0,11
201700018514,2017-06-09,45.55063,3.17034,58,3,1,7.0,1,63,85.0,9
201700018547,2017-12-31,46.01856,3.355,52,4,1,1.0,1,63,71.0,11
201700018555,2017-10-15,46.04236,3.36379,57,3,1,1.0,2,63,10.0,7
201700018659,2017-07-06,47.43091,3.89297,62,3,1,1.0,1,89,56.0,10
201700018664,2017-04-30,47.54015,3.99283,67,3,1,1.0,1,89,30.0,10
201700018704,2017-09-21,48.18125,3.08694,14,3,1,1.0,1,89,70.0,17
201700018739,2017-05-26,46.95341,4.2956,53,3,1,7.0,1,71,10.0,9
201700018746,2017-08-13,47.00267,4.40378,77,2,2,1.0,1,71,31.0,17
201700018777,2017-09-15,46.78001,4.69039,60,2,2,1.0,1,71,510.0,19
201700018777,2017-09-15,46.78001,4.69039,17,4,1,1.0,1,71,510.0,19
201700018788,2017-04-28,46.24035,4.26417,74,4,1,1.0,1,71,65.0,16
201700018791,2017-10-28,46.20304,4.3385,14,3,1,1.0,1,71,15.0,17
201700018825,2017-12-26,46.63721,5.242,75,3,1,1.0,1,71,60.0,15
201700018885,2017-02-16,42.9823,2.265,67,2,1,7.0,1,11,10.0,10
201700018887,2017-03-15,43.08094,2.31845,11,4,1,1.0,1,11,10.0,16
201700018922,2017-07-12,43.17342,3.06461,73,3,1,1.0,1,11,10.0,7
201700018999,2017-04-18,43.9284,0.66728,67,2,1,1.0,1,32,510.0,15
201700019009,2017-03-01,43.4315,0.49329,76,3,1,1.0,1,32,60.0,15
201700019105,2017-05-08,46.21075,4.53164,53,3,1,1.0,1,69,70.0,9
201700019107,2017-06-23,46.21351,4.70562,6,4,1,1.0,1,69,10.0,16
201700019152,2017-11-01,44.44166,-0.21872,49,3,2,1.0,1,33,15.0,10
201700019155,2017-12-19,44.44389,-0.23611,74,3,1,1.0,2,33,10.0,7
201700019173,2017-05-25,44.50959,-0.43771,51,2,1,1.0,1,33,60.0,7
201700019198,2017-08-03,45.26463,-0.79064,65,3,1,1.0,1,33,10.0,11
201700019208,2017-10-13,45.46531,-1.0499,66,2,1,1.0,1,33,10.0,10
201700019238,2017-08-07,43.13862,-0.02771,73,3,1,1.0,1,65,10.0,15
201700019259,2017-01-30,43.01658,-0.24143,43,3,1,1.0,1,65,30.0,16
201700019263,2017-03-14,42.99906,-0.11145,59,3,1,1.0,1,65,66.0,17
201700019267,2017-05-13,42.97325,-0.02742,52,3,1,1.0,1,65,85.0,14
201700019271,2017-07-05,42.89811,-0.11105,78,3,1,1.0,1,65,65.0,11
201700019272,2017-07-16,42.97329,-0.02756,68,3,1,1.0,1,65,60.0,10
201700019279,2017-07-26,43.06832,0.51971,57,4,1,1.0,1,65,10.0,12
201700019332,2017-09-29,44.15083,1.3799,40,3,1,1.0,1,82,60.0,18
201700019363,2017-08-13,44.15032,1.7702,49,4,2,1.0,1,82,40.0,9
201700019415,2017-12-18,44.11701,0.89568,63,4,1,2.0,2,82,57.0,7
201700019515,2017-09-24,50.1494,2.34584,47,3,1,1.0,1,80,70.0,8
201700019530,2017-12-23,50.04305,2.12141,56,3,2,2.0,1,80,20.0,16
201700019582,2017-02-17,49.9617,2.6225,62,3,1,1.0,1,80,10.0,16
201700019597,2017-08-07,49.7469,2.74646,47,4,1,1.0,1,80,10.0,19
201700019603,2017-09-15,49.91886,2.77026,65,3,1,2.0,1,80,62.0,13
201700019680,2017-08-18,42.4345,9.47707,51,3,1,1.0,1,2B,32.0,18
201700019684,2017-09-14,42.37196,9.37319,70,3,1,1.0,1,2B,50.0,9
201700019684,2017-09-14,42.37196,9.37319,56,2,1,1.0,1,2B,50.0,9
201700019728,2017-05-31,42.30189,9.1635,57,3,1,7.0,1,2B,10.0,10
201700019729,2017-08-02,42.19226,9.36304,72,3,1,9.0,1,2B,80.0,9
201700019738,2017-04-09,41.89523,9.39098,79,4,1,1.0,1,2B,64.0,10
201700019740,2017-06-12,42.09266,9.34774,60,3,1,1.0,1,2B,50.0,14
201700019758,2017-08-22,43.64688,1.33592,53,3,1,1.0,1,31,15.0,8
201700019759,2017-09-13,43.6451,1.33475,44,3,1,1.0,2,31,10.0,7
201700019809,2017-07-31,46.52556,-0.58295,14,3,1,1.0,1,79,10.0,17
201700019822,2017-03-09,46.21865,-0.63889,70,3,1,1.0,1,79,45.0,13
201700019853,2017-05-17,46.91458,-0.74347,69,2,1,1.0,1,79,65.0,11
201700019858,2017-11-22,46.94906,-0.87161,63,3,1,7.0,1,79,35.0,10
201700019858,2017-11-22,46.94906,-0.87161,61,4,1,7.0,1,79,35.0,10
201700019942,2017-06-06,49.5249,0.58194,44,3,1,6.0,1,76,410.0,16
201700019945,2017-03-21,49.77309,1.70874,83,3,1,1.0,1,76,60.0,14
201700019951,2017-08-10,49.9303,1.63841,23,4,1,1.0,1,76,515.0,12
201700019966,2017-08-26,49.48194,0.99411,61,3,1,1.0,1,76,65.0,13
201700019966,2017-08-26,49.48194,0.99411,60,4,1,1.0,1,76,65.0,13
201700020026,2017-08-16,49.02568,7.09757,53,3,1,7.0,1,67,50.0,15
201700020092,2017-06-03,46.05238,6.21694,60,4,1,1.0,1,74,50.0,15
201700020092,2017-06-03,46.05238,6.21694,61,3,2,1.0,1,74,50.0,15
201700020113,2017-06-10,45.83697,6.21692,36,4,1,1.0,1,74,15.0,15
201700020122,2017-08-13,45.82844,6.22103,50,3,2,1.0,1,74,10.0,11
201700020127,2017-09-29,45.8234,6.20818,45,4,1,1.0,1,74,30.0,15
201700020153,2017-12-14,45.87016,5.96157,15,3,1,2.0,2,74,20.0,7
201700020159,2017-06-18,46.14078,6.5365,29,3,1,1.0,1,74,15.0,12
201700020167,2017-03-30,46.12337,6.31119,40,3,1,1.0,5,74,10.0,6
201700020215,2017-07-20,50.92412,2.24653,39,3,1,1.0,1,59,32.0,13
201700020238,2017-11-19,50.80094,2.55182,77,2,1,1.0,1,59,35.0,12
201700020255,2017-09-13,47.62639,-2.82914,49,3,2,2.0,1,56,20.0,9
201700020285,2017-05-10,47.61591,-2.53905,71,3,1,1.0,1,56,25.0,15
201700020297,2017-05-27,47.64963,-2.71627,73,3,1,1.0,1,56,15.0,11
201700020302,2017-08-13,47.54124,-2.87866,71,3,1,1.0,1,56,10.0,12
201700020312,2017-08-14,47.47767,-3.12874,75,3,2,1.0,1,56,15.0,9
201700020315,2017-09-07,47.52751,-3.14368,70,4,1,1.0,1,56,56.0,10
201700020329,2017-04-23,47.74729,-3.07689,53,3,1,1.0,1,56,10.0,10
201700020352,2017-02-14,47.8059,-3.45815,44,3,1,1.0,1,56,13.0,16
201700020363,2017-06-25,47.90677,-3.33591,16,3,1,1.0,1,56,50.0,11
201700020386,2017-05-24,47.64652,-3.15965,71,3,1,1.0,1,56,15.0,10
201700020414,2017-03-08,47.92226,-2.30257,17,3,1,1.0,1,56,65.0,15
201700020545,2017-05-16,45.69348,2.09579,9,3,1,1.0,2,19,51.0,21
201700020547,2017-04-06,50.08177,3.76458,19,3,1,1.0,1,59,10.0,15
201700020560,2017-10-11,50.09205,4.00483,79,3,1,1.0,1,59,10.0,17
201700020599,2017-09-03,48.91536,4.47216,64,3,1,1.0,1,51,80.0,12
201700020634,2017-10-12,49.09511,4.17624,67,2,1,1.0,1,51,63.0,16
201700020635,2017-10-20,49.00934,3.90551,46,3,1,1.0,1,51,77.0,17
201700020661,2017-05-28,49.29824,4.32354,77,3,2,1.0,1,51,610.0,19
201700020691,2017-02-16,48.63043,2.49193,44,3,2,2.0,5,91,20.0,18
201700020695,2017-05-02,48.6384,2.45958,20,4,1,2.0,2,91,25.0,7
201700020720,2017-06-13,48.69798,2.12296,54,4,2,1.0,1,91,15.0,17
201700020749,2017-06-27,48.17017,3.34212,54,4,1,1.0,1,89,10.0,12
201700020760,2017-06-13,44.4195,6.44607,54,3,1,1.0,1,04,73.0,16
201700020760,2017-06-13,44.4195,6.44607,29,1,1,1.0,1,04,73.0,16
201700020816,2017-08-01,48.80181,7.24241,11,3,1,1.0,1,57,79.0,17
201700020835,2017-04-09,49.00915,6.99411,31,2,1,1.0,1,57,710.0,16
201700020873,2017-08-24,43.52626,1.33517,67,3,1,1.0,1,31,815.0,17
201700020907,2017-05-21,43.52587,5.8647,51,3,1,1.0,1,83,35.0,10
201700020924,2017-03-22,43.32037,6.28572,45,3,1,1.0,1,83,10.0,18
201700020926,2017-04-12,43.44493,6.20761,34,3,1,1.0,1,83,66.0,14
201700020927,2017-04-13,43.34628,6.17985,69,4,1,1.0,1,83,60.0,17
201700020932,2017-07-11,43.29969,6.22829,67,3,1,1.0,1,83,10.0,11
201700020957,2017-09-21,46.29116,6.27131,43,3,1,1.0,1,74,70.0,17
201700020987,2017-05-17,45.64189,0.18564,15,3,1,1.0,1,16,63.0,14
201700020995,2017-09-27,45.67333,0.19077,88,3,1,1.0,1,16,70.0,16
201700021002,2017-08-02,45.68779,-0.31444,62,2,2,1.0,1,16,52.0,16
201700021007,2017-10-04,45.69,-0.32026,70,3,2,1.0,1,16,54.0,15
201700021008,2017-10-14,45.69317,-0.32566,26,4,1,1.0,5,16,40.0,21
201700021011,2017-12-04,45.67882,-0.31131,69,4,2,1.0,1,16,70.0,15
201700021037,2017-09-13,42.65845,2.95399,66,3,1,1.0,1,66,15.0,13
201700021040,2017-01-04,45.94776,-0.97633,53,4,2,1.0,1,17,60.0,8
201700021045,2017-02-16,45.93592,-0.96911,84,4,1,1.0,1,17,39.0,14
201700021050,2017-04-07,45.92564,-0.95998,79,4,1,1.0,1,17,80.0,17
201700021053,2017-05-17,45.93709,-0.98285,53,4,2,1.0,1,17,75.0,8
201700021054,2017-06-02,45.94436,-0.89324,19,3,1,1.0,1,17,50.0,15
201700021058,2017-08-03,45.94337,-0.96031,42,4,1,1.0,2,17,49.0,7
201700021074,2017-01-04,46.1591,-1.18278,6,4,1,1.0,1,17,58.0,12
201700021086,2017-01-26,46.1665,-1.15321,13,4,1,1.0,2,17,11.0,7
201700021096,2017-02-02,46.16174,-1.15284,54,4,1,2.0,5,17,61.0,7
201700021106,2017-02-10,46.16145,-1.13972,35,4,1,1.0,5,17,72.0,7
201700021108,2017-02-13,46.14601,-1.15241,20,4,2,1.0,5,17,63.0,20
201700021121,2017-03-06,46.1388,-1.15455,22,4,2,6.0,1,17,71.0,15
201700021124,2017-03-10,46.16483,-1.20419,29,4,1,1.0,1,17,53.0,14
201700021128,2017-03-13,46.1691,-1.1499,37,4,2,2.0,1,17,82.0,9
201700021130,2017-03-14,46.15945,-1.20001,69,3,2,1.0,1,17,96.0,18
201700021142,2017-04-10,46.16812,-1.1326,81,4,2,1.0,1,17,132.0,16
201700021149,2017-04-21,46.14147,-1.13887,53,3,2,1.0,1,17,88.0,8
201700021150,2017-04-22,46.15485,-1.13581,20,4,1,1.0,1,17,117.0,11
201700021151,2017-04-23,46.15887,-1.14645,14,3,1,1.0,1,17,39.0,19
201700021159,2017-05-04,46.15298,-1.14888,21,4,2,1.0,1,17,107.0,7
201700021160,2017-05-05,46.17583,-1.17493,73,4,1,1.0,1,17,41.0,17
201700021170,2017-05-22,46.16331,-1.18205,15,4,1,1.0,1,17,56.0,17
201700021171,2017-05-23,46.16914,-1.1465,19,4,1,1.0,1,17,70.0,8
201700021172,2017-05-24,46.15869,-1.15953,49,4,2,1.0,1,17,106.0,8
201700021175,2017-05-27,46.16222,-1.14223,81,3,1,1.0,1,17,78.0,8
201700021185,2017-06-14,46.16727,-1.19505,13,3,1,1.0,1,17,71.0,7
201700021188,2017-06-17,46.1612,-1.15305,60,3,1,1.0,1,17,33.0,10
201700021189,2017-06-17,46.14181,-1.13985,70,4,1,1.0,1,17,32.0,19
201700021194,2017-06-28,46.16776,-1.18299,18,4,2,2.0,1,17,48.0,16
201700021198,2017-07-07,46.16038,-1.15568,86,4,2,1.0,1,17,75.0,12
201700021210,2017-07-23,46.16722,-1.17773,53,3,2,1.0,1,17,66.0,11
201700021211,2017-07-23,46.15187,-1.14056,15,3,1,1.0,1,17,40.0,14
201700021212,2017-07-24,46.14094,-1.15754,54,4,2,1.0,1,17,65.0,11
201700021218,2017-08-10,46.16341,-1.16942,19,4,1,1.0,1,17,39.0,9
201700021221,2017-08-14,46.14998,-1.20608,87,4,1,1.0,1,17,70.0,13
201700021226,2017-08-21,46.15939,-1.16364,20,4,1,7.0,1,17,74.0,8
201700021227,2017-08-22,46.16224,-1.14225,41,4,1,1.0,1,17,84.0,8
201700021228,2017-08-22,46.16169,-1.20276,46,4,1,1.0,1,17,80.0,14
201700021229,2017-08-24,46.16768,-1.14027,31,3,1,1.0,1,17,46.0,8
201700021236,2017-09-04,46.17762,-1.11656,34,4,1,1.0,1,17,25.0,9
201700021248,2017-09-28,46.1584,-1.1507,39,4,1,1.0,1,17,84.0,15
201700021250,2017-09-29,46.16617,-1.15103,21,4,1,1.0,1,17,50.0,8
201700021253,2017-10-03,46.15691,1.11942,13,4,2,8.0,2,17,93.0,7
201700021264,2017-10-12,46.16253,-1.18223,58,4,1,1.0,1,17,71.0,13
201700021266,2017-10-12,46.14098,1.14129,18,4,1,1.0,1,17,42.0,17
201700021267,2017-10-12,46.18795,-1.16041,35,4,1,1.0,1,17,49.0,18
201700021268,2017-10-14,46.13977,-1.1452,95,3,1,1.0,1,17,78.0,14
201700021272,2017-10-17,46.16087,-1.1231,15,3,1,1.0,1,17,74.0,16
201700021275,2017-10-19,46.19021,-1.1466,55,3,1,1.0,1,17,89.0,15
201700021285,2017-10-31,46.16004,-1.15346,20,4,1,1.0,1,17,48.0,14
201700021288,2017-11-03,46.16245,-1.15922,37,4,2,1.0,1,17,120.0,8
201700021291,2017-11-09,46.16367,-1.1712,16,4,1,1.0,1,17,82.0,7
201700021294,2017-11-14,46.16277,-1.15236,58,3,2,1.0,1,17,58.0,17
201700021294,2017-11-14,46.16277,-1.15236,14,4,1,1.0,1,17,58.0,17
201700021295,2017-11-15,46.16551,-1.18891,45,4,2,1.0,1,17,60.0,14
201700021297,2017-11-18,46.16449,-1.1818,20,3,1,1.0,1,17,29.0,13
201700021310,2017-12-12,46.16734,-1.14016,69,3,1,1.0,1,17,18.0,10
201700021312,2017-12-15,46.18421,-1.14245,77,3,1,1.0,5,17,63.0,18
201700021317,2017-12-18,46.16907,-1.14967,24,4,2,1.0,5,17,98.0,18
201700021319,2017-12-19,46.14045,-1.1655,44,3,1,1.0,1,17,38.0,8
201700021319,2017-12-19,46.14045,-1.1655,9,1,1,1.0,1,17,38.0,8
201700021327,2017-11-14,45.62775,-1.02817,65,4,2,1.0,1,17,138.0,10
201700021331,2017-11-19,45.62505,-1.00423,55,3,2,1.0,1,17,84.0,10
201700021344,2017-02-17,45.61282,-0.991,86,3,1,1.0,1,17,75.0,18
201700021371,2017-06-01,45.64733,-1.10993,61,4,2,1.0,1,17,81.0,8
201700021372,2017-06-02,45.66176,-1.0722,52,4,1,1.0,1,17,49.0,15
201700021387,2017-08-04,45.64352,-1.08963,23,4,1,1.0,5,17,50.0,0
201700021390,2017-08-06,45.63368,-1.06599,38,4,1,1.0,1,17,60.0,13
201700021392,2017-08-08,45.62037,-1.03517,42,4,2,1.0,1,17,103.0,16
201700021395,2017-08-11,45.62058,-1.01859,12,4,1,1.0,1,17,70.0,17
201700021397,2017-08-12,45.61957,-1.03309,19,3,2,1.0,1,17,87.0,14
201700021414,2017-10-07,45.60245,-0.99737,63,3,2,1.0,1,17,29.0,16
201700021455,2017-01-04,45.74313,-0.64001,17,4,1,1.0,1,17,120.0,13
201700021474,2017-05-29,45.75302,-0.631,11,4,1,1.0,1,17,60.0,16
201700021475,2017-06-01,45.74067,-0.62671,16,1,1,1.0,1,17,60.0,16
201700021476,2017-06-09,45.73611,-0.61933,11,4,1,1.0,1,17,55.0,18
201700021484,2017-08-09,45.74643,-0.62024,18,4,2,3.0,1,17,45.0,8
201700021494,2017-09-27,45.74387,-0.64528,30,4,2,1.0,1,17,70.0,9
201700021504,2017-12-01,45.75301,-0.6459,16,4,1,1.0,1,17,55.0,13
201700021506,2017-12-01,45.74533,-0.62722,17,4,1,1.0,2,17,60.0,18
201700021507,2017-12-02,45.72659,-0.66752,44,4,2,1.0,2,17,60.0,8
201700021508,2017-12-02,45.74639,-0.61876,90,4,1,2.0,2,17,60.0,18
201700021510,2017-12-08,45.75325,-0.63617,56,4,1,1.0,1,17,40.0,14
201700021513,2017-12-17,45.74186,-0.63703,16,4,1,1.0,2,17,60.0,17
201700021515,2017-12-20,45.74681,-0.62699,14,4,1,1.0,1,17,50.0,9
201700021550,2017-03-08,44.10206,4.55651,12,3,1,1.0,1,30,10.0,14
201700021559,2017-08-07,44.04588,4.57604,55,3,1,1.0,1,30,72.0,10
201700021573,2017-10-26,47.88313,0.80042,42,3,1,5.0,3,41,25.0,6
201700021593,2017-05-15,50.26197,3.0222,69,2,1,1.0,1,62,10.0,14
201700021655,2017-03-28,50.35063,2.58446,65,3,2,1.0,1,62,48.0,18
201700021706,2017-10-22,43.15786,6.06587,51,3,1,1.0,1,83,10.0,9
201700021707,2017-11-06,43.18774,6.03796,51,3,1,3.0,3,83,63.0,5
201700021721,2017-10-23,45.7968,1.14219,61,3,1,1.0,1,87,12.0,16
201700021806,2017-02-01,44.03558,4.73065,64,3,2,1.0,1,30,80.0,16
201700021856,2017-05-23,47.10553,2.42387,58,3,1,1.0,1,18,60.0,17
201700022069,2017-06-11,47.55557,-1.48695,48,3,1,1.0,1,44,63.0,10
201700022069,2017-06-11,47.55557,-1.48695,71,4,1,1.0,1,44,63.0,10
201700022069,2017-06-11,47.55557,-1.48695,57,1,1,1.0,1,44,63.0,10
201700022113,2017-06-29,43.14621,6.31716,68,3,1,1.0,1,83,50.0,9
201700022126,2017-12-30,43.1871,6.33074,58,3,2,1.0,1,83,46.0,11
201700022303,2017-04-04,47.03189,4.83438,62,3,2,1.0,1,21,89.0,18
201700022325,2017-01-11,47.32881,5.0676,59,3,1,2.0,5,21,70.0,18
201700022329,2017-03-08,47.30047,5.06011,60,4,1,2.0,1,21,150.0,17
201700022354,2017-11-27,47.30839,5.01841,10,4,1,3.0,1,21,50.0,15
201700022413,2017-02-06,48.49537,-2.7757,37,4,2,2.0,2,22,50.0,19
201700022425,2017-04-03,48.48623,-2.75056,49,3,1,1.0,1,22,50.0,16
201700022440,2017-06-04,48.5103,-2.78331,36,4,1,1.0,5,22,50.0,23
201700022442,2017-06-14,48.5016,-2.75898,52,4,2,1.0,1,22,50.0,16
201700022454,2017-07-04,48.49576,-2.71584,59,4,1,1.0,1,22,50.0,19
201700022462,2017-08-03,48.50128,-2.73432,48,3,1,1.0,1,22,40.0,16
201700022474,2017-08-20,48.51011,-2.74636,27,4,1,1.0,5,22,50.0,5
201700022480,2017-10-11,48.48831,-2.74012,60,3,1,1.0,1,22,75.0,12
201700022497,2017-11-21,48.50904,-2.77362,17,1,2,1.0,5,22,35.0,18
201700022497,2017-11-21,48.50904,-2.77362,18,1,2,1.0,5,22,35.0,18
201700022506,2017-05-23,46.17234,1.86762,21,4,1,1.0,1,23,69.0,13
201700022519,2017-05-09,44.82646,0.49384,57,3,1,1.0,1,24,76.0,18
201700022527,2017-03-27,45.19972,0.67498,68,3,1,2.0,1,24,61.0,17
201700022635,2017-03-18,47.57577,6.75948,15,4,1,1.0,1,70,39.0,12
201700022675,2017-06-16,46.89418,6.36452,49,3,1,1.0,1,25,100.0,7
201700022688,2017-09-21,46.89864,6.34905,58,3,1,1.0,1,25,70.0,18
201700022728,2017-07-20,43.89027,5.11698,59,3,1,1.0,1,84,35.0,16
201700022791,2017-03-15,43.23573,6.07121,52,4,2,1.0,1,83,410.0,10
201700022827,2017-07-27,44.56745,4.75536,40,4,1,1.0,1,26,88.0,21
201700022845,2017-02-04,45.05328,5.04839,79,4,1,1.0,1,26,60.0,9
201700022873,2017-06-17,45.04757,5.05483,77,4,1,1.0,1,26,120.0,17
201700022989,2017-05-08,43.78788,7.18487,43,4,1,1.0,1,06,20.0,11
201700022996,2017-07-30,43.76587,7.20723,68,3,1,1.0,1,06,111.0,11
201700022997,2017-08-03,43.78895,7.18489,18,3,1,1.0,1,06,68.0,10
201700023005,2017-02-19,45.38557,5.63315,24,3,2,1.0,1,38,10.0,16
201700023013,2017-05-27,45.36712,5.62879,38,3,1,1.0,1,38,74.0,17
201700023020,2017-08-25,45.4004,5.60234,77,3,2,1.0,1,38,60.0,8
201700023035,2017-09-26,45.6721,4.93335,30,4,1,1.0,2,69,515.0,18
201700023046,2017-02-28,47.3801,2.90539,54,3,2,3.0,1,58,20.0,8
201700023055,2017-10-06,47.34962,3.11224,37,4,1,1.0,1,58,65.0,15
201700023108,2017-11-15,49.27138,1.21608,43,3,2,1.0,5,27,65.0,18
201700023144,2017-06-23,46.19097,-1.01298,67,3,1,1.0,1,17,10.0,14
201700023186,2017-04-06,50.54186,2.98218,81,3,1,1.0,1,59,62.0,16
201700023222,2017-06-11,46.05155,3.92383,59,3,1,1.0,1,42,10.0,12
201700023237,2017-05-18,48.73721,1.38143,50,3,1,2.0,1,28,30.0,21
201700023367,2017-07-12,46.24526,6.02339,39,3,1,1.0,1,01,70.0,19
201700023388,2017-01-13,48.76713,7.38089,42,3,1,1.0,1,67,66.0,16
201700023394,2017-10-21,48.76776,7.35733,8,3,1,1.0,1,67,48.0,12
201700023518,2017-02-25,47.77525,7.51696,54,3,1,1.0,1,68,15.0,11
201700023521,2017-03-30,47.82461,7.51539,54,4,1,1.0,1,68,56.0,11
201700023526,2017-10-05,47.81688,7.54171,35,1,1,1.0,2,68,73.0,18
201700023526,2017-10-05,47.81688,7.54171,40,4,1,1.0,2,68,73.0,18
201700023530,2017-02-17,45.56222,4.47577,54,3,1,7.0,1,01,60.0,11
201700023776,2017-07-17,47.87723,-3.91152,48,4,2,1.0,1,29,85.0,8
201700023786,2017-09-14,47.88082,-3.93128,45,4,1,1.0,1,29,70.0,17
201700023787,2017-09-22,47.87525,-3.92075,47,4,2,1.0,1,29,40.0,11
201700023801,2017-11-08,47.89001,-3.91597,26,4,2,1.0,3,29,52.0,19
201700024001,2017-05-17,48.18611,6.78679,11,3,1,1.0,1,88,60.0,14
201700024006,2017-08-22,48.16989,7.01348,5,3,2,1.0,1,88,64.0,18
201700024017,2017-05-21,49.29704,2.02683,81,4,1,1.0,1,60,810.0,15
201700024043,2017-03-28,44.12913,4.10324,84,2,1,7.0,1,30,84.0,18
201700024059,2017-06-06,44.13459,4.09046,65,3,1,1.0,1,30,75.0,7
201700024062,2017-06-25,44.10949,4.10088,50,4,1,1.0,1,30,70.0,8
201700024080,2017-10-05,44.12047,4.09306,45,4,1,1.0,1,30,133.0,12
201700024087,2017-11-20,44.13926,4.08847,61,4,1,1.0,1,30,110.0,16
201700024088,2017-11-21,44.13467,4.09076,47,4,1,1.0,1,30,60.0,13
201700024089,2017-02-24,44.1632,4.61182,17,3,2,1.0,1,30,80.0,13
201700024120,2017-02-23,43.83707,4.36586,51,4,1,1.0,5,30,82.0,20
201700024130,2017-03-22,43.81806,4.3476,31,4,1,1.0,1,30,60.0,11
201700024169,2017-06-17,43.83216,4.35801,61,4,1,1.0,1,30,35.0,8
201700024209,2017-09-14,43.83886,4.36891,61,4,2,1.0,1,30,60.0,18
201700024234,2017-10-19,43.82428,4.36962,30,4,1,1.0,5,30,60.0,19
201700024285,2017-11-10,45.76747,2.8974,51,3,1,2.0,1,63,20.0,15
201700024294,2017-12-30,46.17148,1.80563,54,4,1,3.0,1,23,63.0,12
201700024320,2017-12-09,44.1572,4.8636,72,3,1,1.0,1,84,15.0,14
201700024327,2017-06-07,43.19302,2.80094,72,2,1,1.0,1,11,64.0,15
201700024334,2017-08-17,43.28986,2.86841,73,3,1,1.0,1,11,60.0,8
201700024368,2017-09-10,48.86908,1.4205,79,2,1,1.0,1,27,35.0,11
201700024405,2017-10-11,43.47856,6.56629,76,4,1,1.0,1,83,810.0,8
201700024407,2017-10-20,43.4162,6.42042,79,3,1,1.0,1,83,210.0,10
201700024414,2017-06-17,44.8226,6.73597,62,3,1,1.0,1,05,70.0,15
201700024415,2017-07-10,44.83814,6.7234,49,2,1,1.0,1,05,71.0,11
201700024416,2017-07-14,44.85389,6.7257,57,3,1,1.0,1,05,56.0,12
201700024417,2017-07-19,44.92888,6.71503,43,3,1,1.0,1,05,73.0,10
201700024459,2017-09-05,43.11286,0.72089,51,4,2,1.0,1,31,70.0,7
201700024482,2017-08-01,45.80003,5.079,11,4,1,1.0,1,69,10.0,19
201700024484,2017-09-21,45.75888,5.05175,80,3,1,1.0,1,69,15.0,14
201700024491,2017-05-11,46.50821,-1.05054,50,3,1,1.0,1,85,35.0,18
201700024514,2017-01-16,43.60924,1.35253,25,4,1,2.0,1,31,56.0,9
201700024788,2017-06-21,43.60042,1.35343,34,4,1,1.0,1,31,52.0,16
201700025136,2017-09-22,48.01858,1.3523,73,3,1,1.0,1,28,78.0,17
201700025173,2017-03-11,48.07642,7.53428,57,4,1,1.0,1,68,62.0,11
201700025175,2017-04-08,48.01467,7.3668,69,3,1,1.0,1,68,58.0,14
201700025180,2017-05-08,48.01233,7.38536,70,3,1,2.0,1,68,70.0,10
201700025194,2017-03-06,48.12421,7.28483,63,4,1,2.0,1,68,75.0,8
201700025196,2017-03-13,48.13536,7.2659,70,4,1,1.0,1,68,100.0,13
201700025197,2017-03-26,48.12893,7.3148,71,3,2,1.0,1,68,42.0,13
201700025197,2017-03-26,48.12893,7.3148,75,1,1,1.0,1,68,42.0,13
201700025200,2017-05-16,48.13293,7.31864,43,4,1,1.0,1,68,75.0,18
201700025288,2017-01-20,43.90923,2.0325,80,3,1,1.0,1,81,120.0,15
201700025363,2017-08-23,43.657,0.58897,40,3,1,1.0,1,32,59.0,19
201700025393,2017-06-23,48.84923,7.0656,67,2,1,1.0,1,57,51.0,13
201700025481,2017-11-08,44.19172,5.01464,58,3,1,1.0,1,84,15.0,15
201700025527,2017-01-08,44.64445,-1.19555,33,3,1,1.0,5,33,84.0,18
201700025538,2017-04-16,44.6361,-1.14452,16,4,1,1.0,1,33,75.0,19
201700025546,2017-07-05,44.64561,-1.15789,36,4,1,1.0,1,33,59.0,11
201700025550,2017-07-19,44.56703,-1.22881,67,3,1,1.0,1,33,70.0,10
201700025562,2017-11-10,44.65617,-1.17811,43,3,2,2.0,1,33,60.0,8
201700025593,2017-01-11,44.8542,-0.60944,55,4,2,2.0,1,33,190.0,9
201700025646,2017-02-18,44.82857,-0.56243,40,3,1,1.0,2,33,59.0,7
201700025654,2017-02-17,44.7717,-0.6095,45,4,1,1.0,5,33,80.0,20
201700025656,2017-02-25,44.8191,-0.58446,29,4,1,1.0,5,33,30.0,20
201700025691,2017-03-23,44.843,-0.6395,20,4,1,2.0,1,33,900.0,8
201700025726,2017-04-17,44.8269,-0.56922,46,3,1,1.0,5,33,71.0,1
201700025745,2017-04-30,44.8283,-0.55722,18,1,1,1.0,5,33,16.0,3
201700025745,2017-04-30,44.8283,-0.55722,16,4,2,1.0,5,33,16.0,3
201700025746,2017-05-03,44.8141,-0.58879,31,4,1,1.0,1,33,25.0,20
201700025769,2017-05-18,44.8333,-0.59418,48,4,1,2.0,5,33,200.0,23
201700025801,2017-06-17,44.8404,-0.64018,16,4,1,1.0,1,33,540.0,21
201700025803,2017-06-22,44.84829,-0.59762,18,4,1,1.0,1,33,189.0,21
201700025859,2017-08-13,44.83292,-0.58413,19,4,2,1.0,5,33,49.0,1
201700025899,2017-08-31,44.84205,-0.55189,18,4,1,1.0,5,33,59.0,0
201700025956,2017-12-10,44.84692,-0.62914,52,3,2,3.0,2,33,100.0,18
201700025960,2017-12-14,44.8045,-0.60076,22,4,1,2.0,1,33,61.0,10
201700025972,2017-03-10,47.01525,-0.74425,66,3,1,1.0,2,49,10.0,7
201700025977,2017-07-14,47.00675,-0.74525,66,3,1,1.0,1,49,15.0,11
201700025981,2017-08-22,47.0558,-0.80712,65,4,1,1.0,1,49,68.0,11
201700025992,2017-07-10,47.37005,2.65535,57,3,1,1.0,1,18,50.0,13
201700026002,2017-03-10,43.63068,7.13422,62,3,1,7.0,1,06,70.0,17
201700026038,2017-02-15,43.28294,3.50294,19,4,1,2.0,1,34,33.0,13
201700026049,2017-07-19,43.29745,3.47484,75,3,1,1.0,2,34,72.0,8
201700026053,2017-09-22,43.28221,3.49816,69,3,1,7.0,1,34,93.0,17
201700026054,2017-10-11,43.30795,3.47653,15,4,1,1.0,1,34,58.0,17
201700026094,2017-01-05,43.6076,3.86982,39,4,1,1.0,5,34,60.0,18
201700026094,2017-01-05,43.6076,3.86982,6,4,1,1.0,5,34,60.0,18
201700026144,2017-03-24,43.62554,3.83669,44,3,1,2.0,1,34,85.0,9
201700026150,2017-04-06,43.57219,3.90195,13,3,1,1.0,1,34,68.0,13
201700026164,2017-04-28,43.62065,3.86481,28,4,2,1.0,1,34,90.0,12
201700026188,2017-05-24,43.58183,3.86872,32,3,1,1.0,1,34,68.0,16
201700026190,2017-05-27,43.6199,3.85023,36,3,1,1.0,1,34,78.0,13
201700026191,2017-05-28,43.60544,3.87394,29,4,1,1.0,1,34,40.0,20
201700026236,2017-07-29,43.61236,3.86831,34,1,1,1.0,1,34,40.0,19
201700026237,2017-07-31,43.5719,3.89512,48,3,1,1.0,1,34,40.0,12
201700026255,2017-09-06,43.61443,3.88378,32,4,1,1.0,1,34,60.0,12
201700026282,2017-10-02,43.59694,3.88656,13,4,1,1.0,1,34,60.0,15
201700026312,2017-11-10,43.61527,3.87747,35,4,2,1.0,1,34,30.0,9
201700026314,2017-11-08,43.59506,3.88827,47,1,1,1.0,1,34,120.0,12
201700026324,2017-11-20,43.60884,3.91342,47,3,1,1.0,1,34,115.0,11
201700026377,2017-03-02,48.35347,-1.21183,55,4,2,1.0,1,35,45.0,15
201700026389,2017-10-23,48.35408,-1.18652,16,3,2,2.0,5,35,160.0,7
201700026989,2017-07-03,46.8147,1.70823,83,3,1,1.0,1,36,60.0,18
201700027006,2017-09-14,46.8086,1.70527,29,4,1,1.0,1,36,100.0,9
201700027016,2017-10-09,46.796,1.70785,20,4,1,5.0,5,36,80.0,6
201700027054,2017-01-19,47.39357,0.68762,23,4,1,1.0,5,37,60.0,22
201700027067,2017-01-29,47.36495,0.65571,86,3,1,1.0,1,37,60.0,16
201700027094,2017-02-17,47.40166,0.68401,45,4,2,1.0,1,37,60.0,13
201700027108,2017-03-03,47.38149,0.70655,84,4,2,1.0,2,37,70.0,18
201700027130,2017-03-21,47.39291,0.68771,70,3,2,2.0,1,37,70.0,9
201700027153,2017-04-06,47.45667,0.7311,12,4,1,1.0,1,37,70.0,17
201700027153,2017-04-06,47.45667,0.7311,14,4,1,1.0,1,37,70.0,17
201700027217,2017-05-23,47.39304,0.68774,63,4,2,1.0,1,37,80.0,15
201700027230,2017-06-01,47.40147,0.68664,25,4,1,1.0,1,37,86.0,7
201700027233,2017-06-03,47.40787,0.68179,21,3,1,1.0,5,37,40.0,2
201700027242,2017-06-09,47.4016,0.68418,44,4,1,1.0,2,37,61.0,21
201700027245,2017-06-13,47.38663,0.69218,38,4,2,1.0,1,37,50.0,12
201700027255,2017-06-17,47.40336,0.72345,18,4,1,1.0,1,37,25.0,19
201700027255,2017-06-17,47.40336,0.72345,45,4,2,1.0,1,37,25.0,19
201700027256,2017-06-18,47.38955,0.65741,64,3,1,1.0,1,37,21.0,17
201700027289,2017-07-12,47.42359,0.63171,15,3,1,1.0,1,37,65.0,8
201700027368,2017-09-08,47.39222,0.68095,57,3,2,2.0,1,37,40.0,8
201700027371,2017-09-09,47.35074,0.67775,22,4,1,2.0,1,37,40.0,18
201700027399,2017-09-23,47.39177,0.6813,50,4,2,1.0,1,37,30.0,8
201700027406,2017-09-26,47.34306,0.65843,37,3,1,1.0,5,37,100.0,21
201700027408,2017-09-08,47.37404,0.66362,40,4,2,8.0,1,37,70.0,9
201700027409,2017-09-26,47.39141,0.68826,24,4,1,2.0,1,37,60.0,10
201700027410,2017-09-29,47.4239,0.68167,19,4,1,2.0,5,37,52.0,21
201700027455,2017-10-17,47.36376,0.69938,20,4,1,1.0,1,37,30.0,15
201700027472,2017-10-27,47.37363,0.67227,21,4,2,1.0,1,37,120.0,10
201700027542,2017-12-05,47.3551,0.72735,11,4,1,1.0,1,37,70.0,16
201700027613,2017-03-16,45.16028,5.71955,21,4,1,1.0,1,38,63.0,9
201700027635,2017-05-17,45.1961,5.69076,13,2,1,1.0,1,38,56.0,20
201700027638,2017-05-28,45.19912,5.6748,84,3,1,1.0,1,38,75.0,10
201700027675,2017-11-07,45.19021,5.72774,20,1,1,1.0,1,38,74.0,11
201700027732,2017-05-17,45.36109,5.58768,32,4,1,1.0,1,38,70.0,8
201700027763,2017-11-22,46.68517,5.61586,89,2,1,1.0,1,39,60.0,14
201700027914,2017-08-04,45.39893,4.33917,53,4,1,7.0,1,42,90.0,7
201700027920,2017-09-21,45.39746,4.29031,6,3,1,1.0,1,42,60.0,17
201700028027,2017-10-02,46.03004,4.07536,44,4,2,1.0,1,42,80.0,9
201700028120,2017-05-13,45.46903,4.35606,69,3,1,1.0,1,42,40.0,8
201700028161,2017-03-11,45.53151,4.62502,73,3,1,1.0,1,42,60.0,8
201700028165,2017-06-12,45.47961,4.52666,69,3,1,1.0,1,42,90.0,7
201700028219,2017-06-22,47.26704,-2.34149,52,4,1,1.0,5,44,52.0,0
201700028224,2017-08-08,47.29693,-2.36411,17,4,2,1.0,5,44,30.0,2
201700028227,2017-09-05,47.25935,-2.34064,69,3,2,1.0,1,44,10.0,12
201700028227,2017-09-05,47.25935,-2.34064,52,1,1,1.0,1,44,10.0,12
201700028229,2017-09-26,47.29107,-2.39542,73,4,2,1.0,1,44,60.0,11
201700028232,2017-10-07,47.26534,-2.34525,84,4,1,1.0,1,44,30.0,17
201700028233,2017-12-04,47.26806,-2.34219,85,3,2,7.0,1,44,42.0,10
201700028602,2017-01-31,48.00175,2.72156,44,4,1,1.0,5,45,60.0,21
201700028631,2017-05-19,47.99797,2.74052,80,4,1,1.0,1,45,50.0,9
201700028651,2017-07-20,47.99068,2.73223,19,4,1,1.0,1,45,50.0,11
201700028699,2017-01-06,47.95184,1.8915,29,4,1,1.0,1,45,70.0,13
201700028702,2017-01-23,47.84624,1.94094,50,4,2,1.0,2,45,84.0,17
201700028715,2017-04-03,47.9196,1.9183,7,4,1,1.0,1,45,30.0,11
201700028732,2017-04-19,47.91155,1.89369,40,3,2,1.0,1,45,65.0,8
201700028750,2017-05-04,47.91121,1.92959,17,4,1,1.0,5,45,50.0,22
201700028805,2017-05-23,47.90981,1.88168,27,4,2,7.0,1,45,126.0,20
201700028854,2017-06-08,47.91486,1.9007,28,4,1,1.0,1,45,140.0,16
201700028861,2017-06-14,47.89,1.83,51,4,2,1.0,1,45,76.0,7
201700028862,2017-06-16,47.92388,1.93882,35,3,2,1.0,1,45,58.0,15
201700028864,2017-06-17,47.93124,1.92535,20,3,1,1.0,1,45,55.0,17
201700028866,2017-06-19,49.92274,1.89762,19,4,1,1.0,1,45,70.0,11
201700028867,2017-06-18,47.92686,1.94012,60,4,1,7.0,1,45,70.0,19
201700028876,2017-06-27,47.94081,1.91723,15,4,1,1.0,1,45,60.0,13
201700028881,2017-07-04,47.88924,1.92971,58,4,1,1.0,1,45,40.0,8
201700028898,2017-07-19,47.91376,1.9238,79,3,1,1.0,1,45,56.0,11
201700028902,2017-07-25,47.8317,1.92892,22,4,2,1.0,1,45,30.0,19
201700028909,2017-08-01,47.91285,1.91319,23,3,2,1.0,1,45,60.0,17
201700028912,2017-08-31,47.94792,1.92142,21,4,1,8.0,1,45,35.0,16
201700028925,2017-08-26,47.91791,1.90074,30,4,1,1.0,1,45,35.0,18
201700028927,2017-08-31,47.9,1.94,25,3,2,1.0,1,45,90.0,16
201700028929,2017-09-08,47.91476,1.92364,54,4,1,1.0,1,45,57.0,9
201700028933,2017-09-12,47.908,1.90815,32,3,2,1.0,1,45,70.0,19
201700028936,2017-09-20,47.88333,1.83333,14,4,2,1.0,1,45,54.0,13
201700028955,2017-10-06,47.9,1.9,37,4,2,1.0,1,45,140.0,12
201700028958,2017-10-13,47.91,1.83,13,4,1,1.0,1,45,70.0,17
201700028964,2017-10-19,47.8364,1.93816,13,4,1,1.0,1,45,80.0,13
201700028966,2017-10-20,47.94777,1.9,53,3,2,1.0,1,45,60.0,10
201700028974,2017-10-29,47.86,1.9,51,3,2,2.0,1,45,90.0,10
201700028979,2017-11-02,47.90769,1.90646,26,4,2,1.0,5,45,157.0,18
201700028988,2017-11-10,47.91011,1.89856,56,4,2,1.0,5,45,79.0,19
201700028996,2017-11-21,47.83952,1.9429,21,3,2,8.0,1,45,70.0,9
201700029005,2017-12-02,47.88793,1.90327,17,4,1,1.0,5,45,25.0,1
201700029025,2017-12-18,47.94355,1.83419,40,4,1,1.0,5,45,150.0,18
201700029051,2017-06-24,44.44022,1.43548,60,4,2,1.0,1,46,64.0,19
201700029125,2017-06-08,44.52245,3.503,10,3,1,1.0,1,48,30.0,16
201700029142,2017-01-10,47.4747,-0.52913,62,4,1,2.0,5,49,115.0,8
201700029155,2017-01-19,47.45242,-0.55891,34,4,2,1.0,2,49,75.0,8
201700029159,2017-01-22,47.49378,-0.58666,12,4,1,1.0,1,49,130.0,15
201700029160,2017-01-22,47.48455,-0.53398,57,3,1,1.0,1,49,62.0,13
201700029163,2017-01-23,47.47266,-0.54271,43,4,1,1.0,1,49,145.0,14
201700029179,2017-02-05,47.47379,-0.58266,51,4,1,1.0,1,49,82.0,8
201700029196,2017-02-16,47.45096,-0.54945,75,1,1,1.0,1,49,130.0,13
201700029206,2017-02-26,47.45915,-0.53557,18,4,1,2.0,1,49,30.0,11
201700029208,2017-03-01,47.4784,-0.54875,46,4,2,1.0,1,49,44.0,7
201700029220,2017-03-14,47.47519,-0.5828,19,4,2,1.0,1,49,47.0,11
201700029223,2017-03-18,47.45229,-0.5561,54,3,1,1.0,2,49,60.0,7
201700029229,2017-03-23,47.47313,-0.60219,22,4,1,1.0,1,49,97.0,17
201700029230,2017-03-24,47.45166,-0.54551,50,3,2,1.0,1,49,128.0,12
201700029236,2017-03-29,47.47573,-0.59391,13,4,1,1.0,1,49,70.0,17
201700029237,2017-03-30,47.47518,-0.5482,27,4,2,1.0,1,49,109.0,11
201700029245,2017-04-05,47.46256,-0.53229,17,4,1,1.0,1,49,45.0,17
201700029245,2017-04-05,47.46256,-0.53229,16,4,1,1.0,1,49,45.0,17
201700029246,2017-04-06,47.46507,-0.54946,31,3,1,1.0,5,49,140.0,3
201700029255,2017-04-17,47.40716,-0.52561,38,3,1,1.0,1,49,110.0,16
201700029265,2017-05-02,47.47304,-0.57722,43,4,1,1.0,1,49,178.0,18
201700029273,2017-05-09,47.47414,-0.56764,19,4,1,1.0,1,49,70.0,16
201700029274,2017-05-09,47.46952,-0.59934,20,4,2,1.0,1,49,65.0,19
201700029275,2017-05-10,47.43754,-0.51253,12,4,1,1.0,1,49,99.0,7
201700029276,2017-05-11,47.46643,-0.55293,35,1,1,1.0,1,49,43.0,18
201700029277,2017-05-15,47.47363,-0.559,19,4,1,1.0,1,49,40.0,10
201700029280,2017-05-16,47.46612,-0.5524,20,3,2,1.0,1,49,95.0,13
201700029283,2017-05-19,47.46504,-0.54541,53,4,2,1.0,1,49,56.0,7
201700029285,2017-05-22,47.50059,-0.59009,35,4,1,1.0,1,49,84.0,14
201700029289,2017-05-24,47.45969,-0.52956,53,3,2,1.0,1,49,50.0,8
201700029303,2017-06-02,47.48758,-0.53764,42,4,1,1.0,5,49,129.0,22
201700029310,2017-06-10,47.47486,-0.5341,55,3,2,1.0,1,49,30.0,20
201700029311,2017-06-09,47.4539,-0.52555,78,3,1,1.0,1,49,20.0,16
201700029315,2017-06-13,47.47881,-0.54831,25,4,2,1.0,1,49,43.0,16
201700029320,2017-06-12,47.47641,-0.56643,25,4,2,1.0,1,49,79.0,17
201700029321,2017-06-14,47.44775,-0.50892,31,3,2,1.0,1,49,74.0,13
201700029322,2017-06-15,47.44885,-0.57332,54,4,1,1.0,1,49,70.0,9
201700029324,2017-06-16,47.43466,-0.53288,47,4,2,1.0,1,49,43.0,8
201700029325,2017-06-17,47.46558,-0.55188,82,3,2,1.0,1,49,67.0,9
201700029327,2017-06-19,47.44341,-0.48834,83,4,1,1.0,1,49,69.0,16
201700029329,2017-06-20,47.46869,-0.54987,54,4,2,2.0,1,49,70.0,18
201700029343,2017-06-29,47.47327,-0.55499,33,4,2,1.0,1,49,50.0,13
201700029349,2017-07-04,47.46305,-0.61557,10,4,1,1.0,1,49,70.0,9
201700029356,2017-07-13,47.45475,-0.5536,60,4,1,1.0,1,49,53.0,13
201700029358,2017-07-16,47.47218,-0.55702,34,4,1,1.0,5,49,30.0,1
201700029362,2017-07-18,47.46362,-0.5553,51,4,2,1.0,1,49,20.0,8
201700029370,2017-07-23,47.47303,-0.57752,40,3,2,1.0,1,49,70.0,14
201700029382,2017-08-09,47.46285,-0.55509,29,1,1,2.0,1,49,63.0,18
201700029393,2017-08-20,47.47793,-0.54612,17,4,1,1.0,1,49,80.0,15
201700029399,2017-08-26,47.45694,-0.52332,77,4,1,1.0,1,49,64.0,10
201700029402,2017-08-31,47.48192,-0.5669,43,4,2,1.0,1,49,70.0,19
201700029408,2017-09-05,47.47317,-0.57773,23,4,1,1.0,1,49,60.0,19
201700029410,2017-09-02,47.48421,-0.51815,24,4,1,1.0,1,49,191.0,9
201700029411,2017-09-09,47.45403,-0.55345,55,4,1,1.0,1,49,80.0,9
201700029413,2017-09-11,47.44081,-0.49854,15,4,1,1.0,1,49,60.0,17
201700029416,2017-09-13,47.47195,-0.56688,51,4,2,2.0,1,49,110.0,19
201700029432,2017-09-24,47.46512,-0.49432,30,4,2,1.0,1,49,49.0,15
201700029438,2017-09-30,47.47028,-0.55368,43,4,1,1.0,1,49,67.0,17
201700029439,2017-10-03,47.43874,-0.53218,11,4,2,1.0,1,49,32.0,17
201700029451,2017-10-10,47.44906,-0.54424,18,4,2,1.0,1,49,70.0,9
201700029453,2017-10-12,47.46954,-0.60208,65,4,2,1.0,1,49,60.0,12
201700029458,2017-10-20,47.50765,-0.59049,19,4,1,1.0,5,49,70.0,6
201700029463,2017-10-18,47.4733,-0.53015,19,4,1,1.0,2,49,90.0,8
201700029464,2017-10-17,47.48145,-0.53007,22,4,1,1.0,1,49,15.0,9
201700029474,2017-10-24,47.44824,-0.53858,50,3,1,1.0,5,49,45.0,19
201700029495,2017-11-16,47.4636,-0.52985,45,4,2,1.0,4,49,65.0,18
201700029524,2017-12-04,47.45374,-0.52675,57,3,2,1.0,1,49,50.0,10
201700029546,2017-12-21,47.47702,-0.54806,41,4,1,1.0,1,49,60.0,8
201700029558,2017-02-08,47.03542,-0.88479,22,3,1,1.0,1,49,70.0,16
201700029573,2017-05-31,47.0509,-0.88758,71,3,1,1.0,1,49,104.0,10
201700029579,2017-07-04,47.05548,-0.85939,65,3,1,1.0,1,49,80.0,14
201700029581,2017-07-08,47.05084,-0.85013,44,3,1,1.0,1,49,104.0,11
201700029587,2017-09-05,47.07128,-0.84898,63,3,1,8.0,1,49,43.0,16
201700029638,2017-01-19,49.63938,-1.63324,56,4,1,1.0,1,50,35.0,13
201700029717,2017-08-08,49.63157,1.60414,15,4,1,1.0,1,50,31.0,18
201700029738,2017-10-04,49.66093,-1.69452,9,4,1,1.0,1,50,50.0,18
201700029782,2017-04-11,49.04632,-1.42551,38,2,2,7.0,1,50,70.0,8
201700029813,2017-05-27,48.8316,1.5832,62,3,2,1.0,1,50,69.0,11
201700029851,2017-04-12,49.11363,-1.08558,67,4,1,1.0,1,50,70.0,14
201700029901,2017-01-03,49.24306,4.04394,40,4,1,8.0,2,51,94.0,17
201700029913,2017-01-19,49.25211,4.02513,39,4,1,1.0,1,51,44.0,14
201700029933,2017-02-22,49.25203,4.04309,29,4,1,1.0,1,51,70.0,17
201700029967,2017-04-11,49.27522,4.01828,55,4,1,1.0,1,51,60.0,18
201700030050,2017-07-17,49.23891,4.02069,45,4,1,1.0,2,51,30.0,21
201700030056,2017-08-09,49.25793,4.02484,29,4,1,8.0,1,51,90.0,13
201700030076,2017-09-09,49.26495,4.03944,11,4,1,2.0,1,51,90.0,12
201700030083,2017-09-14,49.2341,4.00723,36,3,1,8.0,1,51,40.0,13
201700030091,2017-09-25,49.2253,4.0095,11,4,1,1.0,5,51,70.0,20
201700030098,2017-10-03,49.25534,4.04614,17,3,1,1.0,1,51,120.0,7
201700030110,2017-10-16,49.22579,4.02688,23,3,1,1.0,1,51,30.0,9
201700030110,2017-10-16,49.22579,4.02688,57,4,1,1.0,1,51,30.0,9
201700030117,2017-10-29,49.25766,4.02622,23,4,1,1.0,5,51,60.0,21
201700030124,2017-11-07,49.25229,4.03211,20,4,1,1.0,5,51,70.0,22
201700030125,2017-11-09,49.24327,4.04441,32,4,2,1.0,1,51,90.0,11
201700030139,2017-11-21,49.2674,4.0175,48,4,2,1.0,1,51,80.0,8
201700030179,2017-01-30,48.09897,5.13478,18,4,1,8.0,1,52,70.0,17
201700030248,2017-10-16,49.21278,5.92175,51,3,1,1.0,1,54,74.0,16
201700030267,2017-07-03,49.49806,5.7522,46,4,1,1.0,1,54,40.0,18
201700030273,2017-11-28,49.50971,5.71311,40,4,1,8.0,3,54,100.0,17
201700031006,2017-09-29,43.93303,3.71042,14,4,1,1.0,1,34,55.0,13
201700031047,2017-06-04,47.64622,-2.78018,47,3,1,1.0,1,56,98.0,10
201700031069,2017-12-19,47.6487,-2.75468,25,3,2,1.0,1,56,55.0,11
201700031101,2017-07-14,44.50332,-0.05213,71,2,1,1.0,1,33,48.0,9
201700031112,2017-02-14,44.63493,-0.30851,62,3,1,1.0,1,33,110.0,14
201700031117,2017-04-11,43.64847,-1.44393,17,3,1,1.0,1,40,10.0,18
201700031120,2017-09-08,43.66927,-1.43949,57,3,2,1.0,1,40,15.0,11
201700031122,2017-11-22,43.64075,-1.42721,35,3,1,7.0,1,40,715.0,9
201700031155,2017-01-11,49.13018,6.21085,12,4,1,2.0,2,57,60.0,16
201700031156,2017-01-12,49.11922,6.18409,45,4,1,1.0,2,57,63.0,16
201700031160,2017-01-28,49.11186,6.17114,15,4,1,1.0,5,57,110.0,17
201700031177,2017-03-27,49.10072,6.18854,18,4,1,1.0,1,57,80.0,10
201700031219,2017-08-07,49.07232,6.13955,15,4,1,1.0,1,57,116.0,19
201700031230,2017-09-24,49.10369,6.15215,41,1,1,1.0,1,57,50.0,18
201700031233,2017-10-03,49.10687,6.1719,29,3,2,1.0,1,57,110.0,9
201700031237,2017-10-20,49.07895,6.18917,19,4,1,2.0,5,57,68.0,7
201700031240,2017-11-15,49.10867,6.18005,10,4,1,1.0,1,57,107.0,15
201700031242,2017-11-21,49.13058,6.15831,61,4,1,2.0,5,57,70.0,7
201700031266,2017-10-19,48.7427,7.05233,28,1,1,1.0,5,57,52.0,5
201700031268,2017-03-27,49.12352,7.10573,26,4,1,1.0,1,57,70.0,18
201700031270,2017-06-16,49.11856,7.074,15,4,1,1.0,1,57,71.0,12
201700031285,2017-04-17,49.34919,6.20352,46,3,1,1.0,1,57,62.0,17
201700031288,2017-05-09,49.35666,6.14299,34,4,1,1.0,1,57,140.0,17
201700031289,2017-05-10,49.31492,6.0573,65,3,1,1.0,1,57,108.0,14
201700031294,2017-05-24,49.35309,6.17479,49,4,1,1.0,1,57,70.0,19
201700031295,2017-05-26,49.35223,6.13857,47,3,2,1.0,1,57,84.0,9
201700031296,2017-05-26,49.32213,6.11406,83,2,1,1.0,1,57,77.0,17
201700031304,2017-07-04,49.34388,6.11547,62,2,1,1.0,1,57,70.0,11
201700031306,2017-07-16,49.36452,6.17218,22,3,2,1.0,1,57,60.0,19
201700031317,2017-08-29,49.31872,6.10234,72,3,1,1.0,1,57,120.0,16
201700031325,2017-10-12,49.35271,6.19922,46,3,1,1.0,1,57,75.0,12
201700031326,2017-10-13,49.31878,6.10245,16,4,1,1.0,1,57,102.0,17
201700031329,2017-10-20,49.3523,6.16058,55,3,1,1.0,1,57,78.0,15
201700031336,2017-11-24,49.3664,6.1574,21,4,2,2.0,5,57,82.0,18
201700031342,2017-12-22,49.35845,6.13094,64,4,1,1.0,1,57,88.0,15
201700031355,2017-08-15,41.74982,9.17061,58,2,1,1.0,1,2A,78.0,9
201700031360,2017-02-21,45.02408,-0.15053,73,2,1,1.0,2,33,210.0,7
201700031363,2017-06-16,45.05027,-0.11741,25,2,2,1.0,2,33,60.0,21
201700031383,2017-01-10,46.98,3.15,55,4,1,1.0,2,58,60.0,17
201700031419,2017-06-08,46.99146,3.15614,60,4,1,1.0,1,58,60.0,10
201700031423,2017-06-28,46.98,3.16,14,4,2,1.0,1,58,60.0,16
201700031428,2017-06-30,46.99995,3.15543,54,4,2,2.0,1,58,60.0,8
201700031430,2017-07-24,46.9861,3.1495,17,3,1,1.0,5,58,62.0,5
201700031439,2017-08-08,46.9893,3.15042,55,1,1,1.0,1,58,60.0,16
201700031456,2017-10-28,46.98576,3.15276,46,4,1,1.0,1,58,64.0,12
201700031458,2017-11-02,46.99,3.16,67,4,1,1.0,1,58,60.0,13
201700031463,2017-11-24,46.99,3.16,56,3,1,1.0,1,58,40.0,10
201700031466,2017-12-04,46.98,3.15,14,4,1,1.0,1,58,60.0,12
201700031576,2017-06-25,50.32145,3.38051,15,3,1,1.0,1,59,67.0,17
201700031591,2017-12-08,50.3701,3.27925,23,4,2,9.0,2,59,100.0,8
201700031599,2017-02-05,50.4192,3.10536,77,3,1,2.0,1,59,60.0,11
201700031624,2017-06-14,50.41562,3.1073,75,3,1,1.0,1,59,200.0,11
201700031630,2017-07-27,50.34368,3.10525,14,3,2,1.0,1,59,50.0,19
201700031636,2017-09-13,50.33663,3.209,14,4,1,1.0,1,59,50.0,12
201700031644,2017-10-13,50.39217,3.1078,28,3,1,1.0,1,59,140.0,13
201700031705,2017-01-02,50.64105,3.06788,44,1,1,1.0,5,59,30.0,19
201700031777,2017-07-12,50.63695,3.07265,54,4,1,1.0,1,59,50.0,20
201700031780,2017-07-11,50.61793,3.10403,26,3,1,1.0,1,59,50.0,18
201700031802,2017-09-23,50.53741,3.05125,16,1,1,1.0,5,59,60.0,0
201700031802,2017-09-23,50.53741,3.05125,16,3,1,1.0,5,59,60.0,0
201700031829,2017-10-03,50.61785,3.103,33,4,2,1.0,1,59,10.0,9
201700031926,2017-05-15,50.70986,3.19308,19,3,2,1.0,1,59,80.0,17
201700031947,2017-06-29,50.69296,3.18873,60,3,1,1.0,1,59,30.0,14
201700031963,2017-08-16,50.69297,3.19739,13,3,2,1.0,1,59,60.0,14
201700032007,2017-12-14,50.7083,3.19547,26,3,1,2.0,1,59,60.0,16
201700032199,2017-07-22,47.91428,7.20904,29,4,1,1.0,1,68,70.0,16
201700032217,2017-05-26,47.90241,7.28594,17,3,1,1.0,1,68,70.0,14
201700032228,2017-10-14,47.8519,7.28367,61,4,1,1.0,1,68,50.0,15
201700032232,2017-11-22,47.88405,7.19514,13,3,1,1.0,1,68,10.0,15
201700032254,2017-06-17,47.34209,1.74907,87,3,1,1.0,1,41,10.0,10
201700032259,2017-09-26,47.48499,1.64595,65,2,1,1.0,1,41,52.0,16
201700032325,2017-11-21,48.48689,-2.19554,62,4,1,1.0,1,22,60.0,15
201700032356,2017-08-18,49.42438,2.81559,19,3,1,1.0,1,60,54.0,14
201700032396,2017-04-05,44.02641,5.05022,31,3,2,1.0,1,84,61.0,9
201700032445,2017-02-03,48.74882,-0.01279,17,3,1,2.0,5,61,93.0,18
201700032454,2017-09-29,48.74222,-0.02522,74,3,2,2.0,2,61,60.0,19
201700032461,2017-01-11,45.59645,-0.05442,86,3,1,1.0,1,16,54.0,9
201700032479,2017-08-18,46.10704,-1.11581,20,4,1,1.0,1,17,30.0,18
201700032479,2017-08-18,46.10704,-1.11581,77,2,2,1.0,1,17,30.0,18
201700032491,2017-09-03,49.38911,2.32848,50,3,1,1.0,1,60,18.0,10
201700032520,2017-04-16,50.58471,2.4774,64,3,1,1.0,1,62,58.0,10
201700032542,2017-11-22,50.40372,1.59613,59,4,2,1.0,1,62,87.0,15
201700032554,2017-06-12,50.50524,2.80855,61,1,1,1.0,1,62,77.0,10
201700032590,2017-01-18,50.46789,2.54783,13,3,1,1.0,1,62,43.0,15
201700032604,2017-10-10,50.21066,2.74877,19,3,1,1.0,1,62,70.0,13
201700032650,2017-12-23,50.94557,1.83775,25,3,1,1.0,5,62,70.0,4
201700032686,2017-03-09,50.44506,2.90708,72,4,2,1.0,1,62,70.0,17
201700032705,2017-04-24,50.41492,2.84349,82,3,1,1.0,1,62,50.0,18
201700032713,2017-04-14,50.41844,2.77897,16,4,1,1.0,1,62,74.0,17
201700032724,2017-06-27,50.48816,2.99135,43,4,1,1.0,1,62,95.0,13
201700032742,2017-05-17,50.41651,2.77227,23,4,1,1.0,2,62,80.0,21
201700032750,2017-07-04,50.45523,2.80253,16,4,1,1.0,1,62,49.0,19
201700032750,2017-07-04,50.45523,2.80253,12,3,1,1.0,1,62,49.0,19
201700032751,2017-07-07,50.42622,2.72118,10,4,2,1.0,1,62,79.0,14
201700032890,2017-02-06,43.4937,-1.5209,59,3,1,2.0,3,64,100.0,20
201700032895,2017-02-16,43.5037,-1.5039,78,4,2,1.0,1,64,100.0,16
201700032900,2017-03-18,43.49528,-1.47844,58,3,1,1.0,1,64,120.0,17
201700032905,2017-03-31,43.48428,-1.46631,33,3,1,1.0,5,64,120.0,6
201700032920,2017-05-03,43.47763,-1.52398,68,3,1,1.0,1,64,80.0,14
201700032947,2017-08-09,43.48031,-1.51772,37,4,1,1.0,5,64,80.0,2
201700032950,2017-08-18,43.52044,-1.50238,57,3,2,1.0,1,64,80.0,11
201700032984,2017-11-20,43.4662,-1.49516,62,3,2,1.0,1,64,150.0,13
201700033043,2017-08-18,43.46114,-1.54933,20,4,1,8.0,1,64,80.0,19
201700033053,2017-10-07,43.45923,-1.57206,68,3,1,1.0,1,64,74.0,17
201700033073,2017-01-09,43.31128,-0.36348,45,4,2,1.0,1,64,61.0,11
201700033078,2017-01-17,43.31917,-0.3601,19,4,1,1.0,1,64,81.0,10
201700033084,2017-01-25,43.29248,-0.3636,57,4,1,1.0,5,64,202.0,18
201700033095,2017-02-04,43.30605,-0.35673,45,3,2,2.0,5,64,80.0,20
201700033100,2017-02-10,43.31089,-0.34933,21,4,1,1.0,5,64,100.0,19
201700033111,2017-02-21,43.3197,-0.38551,60,3,1,1.0,1,64,40.0,16
201700033136,2017-03-23,43.30753,-0.36436,55,4,1,1.0,1,64,70.0,8
201700033139,2017-03-24,43.31178,-0.37544,15,4,1,1.0,5,64,70.0,21
201700033144,2017-03-28,43.29194,-0.37765,49,4,1,1.0,2,64,70.0,19
201700033147,2017-04-05,43.34831,-0.44157,68,3,1,1.0,1,64,40.0,17
201700033156,2017-04-20,43.31251,-0.3043,76,3,1,1.0,1,64,72.0,17
201700033170,2017-05-05,43.31108,-0.35161,22,2,2,1.0,1,64,55.0,7
201700033176,2017-05-14,43.30139,-0.37342,19,4,1,1.0,1,64,50.0,8
201700033177,2017-05-15,43.29774,-0.38822,31,4,2,1.0,1,64,54.0,18
201700033181,2017-05-17,43.30219,-0.35969,53,4,2,1.0,1,64,60.0,17
201700033193,2017-05-27,43.31318,-0.36256,17,1,1,1.0,2,64,50.0,21
201700033196,2017-06-05,43.35519,-0.41978,42,3,1,1.0,1,64,36.0,13
201700033202,2017-06-15,43.3028,-0.36193,35,1,1,1.0,1,64,87.0,17
201700033202,2017-06-15,43.3028,-0.36193,25,4,2,1.0,1,64,87.0,17
201700033206,2017-06-22,43.32094,-0.35902,17,4,1,1.0,1,64,99.0,16
201700033233,2017-08-02,43.30304,-0.36874,56,4,2,1.0,1,64,81.0,14
201700033243,2017-08-25,43.30041,-0.31117,36,4,1,1.0,1,64,33.0,9
201700033246,2017-09-04,43.30699,-0.40516,35,4,1,1.0,1,64,104.0,14
201700033280,2017-10-04,43.3038,-0.34612,59,4,1,1.0,1,64,75.0,12
201700033286,2017-10-06,43.31365,-0.41738,35,3,1,1.0,5,64,120.0,7
201700033289,2017-10-11,43.29871,-0.36821,18,4,2,1.0,1,64,60.0,11
201700033294,2017-10-17,43.30754,-0.36439,28,4,2,1.0,1,64,60.0,8
201700033299,2017-10-20,43.303,-0.35217,51,4,2,1.0,5,64,91.0,19
201700033301,2017-10-26,43.28734,-0.35129,10,4,1,1.0,1,64,70.0,17
201700033337,2017-11-29,43.30371,-0.37094,48,4,1,2.0,1,64,60.0,9
201700033362,2017-12-18,43.30713,-0.39885,22,4,1,2.0,5,64,125.0,18
201700033551,2017-12-25,43.2496,0.07282,85,3,1,1.0,1,65,80.0,10
201700033582,2017-02-13,42.69645,2.92312,9,4,1,3.0,1,66,80.0,15
201700033633,2017-07-04,42.69774,2.88552,82,4,1,1.0,1,66,50.0,11
201700033651,2017-08-16,42.68111,2.89388,19,4,2,1.0,1,66,100.0,18
201700033738,2017-06-15,48.82198,7.41367,69,3,1,1.0,1,67,41.0,10
201700033741,2017-10-20,48.84517,7.61603,17,3,1,1.0,5,67,77.0,21
201700033778,2017-02-08,45.80271,-0.80594,64,3,1,1.0,1,17,62.0,16
201700033807,2017-05-23,48.5866,4.87812,56,2,1,1.0,3,52,15.0,23
201700033863,2017-05-26,48.81063,7.78175,46,4,1,1.0,1,67,59.0,12
201700033870,2017-07-04,48.81061,7.78167,45,4,2,1.0,1,67,96.0,10
201700033890,2017-11-15,48.81827,7.79171,58,3,1,1.0,5,67,54.0,17
201700033895,2017-11-30,48.82862,7.7566,17,4,1,2.0,2,67,52.0,15
201700033902,2017-06-30,46.85769,0.53798,71,3,1,1.0,1,86,510.0,15
201700033932,2017-11-26,45.43868,4.78375,59,3,1,1.0,1,38,40.0,12
201700033948,2017-03-30,45.20375,0.61056,39,4,1,7.0,1,24,10.0,15
201700033967,2017-09-23,48.2762,7.46316,82,3,1,1.0,1,67,99.0,10
201700033972,2017-01-02,48.57779,7.7507,84,4,1,1.0,5,67,88.0,18
201700033981,2017-01-20,48.58647,7.7586,30,3,1,1.0,1,67,28.0,9
201700033986,2017-01-27,48.60983,7.75184,8,4,2,1.0,1,67,60.0,8
201700033989,2017-01-30,48.58274,7.75102,21,4,2,2.0,1,67,55.0,12
201700033995,2017-02-09,48.60041,7.78042,21,4,2,1.0,1,67,30.0,15
201700034009,2017-03-02,48.58049,7.72763,32,4,2,1.0,1,67,55.0,9
201700034009,2017-03-02,48.58049,7.72763,46,1,1,1.0,1,67,55.0,9
201700034011,2017-03-02,48.59025,7.78209,54,4,1,1.0,1,67,25.0,17
201700034011,2017-03-02,48.59025,7.78209,32,1,1,1.0,1,67,25.0,17
201700034014,2017-03-05,48.56636,7.72068,31,4,1,2.0,5,67,107.0,20
201700034016,2017-03-07,48.57146,7.75068,65,4,1,2.0,1,67,120.0,11
201700034024,2017-03-14,48.58317,7.69769,17,4,1,1.0,1,67,20.0,11
201700034028,2017-03-17,48.6064,7.74835,20,4,1,1.0,1,67,40.0,12
201700034031,2017-03-22,48.56674,7.75832,12,4,2,2.0,1,67,44.0,7
201700034034,2017-03-27,48.58595,7.71402,46,4,1,1.0,1,67,75.0,13
201700034037,2017-03-28,48.57723,7.73159,67,4,1,1.0,1,67,80.0,11
201700034038,2017-03-28,48.57861,7.7717,12,4,1,1.0,1,67,55.0,13
201700034044,2017-03-31,48.58295,7.74035,27,3,2,1.0,1,67,72.0,13
201700034045,2017-03-31,48.58263,7.75203,44,4,2,1.0,1,67,80.0,15
201700034049,2017-04-03,48.53723,7.72743,44,4,1,1.0,1,67,63.0,7
201700034053,2017-04-06,48.56763,7.75798,59,4,2,1.0,1,67,64.0,14
201700034055,2017-04-07,48.59001,7.74007,35,4,1,1.0,1,67,50.0,8
201700034061,2017-04-10,48.61556,7.7322,5,4,2,1.0,1,67,72.0,18
201700034070,2017-04-21,48.56958,7.73463,34,1,1,1.0,1,67,60.0,6
201700034070,2017-04-21,48.56958,7.73463,54,4,1,1.0,1,67,60.0,6
201700034086,2017-05-09,48.57102,7.764,17,4,2,1.0,1,67,146.0,17
201700034092,2017-05-15,48.59658,7.75927,16,3,2,1.0,1,67,220.0,16
201700034094,2017-05-15,48.60762,7.72161,42,3,1,1.0,1,67,92.0,20
201700034101,2017-05-23,48.5842,7.69303,14,4,1,1.0,1,67,70.0,14
201700034105,2017-05-26,48.58183,7.7035,7,4,1,1.0,1,67,90.0,13
201700034109,2017-05-28,48.60726,7.72951,6,4,1,1.0,1,67,40.0,19
201700034111,2017-05-29,48.60268,7.73819,24,4,2,1.0,1,67,100.0,13
201700034114,2017-05-30,48.58987,7.76454,22,4,1,1.0,1,67,50.0,11
201700034117,2017-06-02,48.5642,7.76903,8,4,1,1.0,1,67,240.0,20
201700034122,2017-06-06,48.58222,7.76728,19,1,1,1.0,1,67,35.0,17
201700034127,2017-06-12,48.58608,7.76289,26,4,2,1.0,1,67,92.0,14
201700034131,2017-06-15,48.58187,7.75885,16,4,1,1.0,1,67,61.0,12
201700034141,2017-06-24,48.5603,7.78436,8,4,1,1.0,5,67,40.0,23
201700034144,2017-06-27,48.56868,7.77721,45,4,1,1.0,2,67,40.0,21
201700034144,2017-06-27,48.56868,7.77721,36,4,1,1.0,2,67,40.0,21
201700034151,2017-07-03,48.58701,7.75445,16,1,1,1.0,1,67,50.0,15
201700034153,2017-07-05,48.57023,7.75087,57,4,1,1.0,1,67,80.0,13
201700034154,2017-07-06,48.5795,7.73091,20,4,2,1.0,1,67,110.0,9
201700034158,2017-07-08,48.58145,7.73743,29,4,1,1.0,1,67,730.0,10
201700034158,2017-07-08,48.58145,7.73743,54,4,2,1.0,1,67,730.0,10
201700034159,2017-07-08,48.57238,7.76284,51,4,1,1.0,1,67,67.0,13
201700034162,2017-07-09,48.58438,7.6929,8,4,1,2.0,1,67,61.0,19
201700034166,2017-07-11,48.5481,7.74113,46,4,2,1.0,1,67,50.0,19
201700034167,2017-07-13,48.60833,7.77917,50,4,2,1.0,1,67,50.0,11
201700034168,2017-07-17,48.57841,7.78296,42,4,1,2.0,5,67,75.0,0
201700034170,2017-07-16,48.5753,7.75797,21,1,1,1.0,1,67,50.0,19
201700034171,2017-07-16,48.58557,7.73605,44,4,1,1.0,1,67,100.0,20
201700034172,2017-07-18,48.58472,7.77359,21,4,2,1.0,1,67,135.0,9
201700034174,2017-07-19,48.57847,7.70846,35,3,2,1.0,2,67,50.0,21
201700034182,2017-07-27,48.57368,7.71855,28,3,1,1.0,1,67,40.0,9
201700034184,2017-07-30,48.58102,7.74909,23,1,2,1.0,1,67,35.0,18
201700034191,2017-08-06,48.57211,7.75587,76,3,1,1.0,1,67,120.0,10
201700034195,2017-08-09,48.54894,7.76897,35,4,1,1.0,1,67,60.0,19
201700034200,2017-08-13,48.57877,7.74502,61,4,2,1.0,1,67,60.0,18
201700034201,2017-08-14,48.58138,7.76896,25,1,1,1.0,1,67,52.0,14
201700034203,2017-08-16,48.59497,7.71845,13,4,1,1.0,1,67,57.0,11
201700034209,2017-08-24,48.62402,7.76344,25,4,1,1.0,1,67,70.0,15
201700034214,2017-08-29,48.56369,7.7681,49,4,2,1.0,1,67,90.0,18
201700034218,2017-09-01,48.61123,7.778,38,4,2,1.0,1,67,70.0,11
201700034221,2017-09-04,48.58305,7.74804,80,4,1,1.0,1,67,58.0,10
201700034223,2017-09-05,48.54974,7.71006,11,4,1,1.0,1,67,60.0,17
201700034232,2017-09-15,48.5022,7.73835,14,3,1,3.0,1,67,87.0,14
201700034236,2017-09-17,48.5465,7.76819,13,4,1,2.0,1,67,100.0,16
201700034237,2017-09-17,48.60039,7.79131,40,3,1,1.0,5,67,78.0,19
201700034239,2017-09-19,48.58542,7.77847,12,4,1,1.0,1,67,50.0,17
201700034240,2017-09-19,48.60997,7.74349,20,4,1,2.0,1,67,60.0,18
201700034247,2017-09-22,48.55502,7.7541,13,4,1,1.0,1,67,70.0,12
201700034252,2017-09-26,48.59226,7.74393,37,4,1,1.0,1,67,150.0,8
201700034254,2017-09-26,48.5677,7.76481,15,4,1,1.0,1,67,80.0,17
201700034255,2017-09-27,48.58205,7.74093,13,4,1,1.0,1,67,108.0,8
201700034259,2017-09-27,48.6097,7.75509,15,3,2,1.0,1,67,77.0,19
201700034260,2017-09-27,48.53503,7.70705,15,3,1,1.0,4,67,60.0,19
201700034267,2017-10-02,48.58674,7.76141,14,4,1,1.0,1,67,100.0,18
201700034280,2017-10-11,48.58489,7.73655,52,4,2,1.0,1,67,550.0,7
201700034283,2017-10-12,48.60053,7.78107,22,4,1,1.0,5,67,70.0,21
201700034287,2017-10-16,48.60902,7.76638,63,4,2,1.0,1,67,60.0,8
201700034288,2017-10-18,48.627,7.75772,66,4,1,1.0,1,67,70.0,10
201700034290,2017-10-19,48.59709,7.72666,63,4,1,1.0,5,67,50.0,19
201700034291,2017-10-20,48.60399,7.73771,16,4,1,1.0,1,67,110.0,8
201700034292,2017-10-21,48.5645,7.75872,50,4,1,1.0,1,67,55.0,11
201700034298,2017-10-25,48.58683,7.76134,22,4,2,1.0,1,67,120.0,8
201700034303,2017-11-05,48.58659,7.71598,29,3,2,2.0,5,67,61.0,19
201700034306,2017-11-09,48.57988,7.71568,34,4,2,1.0,1,67,76.0,14
201700034308,2017-11-14,48.54902,7.74127,23,1,1,1.0,1,67,150.0,13
201700034315,2017-11-21,48.57416,7.77146,20,4,1,2.0,1,67,102.0,8
201700034316,2017-11-23,48.57116,7.77221,38,4,2,1.0,1,67,60.0,15
201700034322,2017-11-27,48.58099,7.77045,26,4,1,1.0,5,67,62.0,18
201700034324,2017-11-30,48.59151,7.76412,36,4,1,2.0,2,67,110.0,16
201700034325,2017-12-01,48.58417,7.69295,16,4,1,8.0,1,67,75.0,16
201700034330,2017-12-05,48.59283,7.70927,31,4,1,1.0,5,67,60.0,18
201700034331,2017-12-06,48.57073,7.76972,45,4,1,1.0,1,67,50.0,7
201700034336,2017-12-14,48.61846,7.75602,56,4,1,2.0,5,67,70.0,18
201700034338,2017-12-18,48.57621,7.75418,24,4,2,4.0,1,67,40.0,11
201700034341,2017-12-20,48.58138,7.76275,17,4,1,2.0,5,67,60.0,7
201700034343,2017-12-20,48.58741,7.77022,47,4,2,1.0,1,67,110.0,13
201700034346,2017-12-21,48.60036,7.7539,57,3,2,2.0,5,67,100.0,17
201700034349,2017-12-27,48.57866,7.72827,33,4,1,2.0,5,67,60.0,19
201700034388,2017-09-15,48.60136,2.44118,15,3,1,1.0,1,91,15.0,18
201700034389,2017-10-05,48.61525,2.38162,62,3,1,2.0,1,91,20.0,18
201700034405,2017-10-04,50.64999,2.14403,71,3,1,1.0,1,62,10.0,11
201700034409,2017-01-17,48.06945,7.36513,19,3,2,1.0,1,68,170.0,16
201700034415,2017-09-16,48.07784,7.33248,35,4,1,1.0,1,68,110.0,16
201700034422,2017-10-13,48.09238,7.34885,16,4,1,1.0,1,68,140.0,8
201700034423,2017-10-09,48.08468,7.36192,77,3,1,1.0,1,68,155.0,14
201700034426,2017-10-06,48.0747,7.34427,38,4,2,1.0,1,68,83.0,10
201700034427,2017-11-14,48.07085,7.35142,16,3,1,1.0,1,68,110.0,15
201700034448,2017-03-17,47.5299,7.33167,55,3,2,1.0,1,68,30.0,7
201700034453,2017-04-07,47.73,7.33,17,3,1,1.0,5,68,7.0,20
201700034454,2017-06-07,47.76449,7.32404,18,3,1,2.0,5,68,120.0,3
201700034457,2017-05-10,47.74815,7.33333,56,3,1,1.0,1,68,106.0,17
201700034465,2017-06-24,47.74711,7.32768,71,3,2,1.0,1,68,74.0,9
201700034469,2017-07-15,47.75,7.32,33,4,1,1.0,5,68,75.0,23
201700034472,2017-08-01,47.75509,7.34474,63,3,1,1.0,1,68,110.0,14
201700034476,2017-08-27,47.77318,7.33391,6,3,1,1.0,1,68,114.0,16
201700034477,2017-09-03,47.75297,7.35564,33,3,1,1.0,1,68,95.0,16
201700034486,2017-11-07,47.74358,7.32418,12,1,1,1.0,1,68,100.0,16
201700034486,2017-11-07,47.74358,7.32418,13,1,1,1.0,1,68,100.0,16
201700034494,2017-03-08,47.58113,7.55354,96,3,1,1.0,1,68,114.0,17
201700034498,2017-08-30,47.60056,7.58424,60,4,2,1.0,1,68,95.0,18
201700034501,2017-10-21,47.58877,7.56098,41,3,1,8.0,1,68,100.0,17
201700034508,2017-06-12,47.80304,7.33709,47,1,1,1.0,1,68,98.0,14
201700034515,2017-09-29,47.7854,7.31665,29,3,1,1.0,1,68,165.0,7
201700034516,2017-10-11,47.7994,7.33651,49,3,2,1.0,1,68,120.0,7
201700034517,2017-11-07,47.78585,7.32774,11,3,2,2.0,4,68,60.0,17
201700034537,2017-06-10,45.92622,4.95128,49,3,1,1.0,1,01,15.0,17
201700034613,2017-07-16,45.98885,4.72407,8,3,1,1.0,1,69,30.0,19
201700034645,2017-12-31,45.76769,5.00211,34,4,1,8.0,5,69,85.0,17
201700034660,2017-02-17,45.78122,4.92905,80,4,1,1.0,1,69,82.0,16
201700034671,2017-03-01,45.73361,4.90868,21,4,1,1.0,1,69,30.0,10
201700034712,2017-04-24,45.75499,4.88593,33,4,2,1.0,1,69,20.0,18
201700034713,2017-05-07,45.78402,5.00126,11,4,1,1.0,1,69,71.0,11
201700034730,2017-05-27,45.73439,4.89702,27,4,1,1.0,1,69,58.0,20
201700034731,2017-05-27,45.76666,4.89742,33,4,1,1.0,5,69,100.0,23
201700034757,2017-06-22,45.7573,4.90304,54,4,1,1.0,1,69,50.0,18
201700034764,2017-07-02,45.76198,4.99109,10,4,1,1.0,1,69,55.0,15
201700034764,2017-07-02,45.76198,4.99109,7,4,1,1.0,1,69,55.0,15
201700034766,2017-07-04,45.759,4.885,16,4,1,1.0,1,69,78.0,12
201700034795,2017-08-03,45.78029,4.883,20,4,2,3.0,1,69,60.0,17
201700034797,2017-08-04,45.75687,4.89973,46,4,1,1.0,2,69,80.0,21
201700034799,2017-08-05,45.769,4.872,43,1,1,1.0,1,69,36.0,13
201700034809,2017-08-16,45.77134,4.90844,46,3,1,1.0,1,69,59.0,11
201700034814,2017-08-19,45.72977,4.91675,74,3,2,1.0,1,69,60.0,9
201700034830,2017-09-14,45.69809,4.92558,15,4,1,7.0,2,69,30.0,7
201700034849,2017-10-03,45.75712,4.9426,87,4,1,1.0,1,69,91.0,13
201700034889,2017-11-02,45.7564,4.9876,67,3,1,1.0,2,69,50.0,17
201700034917,2017-11-28,45.73697,4.91913,30,3,1,1.0,1,69,400.0,7
201700034921,2017-12-07,45.75687,4.89975,21,4,2,1.0,5,69,75.0,20
201700035004,2017-02-13,47.63114,6.16761,58,3,2,1.0,1,70,81.0,11
201700035181,2017-11-11,48.28694,-1.96918,87,3,1,2.0,1,35,20.0,15
201700035204,2017-02-17,44.4814,0.79238,57,4,1,7.0,1,47,60.0,16
201700035208,2017-05-14,44.4561,0.66364,16,3,2,1.0,1,47,58.0,17
201700035244,2017-10-11,44.3695,2.03934,15,4,1,1.0,1,12,10.0,15
201700035289,2017-05-17,48.00456,0.17933,44,3,1,1.0,1,72,71.0,7
201700035361,2017-09-07,42.82135,2.02108,54,1,1,1.0,1,11,810.0,14
201700035361,2017-09-07,42.82135,2.02108,45,3,1,1.0,1,11,810.0,14
201700035362,2017-07-03,44.0189,3.33609,67,4,1,1.0,1,12,68.0,15
201700035363,2017-04-04,43.00065,0.57876,72,1,1,1.0,1,65,56.0,9
201700035363,2017-04-04,43.00065,0.57876,74,2,1,1.0,1,65,56.0,9
201700035386,2017-08-07,45.68993,5.91046,34,4,1,1.0,5,73,118.0,1
201700035396,2017-05-20,45.665,6.379,12,4,2,1.0,1,73,60.0,20
201700035484,2017-01-27,45.90718,6.132,57,4,1,1.0,1,74,50.0,11
201700035492,2017-03-10,45.90368,6.12739,20,4,1,1.0,2,74,66.0,18
201700035517,2017-04-23,45.9054,6.1441,53,4,1,1.0,1,74,80.0,16
201700035524,2017-04-28,45.9204,6.1236,85,4,1,1.0,1,74,60.0,10
201700035528,2017-03-30,45.91192,6.12783,42,4,1,1.0,1,74,68.0,9
201700035533,2017-05-27,45.92133,6.13335,31,4,2,1.0,1,74,62.0,12
201700035544,2017-04-28,45.90939,6.14181,48,4,2,1.0,1,74,50.0,12
201700035545,2017-06-21,45.8977,6.1146,54,4,1,1.0,1,74,80.0,17
201700035559,2017-05-28,45.92433,6.12667,64,4,1,1.0,1,74,40.0,12
201700035560,2017-07-07,45.91141,6.13423,29,3,1,1.0,1,74,74.0,8
201700035567,2017-07-10,45.90783,6.09923,22,4,1,3.0,1,74,109.0,19
201700035575,2017-07-15,45.90134,6.1282,25,4,1,1.0,1,74,61.0,15
201700035583,2017-08-23,45.92317,6.12369,32,3,2,1.0,1,74,48.0,17
201700035586,2017-08-31,45.90446,6.12999,71,3,1,2.0,1,74,88.0,19
201700035603,2017-09-23,45.9088,6.10013,20,3,1,1.0,1,74,25.0,16
201700035603,2017-09-23,45.9088,6.10013,54,3,1,1.0,1,74,25.0,16
201700035606,2017-10-03,45.90481,6.12625,52,4,1,2.0,1,74,97.0,9
201700035620,2017-11-02,45.9076,6.1243,23,4,1,1.0,5,74,30.0,19
201700035636,2017-12-18,45.90471,6.12378,26,1,1,4.0,1,74,200.0,14
201700035691,2017-12-08,46.19202,6.24186,19,4,1,2.0,5,74,350.0,6
201700035747,2017-08-16,49.90807,1.0727,64,4,1,1.0,1,76,70.0,16
201700035748,2017-09-02,49.91306,1.09055,50,3,1,1.0,1,76,105.0,12
201700035770,2017-06-20,49.76197,0.37812,45,3,1,1.0,5,76,76.0,23
201700035786,2017-01-14,49.49408,0.12408,15,3,1,2.0,5,76,63.0,19
201700035818,2017-02-28,49.5302,0.14335,65,3,1,2.0,1,76,58.0,8
201700035821,2017-03-14,49.5018,0.16346,15,1,1,1.0,1,76,98.0,17
201700035831,2017-04-03,49.49935,0.15039,15,3,1,1.0,1,76,89.0,20
201700035859,2017-05-22,49.49753,0.11557,47,4,2,1.0,2,76,60.0,21
201700035862,2017-05-30,49.55479,0.13435,63,3,1,1.0,1,76,79.0,11
201700035880,2017-07-07,49.5152,0.10572,13,3,1,1.0,1,76,44.0,14
201700035888,2017-07-19,49.50015,0.1346,28,3,1,1.0,1,76,25.0,17
201700035903,2017-08-16,49.50532,0.11816,11,4,1,1.0,1,76,99.0,15
201700035913,2017-09-09,49.49301,0.12148,23,4,2,2.0,5,76,70.0,20
201700035920,2017-09-24,49.51044,0.18155,11,3,1,1.0,1,76,49.0,15
201700035932,2017-10-04,49.49416,0.10981,56,4,1,1.0,5,76,57.0,20
201700035977,2017-12-09,49.51119,0.13843,58,3,1,1.0,1,76,50.0,10
201700036010,2017-02-04,49.44594,1.07123,38,4,2,1.0,5,76,30.0,21
201700036059,2017-04-11,49.42564,1.052,54,4,1,1.0,1,76,60.0,12
201700036060,2017-04-20,49.4543,1.13763,16,4,1,1.0,1,76,60.0,17
201700036062,2017-04-29,49.45377,1.10472,29,4,1,1.0,1,76,105.0,15
201700036097,2017-06-12,49.38538,1.07101,84,4,1,1.0,1,76,60.0,17
201700036108,2017-05-27,49.41256,1.08189,19,3,1,1.0,1,76,32.0,18
201700036108,2017-05-27,49.41256,1.08189,22,2,1,1.0,1,76,32.0,18
201700036174,2017-10-14,49.47609,1.04817,14,3,1,1.0,1,76,115.0,8
201700036212,2017-12-26,49.40521,1.03013,34,3,1,1.0,5,76,80.0,8
201700036258,2017-03-29,48.41095,2.73386,17,3,1,1.0,1,77,88.0,12
201700036269,2017-08-02,48.38535,2.76552,43,2,1,1.0,1,77,73.0,16
201700036354,2017-05-26,48.54271,2.70629,51,3,1,1.0,1,77,67.0,13
201700036365,2017-09-05,48.50125,2.62265,65,3,1,1.0,3,77,65.0,21
201700036377,2017-01-17,48.56449,2.60989,66,3,1,1.0,1,77,56.0,15
201700036385,2017-04-04,48.71912,2.64877,60,3,1,1.0,1,77,40.0,9
201700036410,2017-09-18,48.62971,2.6125,59,4,1,1.0,2,77,50.0,7
201700036478,2017-02-19,48.796,2.7187,29,3,1,1.0,1,77,35.0,12
201700036482,2017-04-09,48.77779,2.67954,7,4,1,1.0,1,77,60.0,19
201700036516,2017-10-19,48.7988,2.63923,11,4,1,1.0,1,77,150.0,16
201700036518,2017-10-31,48.77162,2.70798,49,2,2,1.0,1,77,70.0,14
201700036628,2017-07-04,48.78679,2.04917,34,3,1,1.0,1,78,87.0,18
201700036659,2017-10-18,48.99666,1.67672,58,3,1,1.0,1,78,190.0,12
201700036690,2017-07-03,48.0,4.5685,50,4,1,1.0,1,78,30.0,18
201700036697,2017-09-11,49.0191,1.9819,68,3,1,1.0,1,78,70.0,11
201700036701,2017-12-01,48.9907,1.92296,25,3,2,1.0,5,78,60.0,19
201700036743,2017-04-13,48.905,2.0936,29,3,2,1.0,3,78,30.0,21
201700036781,2017-09-17,48.95318,2.13891,52,4,2,1.0,1,78,65.0,11
201700036856,2017-01-04,46.32229,-0.47477,32,1,2,1.0,1,79,73.0,12
201700036856,2017-01-04,46.32229,-0.47477,4,4,2,1.0,1,79,73.0,12
201700036859,2017-01-30,46.31856,-0.46568,46,4,1,1.0,5,79,105.0,20
201700036867,2017-06-24,46.33557,-0.45265,17,3,1,1.0,1,79,210.0,18
201700036869,2017-08-29,46.31967,-0.48599,29,3,1,1.0,5,79,100.0,22
201700036876,2017-10-07,46.31764,-0.41333,61,3,1,1.0,1,79,90.0,9
201700036882,2017-11-14,46.32762,-0.46672,43,4,2,1.0,1,79,50.0,8
201700036892,2017-05-02,46.979,-0.20019,63,4,1,1.0,1,79,70.0,18
201700036898,2017-06-25,46.97666,-0.19647,35,3,1,1.0,1,79,66.0,14
201700036901,2017-08-22,46.97931,-0.19893,47,4,2,1.0,1,79,60.0,9
201700037103,2017-02-23,43.95104,2.1255,55,4,1,1.0,1,81,70.0,17
201700037131,2017-08-22,44.05247,1.10109,47,3,2,7.0,1,82,105.0,13
201700037164,2017-02-03,43.53369,6.46652,83,3,1,1.0,1,83,61.0,9
201700037234,2017-06-05,43.10513,6.17557,58,4,1,1.0,1,83,50.0,11
201700037250,2017-07-03,43.06491,6.07248,16,3,2,1.0,1,83,109.0,17
201700037258,2017-07-18,43.09243,6.07645,58,3,2,7.0,1,83,84.0,9
201700037280,2017-09-28,43.101,6.1708,72,4,1,1.0,1,83,70.0,9
201700037280,2017-09-28,43.101,6.1708,64,1,1,1.0,1,83,70.0,9
201700037307,2017-12-07,43.09711,6.0796,56,4,2,1.0,1,83,40.0,16
201700037332,2017-06-16,43.12304,5.80664,14,3,1,1.0,1,83,63.0,19
201700037347,2017-08-10,43.08645,5.80887,42,4,1,1.0,1,83,70.0,10
201700037347,2017-08-10,43.08645,5.80887,59,4,1,1.0,1,83,70.0,10
201700037379,2017-05-26,43.10762,5.87736,77,3,1,1.0,1,83,29.0,8
201700037385,2017-06-18,43.08486,5.85916,58,4,1,1.0,1,83,31.0,7
201700037392,2017-09-13,43.10933,5.85028,71,3,1,1.0,1,83,42.0,19
201700037432,2017-03-20,43.10928,6.00195,75,4,1,1.0,1,83,20.0,12
201700037449,2017-04-20,43.12643,5.91182,21,3,1,1.0,1,83,60.0,10
201700037505,2017-07-22,43.11215,5.93518,37,3,2,1.0,1,83,120.0,19
201700037510,2017-08-07,43.15,5.9,47,2,1,1.0,1,83,50.0,11
201700037516,2017-08-19,43.1418,6.00209,52,3,1,1.0,1,83,150.0,16
201700037544,2017-10-30,43.12297,5.92966,30,1,1,1.0,2,83,60.0,17
201700037549,2017-11-05,43.13904,5.90245,13,4,1,1.0,1,83,50.0,15
201700037561,2017-11-28,43.14096,6.03005,45,4,1,1.0,5,83,30.0,20
201700037578,2017-12-18,43.12358,5.89571,21,4,1,1.0,5,83,100.0,17
201700037597,2017-05-13,43.96066,4.74986,58,4,1,1.0,1,30,30.0,15
201700037610,2017-07-31,43.93817,4.84976,28,3,1,1.0,3,84,300.0,5
201700037657,2017-10-19,43.8246,5.06004,76,3,1,1.0,1,84,70.0,17
201700037730,2017-04-22,46.49933,-1.78421,19,4,1,1.0,2,85,60.0,20
201700037742,2017-05-27,46.50545,-1.7899,66,4,2,1.0,1,85,30.0,9
201700037832,2017-02-21,46.57434,0.36172,31,4,2,2.0,1,86,60.0,18
201700037869,2017-04-13,46.5846,0.37478,63,4,1,1.0,1,86,60.0,12
201700037871,2017-04-14,46.57277,0.3275,55,4,1,1.0,1,86,120.0,19
201700037878,2017-04-28,46.5782,0.35063,23,4,1,1.0,5,86,170.0,4
201700037878,2017-04-28,46.5782,0.35063,23,4,2,1.0,5,86,170.0,4
201700037890,2017-05-25,46.58759,0.34888,87,4,2,1.0,1,86,60.0,13
201700037897,2017-06-06,46.577,0.35235,14,4,2,2.0,5,86,70.0,0
201700037897,2017-06-06,46.577,0.35235,14,3,1,2.0,5,86,70.0,0
201700037901,2017-06-15,46.57377,0.37144,56,4,1,1.0,1,86,90.0,8
201700037927,2017-07-30,46.57694,0.34694,53,3,2,1.0,5,86,60.0,22
201700037965,2017-10-05,46.57254,0.35902,22,3,2,1.0,1,86,50.0,13
201700037971,2017-10-18,46.56863,0.37372,23,1,1,1.0,1,86,90.0,18
201700037984,2017-11-06,46.56062,0.37177,29,4,2,1.0,1,86,60.0,7
201700038004,2017-12-13,46.56973,0.37995,35,3,2,2.0,5,86,60.0,17
201700038035,2017-01-23,45.8144,1.24194,19,4,1,1.0,2,87,60.0,19
201700038083,2017-03-14,45.8138,1.28194,19,4,2,1.0,1,87,30.0,10
201700038135,2017-06-01,45.826,1.26801,32,3,1,1.0,5,87,150.0,23
201700038170,2017-07-25,45.809,1.22592,64,3,1,1.0,1,87,60.0,14
201700038182,2017-08-07,45.8188,1.25205,71,4,1,1.0,1,87,150.0,9
201700038190,2017-08-17,45.8376,1.24,46,4,1,1.0,1,87,130.0,18
201700038191,2017-08-19,45.9129,1.30257,9,3,1,1.0,1,87,60.0,16
201700038233,2017-10-03,45.8292,1.27812,73,4,1,1.0,1,87,60.0,17
201700038234,2017-10-16,45.8236,1.24053,35,4,1,1.0,2,87,60.0,8
201700038277,2017-11-20,45.8088,1.25971,63,4,2,1.0,5,87,20.0,18
201700038277,2017-11-20,45.8088,1.25971,51,1,1,1.0,5,87,20.0,18
201700038334,2017-06-07,48.29024,6.96318,50,2,1,1.0,1,88,46.0,18
201700038335,2017-06-16,48.28436,6.95293,28,4,2,1.0,1,88,50.0,20
201700038336,2017-06-28,48.28422,6.95643,18,3,1,1.0,1,88,65.0,15
201700038349,2017-11-07,48.28341,6.95734,40,3,1,2.0,5,88,64.0,21
201700038382,2017-04-12,48.19571,3.28324,60,4,1,1.0,1,89,55.0,9
201700038389,2017-06-10,48.19545,3.26212,50,2,1,1.0,1,89,69.0,15
201700038401,2017-10-27,48.19219,3.29952,64,3,1,1.0,1,89,60.0,8
201700038418,2017-07-13,47.61,6.86,9,3,1,1.0,1,90,41.0,12
201700038421,2017-09-25,47.63027,6.8655,49,4,1,1.0,5,90,120.0,7
201700038597,2017-07-06,48.67787,2.53789,20,4,1,1.0,1,91,150.0,14
201700038619,2017-11-22,48.6968,2.5339,11,4,1,1.0,1,91,70.0,13
201700038626,2017-12-23,48.67807,2.52706,28,4,1,2.0,1,91,70.0,15
201700038846,2017-12-14,48.68465,2.38917,37,3,1,8.0,1,91,20.0,14
201700038924,2017-04-03,48.69521,2.4524,67,4,2,1.0,1,91,110.0,9
201700038945,2017-07-10,48.70223,2.45489,17,2,1,1.0,1,91,60.0,16
201700038949,2017-08-03,48.6992,2.48653,40,3,1,1.0,1,91,60.0,10
201700038965,2017-10-03,48.71373,2.44837,48,2,1,1.0,5,91,100.0,20
201700039032,2017-05-30,48.71062,2.2441,43,3,1,1.0,1,91,1.0,7
201700039055,2017-08-17,48.67779,2.17103,46,4,2,1.0,1,91,70.0,14
201700039066,2017-10-17,48.68028,2.17074,11,3,1,1.0,1,91,30.0,17
201700039139,2017-12-14,48.68883,2.35455,40,3,1,8.0,2,91,23.0,8
201700039171,2017-10-09,48.75456,2.30061,14,4,2,1.0,1,92,120.0,9
201700039178,2017-11-24,48.76889,2.32112,51,4,1,2.0,1,92,59.0,9
201700039191,2017-12-28,48.75135,2.30456,44,4,1,1.0,1,92,136.0,13
201700039649,2017-08-06,48.79742,2.25293,53,4,1,1.0,1,92,150.0,15
201700039999,2017-06-20,48.8989,2.24335,48,3,1,1.0,1,92,64.0,14
201700040004,2017-06-26,48.89677,2.25423,28,3,2,1.0,1,92,98.0,16
201700040006,2017-07-03,48.89772,2.26353,61,4,2,1.0,1,92,150.0,8
201700040049,2017-10-28,48.89876,2.24233,30,4,1,1.0,5,92,32.0,19
201700040052,2017-10-14,48.8988,2.26251,36,3,1,1.0,1,92,150.0,17
201700040224,2017-09-13,48.0,2.2,22,4,1,3.0,1,92,70.0,14
201700040227,2017-09-22,48.0,2.2,31,4,1,1.0,5,92,160.0,20
201700040229,2017-09-27,48.0,2.2,36,3,1,1.0,1,92,120.0,8
201700040231,2017-10-02,48.0,2.2,35,4,1,1.0,1,92,80.0,10
201700040238,2017-10-12,48.0,2.2,15,4,1,1.0,1,92,150.0,18
201700040246,2017-10-31,48.93194,2.30105,15,4,1,1.0,1,92,80.0,12
201700040249,2017-11-16,48.0,2.2,56,4,1,1.0,1,92,140.0,9
201700040251,2017-11-27,48.0,2.2,68,4,1,1.0,1,92,80.0,15
201700040281,2017-07-20,48.82774,2.27509,25,1,2,1.0,1,92,100.0,18
201700040281,2017-07-20,48.82774,2.27509,75,4,2,1.0,1,92,100.0,18
201700040415,2017-06-21,48.78468,2.22861,7,3,1,1.0,1,92,70.0,19
201700040421,2017-08-23,48.81006,2.2277,34,4,1,1.0,1,92,50.0,10
201700040422,2017-08-29,48.8221,2.22626,37,4,1,1.0,1,92,50.0,12
201700040579,2017-10-14,48.8101,2.18229,14,3,1,1.0,1,92,85.0,11
201700040745,2017-11-22,48.2,2.33,20,1,1,1.0,1,92,60.0,12
201700040923,2017-10-19,48.86697,2.19974,61,4,1,1.0,5,92,80.0,20
201700040931,2017-10-27,48.88723,2.16922,65,4,1,1.0,5,92,130.0,7
201700040941,2017-11-19,48.88632,2.18402,76,4,1,2.0,1,92,35.0,10
201700040948,2017-03-21,48.88438,2.18735,81,2,1,1.0,1,92,35.0,14
201700040951,2017-12-09,48.88465,2.1778,14,4,1,1.0,5,92,90.0,20
201700040980,2017-07-05,48.87347,2.17921,16,4,1,1.0,5,92,60.0,0
201700040983,2017-07-24,48.88825,2.16448,35,4,1,1.0,1,92,150.0,13
201700041069,2017-10-14,48.85286,2.20591,21,4,1,1.0,1,92,67.0,16
201700041091,2017-06-28,48.82709,2.18878,30,4,1,1.0,1,92,60.0,12
201700041102,2017-08-04,48.80574,2.18457,29,4,1,1.0,1,92,176.0,19
201700041106,2017-08-21,48.82485,2.21444,46,3,1,1.0,1,92,168.0,15
201700041113,2017-09-12,48.827,2.18739,45,4,1,1.0,2,92,50.0,19
201700041117,2017-09-29,48.80609,2.18456,12,4,1,1.0,1,92,120.0,8
201700041217,2017-11-08,48.82155,2.28689,48,4,1,1.0,5,92,50.0,0
201700041247,2017-11-07,48.8184,2.266,50,3,2,1.0,1,92,75.0,9
201700041406,2017-09-18,48.91447,2.39193,44,4,1,8.0,2,93,60.0,19
201700041409,2017-09-24,48.91641,2.36807,14,4,1,1.0,1,93,50.0,19
201700041439,2017-12-14,48.9057,2.3808,33,4,1,2.0,2,93,50.0,17
201700041971,2017-05-25,48.93535,2.40297,37,3,1,1.0,1,93,160.0,17
201700042414,2017-07-21,48.91136,2.51682,23,4,2,1.0,1,93,40.0,20
201700042588,2017-11-07,48.86141,2.44384,27,4,1,1.0,5,93,50.0,18
201700042609,2017-12-21,48.873,2.454,45,3,1,2.0,5,93,30.0,18
201700042743,2017-08-16,48.84971,2.55289,57,4,1,1.0,1,93,50.0,10
201700042974,2017-12-13,48.88,2.5,25,1,1,2.0,5,93,140.0,18
201700043506,2017-06-10,48.96346,2.57375,16,1,1,1.0,1,93,25.0,14
201700043508,2017-06-16,48.9644,2.54079,12,4,1,1.0,1,93,40.0,20
201700043597,2017-09-17,48.8146,2.41389,60,4,1,2.0,1,94,60.0,9
201700043694,2017-09-23,48.72574,2.57813,53,4,1,1.0,1,94,60.0,10
201700043707,2017-10-19,48.72434,2.53594,18,4,1,1.0,1,94,30.0,9
201700043721,2017-11-10,48.72845,2.56888,14,4,1,2.0,1,94,50.0,14
201700043767,2017-02-01,48.7551,2.50528,24,3,1,1.0,1,94,90.0,13
201700043792,2017-06-01,48.74532,2.5079,43,3,1,1.0,1,94,60.0,14
201700043877,2017-06-16,48.8146,2.50795,29,4,1,1.0,1,94,60.0,8
201700043888,2017-07-07,48.81193,2.53965,55,4,1,1.0,1,94,30.0,9
201700043956,2017-06-26,48.82408,2.42667,28,3,1,1.0,1,94,100.0,18
201700043961,2017-07-03,48.82589,2.40691,19,4,2,1.0,2,94,90.0,4
201700044076,2017-06-25,48.76947,2.54299,46,3,1,1.0,1,94,67.0,8
201700044079,2017-06-30,48.78762,2.52063,67,3,1,3.0,1,94,52.0,16
201700044174,2017-07-31,48.74165,2.40249,25,3,1,1.0,1,94,640.0,15
201700044368,2017-06-15,48.76761,2.46771,16,3,1,1.0,1,94,65.0,20
201700044409,2017-09-21,48.779,-2.443,22,4,1,1.0,1,94,70.0,7
201700044776,2017-10-11,48.77333,2.3396,38,4,2,8.0,1,94,30.0,9
201700044936,2017-06-04,48.81442,2.40837,11,4,1,1.0,1,94,40.0,19
201700044970,2017-12-02,48.81739,2.38172,50,3,1,1.0,5,94,60.0,19
201700045173,2017-06-25,48.81887,2.46793,42,4,2,1.0,1,94,80.0,14
201700045180,2017-07-16,48.84073,2.51323,45,1,1,1.0,1,94,37.0,18
201700045180,2017-07-16,48.84073,2.51323,27,3,1,1.0,1,94,37.0,18
201700045182,2017-07-17,48.81495,2.4633,35,4,1,1.0,1,94,100.0,10
201700045182,2017-07-17,48.81495,2.4633,3,3,2,1.0,1,94,100.0,10
201700045320,2017-07-13,48.78825,2.4853,21,4,1,1.0,1,94,59.0,14
201700045322,2017-07-16,48.79959,2.52204,82,4,1,1.0,1,94,40.0,16
201700045326,2017-08-01,48.79341,2.49767,28,4,1,2.0,1,94,128.0,10
201700045363,2017-10-13,48.79323,2.51533,37,4,2,1.0,2,94,85.0,7
201700045366,2017-10-17,48.80891,2.47115,42,1,2,1.0,1,94,120.0,17
201700045390,2017-12-14,48.79795,2.49137,33,4,2,2.0,5,94,100.0,17
201700045593,2017-06-12,48.84474,2.43742,54,4,1,1.0,1,94,150.0,9
201700045595,2017-06-15,48.85075,2.43996,18,4,1,1.0,1,94,75.0,17
201700045596,2017-06-17,48.84365,2.41764,21,4,1,1.0,2,94,145.0,19
201700045731,2017-10-10,48.79987,2.4012,15,4,1,1.0,1,94,70.0,15
201700045766,2017-12-18,48.79,2.384,28,4,1,1.0,5,94,71.0,18
201700046251,2017-05-31,41.91116,8.71117,27,3,1,1.0,1,2A,65.0,18
201700046281,2017-07-21,41.94327,8.75722,73,4,1,1.0,1,2A,74.0,19
201700046478,2017-03-13,48.93509,2.6087,38,4,1,1.0,1,77,60.0,9
201700049459,2017-09-14,48.62586,2.3382,12,4,1,2.0,3,91,35.0,20
201700049893,2017-12-26,42.37503,9.27566,67,4,1,1.0,1,2B,62.0,8
201700049909,2017-01-07,45.78346,4.83297,68,3,2,1.0,1,69,52.0,10
201700049995,2017-03-18,45.79784,4.83007,54,3,1,8.0,1,69,53.0,8
201700049996,2017-03-18,45.7679,4.83775,21,3,1,1.0,3,69,110.0,20
201700050050,2017-04-14,45.76304,4.82939,29,1,1,1.0,1,69,61.0,11
201700050075,2017-05-05,45.75461,4.7883,35,4,1,1.0,1,69,94.0,8
201700050115,2017-05-30,45.77079,4.82871,31,4,1,1.0,1,69,77.0,9
201700050137,2017-06-13,45.773,4.808,24,4,1,1.0,1,69,60.0,17
201700050150,2017-06-27,45.75887,4.83091,25,4,2,1.0,2,69,97.0,21
201700050159,2017-07-03,45.80561,4.88268,41,4,1,1.0,1,69,130.0,9
201700050184,2017-07-17,45.77596,4.82105,24,3,2,1.0,1,69,110.0,17
201700050201,2017-08-03,45.70659,4.80504,34,3,1,1.0,1,69,122.0,9
201700050206,2017-08-04,45.7866,4.7939,7,3,1,1.0,1,69,64.0,12
201700050214,2017-08-11,45.7635,4.8382,26,4,2,2.0,5,69,180.0,2
201700050215,2017-08-10,45.81524,4.89656,75,2,1,1.0,1,69,37.0,15
201700050231,2017-08-29,45.80315,4.83942,80,3,1,1.0,2,69,74.0,6
201700050233,2017-08-30,45.7653,4.83639,28,1,1,1.0,1,69,60.0,18
201700050247,2017-09-07,45.7653,4.82916,36,4,1,1.0,1,69,99.0,8
201700050258,2017-09-14,45.75055,4.8319,22,4,2,2.0,1,69,116.0,11
201700050285,2017-09-28,45.71,4.8,32,1,2,1.0,1,69,40.0,9
201700050285,2017-09-28,45.71,4.8,5,4,1,1.0,1,69,40.0,9
201700050288,2017-09-29,45.75385,4.83431,25,3,2,1.0,1,69,140.0,16
201700050299,2017-10-05,45.76775,4.83795,18,4,1,1.0,5,69,123.0,22
201700050332,2017-10-23,45.76616,4.83808,24,4,1,1.0,5,69,100.0,18
201700050335,2017-10-25,45.77405,4.82659,27,4,1,1.0,5,69,87.0,18
201700050338,2017-10-26,45.73524,4.81732,24,1,1,1.0,5,69,53.0,20
201700050365,2017-10-24,45.81703,4.89137,23,4,1,1.0,5,69,40.0,21
201700050381,2017-11-19,45.77081,4.82862,18,1,1,1.0,5,69,85.0,20
201700050405,2017-12-13,45.74164,4.79968,32,4,1,3.0,5,69,82.0,18
201700050406,2017-12-13,45.75162,4.82159,23,1,2,8.0,5,69,150.0,21
201700050421,2017-12-23,45.7561,4.81772,55,4,1,1.0,5,69,80.0,18
201700050677,2017-03-08,45.74532,4.84195,26,3,2,1.0,5,69,170.0,20
201700050728,2017-04-03,45.6664,4.85868,50,4,1,1.0,1,69,60.0,17
201700050776,2017-04-27,45.75171,4.83898,24,4,1,1.0,1,69,70.0,17
201700050833,2017-05-26,45.73138,4.83625,33,3,1,1.0,1,69,61.0,16
201700050839,2017-05-30,45.7,4.8,25,4,1,1.0,5,69,30.0,0
201700050860,2017-05-28,45.77799,4.84441,19,4,1,1.0,5,69,83.0,0
201700050911,2017-07-04,45.73084,4.86559,59,3,1,1.0,1,69,50.0,14
201700051080,2017-10-05,45.75436,4.84538,30,3,1,1.0,2,69,25.0,7
201700051094,2017-10-11,45.74,4.867,50,4,1,1.0,1,69,60.0,8
201700051152,2017-11-08,45.75561,4.85919,27,4,1,1.0,1,69,50.0,13
201700051166,2017-11-14,45.73802,4.88445,26,4,1,1.0,1,69,30.0,10
201700051233,2017-12-11,45.74547,4.87136,32,1,1,8.0,5,69,120.0,18
201700051253,2017-12-19,45.73274,4.82455,43,3,1,1.0,5,69,70.0,17
201700052705,2017-01-06,48.8614,2.34595,42,4,1,9.0,1,75,70.0,8
201700052709,2017-01-12,48.8627,2.33736,60,4,1,2.0,2,75,60.0,17
201700052722,2017-02-14,48.8622,2.33693,47,4,1,1.0,5,75,120.0,23
201700052724,2017-02-15,48.8627,2.33525,62,4,1,1.0,5,75,200.0,19
201700052725,2017-02-16,48.8658,2.33015,53,4,2,8.0,1,75,50.0,12
201700052737,2017-03-09,48.8641,2.33604,49,4,1,1.0,1,75,80.0,14
201700052750,2017-04-12,48.8639,2.34233,22,1,1,1.0,1,75,60.0,14
201700052752,2017-04-18,48.8615,2.33907,73,4,1,1.0,1,75,120.0,15
201700052758,2017-05-12,48.8573,2.34679,27,4,2,1.0,1,75,150.0,19
201700052769,2017-05-27,48.8638,2.33207,57,4,2,1.0,1,75,160.0,17
201700052776,2017-06-07,48.8596,2.33571,30,4,1,1.0,1,75,63.0,9
201700052776,2017-06-07,48.8596,2.33571,28,4,1,1.0,1,75,63.0,9
201700052778,2017-06-16,48.8631,2.3234,46,4,1,1.0,1,75,104.0,19
201700052780,2017-06-26,48.8653,2.34307,27,4,2,1.0,1,75,40.0,14
201700052785,2017-07-01,48.864,2.33134,22,1,1,1.0,1,75,35.0,20
201700052785,2017-07-01,48.864,2.33134,56,4,2,1.0,1,75,35.0,20
201700052786,2017-07-02,48.8579,2.34719,45,4,1,1.0,1,75,130.0,15
201700052787,2017-07-02,48.867,2.32757,21,4,1,1.0,1,75,30.0,19
201700052794,2017-07-06,48.8661,2.33982,61,4,1,1.0,1,75,65.0,10
201700052798,2017-07-11,48.8584,2.34199,17,1,1,1.0,1,75,45.0,13
201700052803,2017-07-24,48.874,2.34606,24,4,2,2.0,1,75,53.0,13
201700052821,2017-09-07,48.8605,2.34442,47,4,2,1.0,1,75,40.0,16
201700052852,2017-11-27,48.8591,2.34641,26,1,1,2.0,1,75,105.0,17
201700052886,2017-03-16,48.8684,2.34765,22,4,1,1.0,5,75,50.0,22
201700052902,2017-06-08,48.8668,2.34383,25,1,1,1.0,1,75,80.0,13
201700052911,2017-07-26,48.8624,2.34157,23,4,2,1.0,1,75,100.0,9
201700052936,2017-10-20,48.8658,2.35169,24,1,2,1.0,1,75,50.0,15
201700052954,2017-12-18,48.8663,2.35202,57,4,2,1.0,2,75,100.0,16
201700052969,2017-02-23,48.8673,2.36338,28,4,1,1.0,5,75,150.0,22
201700052971,2017-02-26,48.8685,2.35883,32,4,1,1.0,5,75,30.0,5
201700052974,2017-03-02,48.8655,2.35571,40,4,2,1.0,5,75,80.0,22
201700052975,2017-03-15,48.8638,2.35871,31,4,1,1.0,5,75,52.0,19
201700052976,2017-03-16,48.8682,2.3536,28,4,1,1.0,1,75,123.0,10
201700052979,2017-03-23,48.8632,2.35248,18,4,1,1.0,1,75,50.0,10
201700052981,2017-03-27,48.8673,2.36338,45,4,1,1.0,1,75,179.0,13
201700052982,2017-03-30,48.8587,2.36279,37,1,1,1.0,1,75,101.0,13
201700052988,2017-04-29,48.8667,2.36171,51,4,1,1.0,1,75,91.0,17
201700052991,2017-05-16,48.8612,2.35819,34,4,1,1.0,1,75,35.0,13
201700052994,2017-06-08,48.8655,2.35571,40,4,1,1.0,5,75,65.0,23
201700052999,2017-07-12,48.8627,2.35426,55,4,1,3.0,1,75,75.0,9
201700053011,2017-08-30,48.8631,2.36672,26,4,2,3.0,1,75,81.0,18
201700053013,2017-09-05,48.8701,2.33375,28,1,1,1.0,1,75,48.0,9
201700053027,2017-11-07,48.8552,2.3528,22,4,1,1.0,5,75,50.0,23
201700053042,2017-01-17,48.869,2.35558,22,4,1,1.0,1,75,140.0,12
201700053047,2017-02-04,48.8508,2.3614,28,4,1,1.0,5,75,60.0,2
201700053049,2017-02-08,48.8665,2.35109,30,4,2,1.0,2,75,150.0,19
201700053050,2017-02-09,48.8546,2.36271,24,3,1,1.0,5,75,100.0,23
201700053056,2017-03-13,48.8607,2.34941,47,4,1,1.0,1,75,130.0,9
201700053063,2017-04-02,48.8579,2.35166,66,3,1,1.0,5,75,120.0,20
201700053065,2017-04-08,48.8569,2.3538,28,4,2,1.0,5,75,110.0,0
201700053069,2017-04-26,48.8579,2.35785,55,4,2,1.0,2,75,35.0,20
201700053070,2017-04-27,48.8581,2.35178,56,4,2,1.0,1,75,140.0,7
201700053073,2017-05-05,48.8522,2.36595,27,4,1,1.0,1,75,90.0,17
201700053074,2017-05-10,48.8535,2.3665,26,4,2,1.0,1,75,170.0,13
201700053077,2017-05-15,48.8585,2.3482,27,1,1,1.0,1,75,130.0,19
201700053078,2017-05-16,48.8565,2.35549,34,4,2,1.0,1,75,120.0,8
201700053083,2017-05-29,48.8521,2.36094,54,4,2,1.0,1,75,5.0,17
201700053085,2017-06-07,48.8563,2.35812,48,4,2,1.0,1,75,45.0,20
201700053085,2017-06-07,48.8563,2.35812,29,1,2,1.0,1,75,45.0,20
201700053091,2017-06-16,48.8539,2.36737,78,3,1,1.0,1,75,50.0,11
201700053094,2017-06-26,48.8573,2.34922,53,4,1,1.0,1,75,160.0,7
201700053107,2017-08-02,48.8649,2.35989,26,4,1,1.0,5,75,100.0,2
201700053108,2017-08-06,48.8572,2.34977,22,4,1,7.0,1,75,140.0,18
201700053109,2017-08-11,48.8512,2.36265,49,4,1,1.0,1,75,80.0,13
201700053125,2017-09-27,48.8555,2.36009,34,4,2,1.0,5,75,100.0,0
201700053127,2017-09-28,48.8552,2.3528,30,4,2,1.0,5,75,120.0,19
201700053131,2017-10-09,48.8639,2.33592,51,4,2,1.0,1,75,90.0,9
201700053136,2017-10-18,48.8529,2.36834,35,4,2,1.0,1,75,160.0,19
201700053161,2017-01-11,48.8461,2.34295,58,1,1,1.0,2,75,40.0,18
201700053162,2017-01-11,48.8494,2.35611,31,4,2,1.0,5,75,47.0,22
201700053175,2017-02-22,48.8528,2.34379,42,4,1,1.0,1,75,30.0,9
201700053180,2017-03-03,48.8521,2.34008,60,1,1,1.0,1,75,130.0,15
201700053181,2017-03-05,48.8427,2.35212,11,4,1,2.0,1,75,100.0,9
201700053186,2017-03-17,48.8406,2.34517,24,4,2,1.0,1,75,120.0,12
201700053191,2017-03-29,48.839,2.35395,24,4,2,1.0,5,75,35.0,23
201700053191,2017-03-29,48.839,2.35395,28,1,1,1.0,5,75,35.0,23
201700053192,2017-03-30,48.8471,2.34509,22,4,2,1.0,1,75,60.0,13
201700053199,2017-04-06,48.8444,2.35477,58,4,2,1.0,1,75,130.0,9
201700053199,2017-04-06,48.8444,2.35477,52,1,1,1.0,1,75,130.0,9
201700053201,2017-04-08,48.8466,2.35159,17,4,1,1.0,5,75,130.0,0
201700053202,2017-04-08,48.8496,2.34483,27,4,1,1.0,5,75,116.0,2
201700053217,2017-05-17,48.8485,2.35489,36,4,2,1.0,1,75,60.0,10
201700053219,2017-05-22,48.8506,2.34641,18,4,1,1.0,1,75,40.0,17
201700053224,2017-06-02,48.8408,2.34461,66,4,2,1.0,1,75,120.0,10
201700053230,2017-06-13,48.8498,2.34944,45,4,1,1.0,1,75,120.0,18
201700053235,2017-06-18,48.8466,2.35159,21,4,1,1.0,1,75,120.0,19
201700053251,2017-07-20,48.8468,2.36095,19,4,1,1.0,2,75,170.0,21
201700053255,2017-08-01,48.8514,2.34314,28,4,1,1.0,1,75,160.0,17
201700053264,2017-08-31,48.8393,2.35978,17,3,1,8.0,1,75,145.0,18
201700053273,2017-10-02,48.8514,2.34314,29,4,1,1.0,5,75,110.0,19
201700053279,2017-10-10,48.8439,2.33896,21,1,1,1.0,1,75,120.0,17
201700053280,2017-10-14,48.8493,2.34325,26,4,1,1.0,5,75,50.0,21
201700053286,2017-10-23,48.8494,2.35611,24,4,2,2.0,5,75,100.0,20
201700053289,2017-11-02,48.85,2.34243,61,1,1,1.0,1,75,180.0,11
201700053292,2017-11-18,48.8494,2.35682,21,4,2,1.0,5,75,100.0,2
201700053304,2017-01-09,48.85,2.32713,39,1,1,2.0,5,75,60.0,18
201700053313,2017-02-15,48.8503,2.32987,27,4,1,1.0,1,75,130.0,15
201700053322,2017-02-28,48.8514,2.33648,29,4,2,8.0,1,75,55.0,8
201700053339,2017-04-20,48.8452,2.33209,53,4,2,1.0,1,75,70.0,11
201700053342,2017-04-22,48.8466,2.32099,19,4,1,1.0,1,75,70.0,18
201700053343,2017-04-28,48.8558,2.33411,34,3,2,1.0,1,75,61.0,9
201700053354,2017-05-25,48.8528,2.34379,24,4,1,1.0,5,75,140.0,1
201700053358,2017-06-02,48.8472,2.3271,30,4,1,1.0,5,75,100.0,21
201700053359,2017-06-08,48.8451,2.32016,29,4,1,1.0,1,75,250.0,20
201700053377,2017-08-05,48.8493,2.33781,27,4,2,1.0,1,75,60.0,13
201700053378,2017-08-07,48.8524,2.33182,26,1,1,1.0,1,75,205.0,16
201700053394,2017-10-10,48.8549,2.33563,32,1,1,1.0,1,75,40.0,11
201700053401,2017-10-25,48.8517,2.32787,52,4,1,1.0,1,75,130.0,12
201700053406,2017-11-05,48.8494,2.32914,51,4,2,1.0,1,75,129.0,13
201700053407,2017-11-07,48.8543,2.34317,19,3,1,1.0,5,75,30.0,23
201700053417,2017-11-19,48.8526,2.33833,24,4,1,1.0,5,75,140.0,18
201700053425,2017-11-28,48.8473,2.32791,50,4,2,2.0,1,75,70.0,8
201700053446,2017-01-22,48.8611,2.3126,25,1,1,1.0,5,75,80.0,17
201700053465,2017-03-17,48.8627,2.31902,31,4,1,1.0,5,75,140.0,19
201700053479,2017-04-15,48.8624,2.30201,24,4,2,1.0,5,75,190.0,0
201700053527,2017-06-14,48.8606,2.29553,28,4,1,1.0,1,75,80.0,19
201700053540,2017-07-04,48.8562,2.31501,42,4,2,1.0,1,75,120.0,9
201700053545,2017-07-15,48.8585,2.33243,43,4,1,1.0,5,75,200.0,2
201700053616,2017-12-12,48.8585,2.32187,26,4,1,1.0,1,75,65.0,13
201700053640,2017-01-18,48.8826,2.32335,48,4,1,1.0,1,75,120.0,11
201700053651,2017-02-01,48.8678,2.31384,39,4,2,1.0,1,75,120.0,9
201700053683,2017-03-06,48.8666,2.3219,54,4,1,1.0,5,75,260.0,6
201700053704,2017-03-22,48.8659,2.31989,68,4,1,1.0,1,75,100.0,14
201700053732,2017-04-12,48.8752,2.29803,22,4,1,1.0,1,75,80.0,9
201700053748,2017-05-04,48.8704,2.31291,53,4,2,1.0,1,75,100.0,9
201700053749,2017-05-04,48.8647,2.31363,22,4,1,2.0,1,75,80.0,15
201700053777,2017-06-06,48.8716,2.30678,35,1,1,3.0,1,75,50.0,14
201700053805,2017-06-30,48.8699,2.30733,30,4,2,8.0,1,75,250.0,12
201700053824,2017-07-18,48.8727,2.28452,44,4,1,1.0,1,75,25.0,8
201700053840,2017-08-15,48.8822,2.32171,23,1,1,1.0,1,75,80.0,18
201700053858,2017-09-07,48.8713,2.30088,36,4,2,1.0,5,75,90.0,20
201700053858,2017-09-07,48.8713,2.30088,37,4,1,1.0,5,75,90.0,20
201700053860,2017-09-09,48.8749,2.31846,24,4,1,8.0,1,75,120.0,15
201700053886,2017-10-06,48.865,2.31369,62,4,1,1.0,1,75,60.0,9
201700053892,2017-10-12,48.8751,2.31011,58,4,2,1.0,1,75,200.0,13
201700053915,2017-10-27,48.8693,2.30914,34,4,2,1.0,5,75,200.0,0
201700053939,2017-11-30,48.8796,2.30499,32,4,1,2.0,1,75,200.0,14
201700053972,2017-01-03,48.8762,2.33536,29,4,2,1.0,1,75,120.0,16
201700053984,2017-01-27,48.8712,2.33237,28,4,1,1.0,5,75,180.0,21
201700053992,2017-02-11,48.8711,2.34568,27,4,1,1.0,1,75,70.0,12
201700054004,2017-03-07,48.8824,2.34669,24,1,1,1.0,1,75,60.0,16
201700054022,2017-04-07,48.8773,2.34226,19,1,1,1.0,1,75,60.0,17
201700054023,2017-04-11,48.8736,2.32832,27,1,2,1.0,1,75,150.0,9
201700054025,2017-04-13,48.8748,2.33976,24,1,1,1.0,1,75,50.0,19
201700054097,2017-09-29,48.876,2.34421,29,4,2,1.0,5,75,90.0,4
201700054124,2017-11-23,48.8743,2.33132,27,4,1,2.0,5,75,50.0,21
201700054158,2017-02-13,48.8823,2.3682,40,4,1,1.0,5,75,100.0,19
201700054172,2017-03-08,48.8778,2.35121,51,4,1,8.0,1,75,100.0,14
201700054174,2017-03-13,48.8695,2.36635,35,4,1,1.0,1,75,70.0,9
201700054180,2017-03-27,48.8787,2.36624,28,4,2,1.0,1,75,40.0,19
201700054184,2017-04-08,48.875,2.35988,30,1,1,1.0,1,75,35.0,18
201700054197,2017-04-28,48.8787,2.36624,16,4,1,2.0,1,75,80.0,7
201700054207,2017-05-19,48.8815,2.35134,16,4,1,8.0,1,75,35.0,8
201700054208,2017-05-20,48.8837,2.35036,34,1,1,1.0,1,75,60.0,14
201700054212,2017-05-25,48.8714,2.36488,39,1,1,1.0,5,75,50.0,3
201700054215,2017-05-31,48.8727,2.3742,56,3,1,1.0,5,75,50.0,22
201700054218,2017-06-02,48.8716,2.36221,38,4,2,2.0,1,75,20.0,18
201700054228,2017-06-27,48.8843,2.3615,35,3,2,8.0,1,75,70.0,8
201700054235,2017-07-03,48.8793,2.36293,36,1,2,1.0,1,75,30.0,19
201700054237,2017-07-07,48.8823,2.37002,39,4,1,1.0,1,75,700.0,18
201700054266,2017-09-12,48.878,2.35211,39,1,1,1.0,1,75,90.0,9
201700054267,2017-09-12,48.8809,2.3678,18,1,1,1.0,5,75,30.0,22
201700054272,2017-09-27,48.8827,2.37017,27,4,1,1.0,1,75,35.0,12
201700054284,2017-10-24,48.8684,2.36283,47,4,2,2.0,1,75,100.0,9
201700054294,2017-11-08,48.8745,2.3628,45,4,1,2.0,5,75,35.0,21
201700054304,2017-11-17,48.8807,2.36465,30,4,1,8.0,1,75,120.0,15
201700054307,2017-11-18,48.8781,2.35125,25,4,1,8.0,5,75,150.0,21
201700054308,2017-11-24,48.8845,2.35932,28,4,2,8.0,1,75,50.0,11
201700054313,2017-11-30,48.8717,2.3572,30,4,1,1.0,1,75,30.0,8
201700054327,2017-01-04,48.8547,2.38535,22,4,1,2.0,5,75,100.0,19
201700054340,2017-01-18,48.8562,2.39101,47,4,1,1.0,5,75,120.0,20
201700054347,2017-02-01,48.8558,2.38158,29,4,2,1.0,1,75,60.0,7
201700054355,2017-02-15,48.8535,2.36952,39,4,1,1.0,5,75,200.0,19
201700054358,2017-02-18,48.8494,2.39642,59,4,2,1.0,5,75,40.0,18
201700054359,2017-02-20,48.8507,2.39447,55,4,1,1.0,1,75,80.0,8
201700054378,2017-03-13,48.8548,2.37811,40,4,2,1.0,5,75,50.0,20
201700054382,2017-03-18,48.8642,2.38023,29,3,1,1.0,5,75,60.0,6
201700054383,2017-03-21,48.8606,2.38162,50,4,2,1.0,2,75,60.0,18
201700054387,2017-04-01,48.8575,2.37968,13,4,1,1.0,1,75,30.0,16
201700054399,2017-04-10,48.8571,2.3712,44,1,1,1.0,1,75,180.0,10
201700054401,2017-04-11,48.8513,2.39822,35,4,2,3.0,1,75,70.0,10
201700054406,2017-04-16,48.8587,2.38431,27,4,1,1.0,1,75,70.0,20
201700054411,2017-04-27,48.8574,2.38484,49,4,2,1.0,1,75,75.0,14
201700054412,2017-04-27,48.8572,2.37897,58,4,1,1.0,1,75,50.0,19
201700054421,2017-05-10,48.8566,2.37729,49,4,2,1.0,1,75,70.0,16
201700054428,2017-05-16,48.8701,2.3748,62,4,2,1.0,1,75,50.0,11
201700054434,2017-05-22,48.8574,2.38081,56,4,2,1.0,1,75,40.0,15
201700054435,2017-05-22,48.8646,2.37798,28,4,1,1.0,1,75,140.0,19
201700054439,2017-05-24,48.8539,2.38197,26,4,1,1.0,1,75,80.0,20
201700054440,2017-05-25,48.8587,2.37857,30,4,1,1.0,1,75,140.0,20
201700054444,2017-06-03,48.8514,2.37559,33,4,2,1.0,1,75,125.0,9
201700054448,2017-06-13,48.8529,2.38851,27,4,2,1.0,1,75,170.0,10
201700054452,2017-06-19,48.8626,2.3673,48,1,1,1.0,1,75,50.0,18
201700054453,2017-06-21,48.8606,2.37828,79,4,2,1.0,1,75,120.0,15
201700054455,2017-06-22,48.8511,2.38994,40,1,1,1.0,1,75,50.0,8
201700054462,2017-06-24,48.85,2.39311,29,4,1,1.0,1,75,100.0,17
201700054469,2017-07-09,48.864,2.37068,26,4,1,1.0,5,75,80.0,4
201700054471,2017-07-12,48.866,2.37396,37,4,1,8.0,1,75,60.0,18
201700054473,2017-07-18,48.8683,2.3673,39,4,1,1.0,1,75,120.0,15
201700054476,2017-07-21,48.865,2.37052,22,1,1,1.0,1,75,80.0,14
201700054477,2017-07-21,48.8625,2.36688,27,4,2,1.0,1,75,70.0,19
201700054482,2017-08-05,48.8616,2.38471,17,1,1,1.0,1,75,100.0,10
201700054483,2017-08-06,48.8542,2.38337,56,4,1,1.0,1,75,70.0,13
201700054490,2017-08-31,48.8586,2.37991,62,4,1,1.0,1,75,70.0,13
201700054502,2017-09-18,48.8551,2.38712,31,4,1,1.0,1,75,60.0,18
201700054504,2017-09-20,48.8644,2.36901,21,4,1,1.0,1,75,60.0,17
201700054516,2017-09-27,48.8505,2.39302,38,4,1,8.0,1,75,40.0,9
201700054519,2017-09-29,48.8619,2.37209,51,4,2,1.0,1,75,50.0,16
201700054525,2017-10-08,48.8563,2.38258,46,3,1,8.0,1,75,80.0,9
201700054533,2017-10-13,48.8504,2.38447,26,4,1,1.0,5,75,30.0,20
201700054537,2017-10-15,48.8649,2.385,30,4,2,1.0,1,75,50.0,18
201700054544,2017-10-21,48.864,2.37549,32,4,2,1.0,5,75,70.0,19
201700054547,2017-10-23,48.8636,2.38335,28,4,1,8.0,1,75,120.0,13
201700054560,2017-11-11,48.8657,2.37246,30,4,1,2.0,5,75,140.0,20
201700054561,2017-11-12,48.8505,2.37938,66,3,1,3.0,1,75,140.0,9
201700054567,2017-11-17,48.86,2.37761,47,4,1,2.0,1,75,40.0,9
201700054575,2017-11-26,48.8547,2.36951,20,1,1,1.0,1,75,30.0,13
201700054580,2017-11-30,48.8585,2.38366,36,4,2,1.0,1,75,80.0,9
201700054595,2017-12-29,48.8582,2.38646,70,4,2,2.0,1,75,80.0,11
201700054603,2017-01-05,48.8479,2.39779,49,4,1,1.0,1,75,60.0,9
201700054614,2017-01-13,48.85,2.37475,23,4,1,1.0,5,75,60.0,23
201700054633,2017-02-14,48.8379,2.40004,23,4,1,1.0,5,75,80.0,19
201700054639,2017-02-21,48.8384,2.39294,44,4,1,1.0,5,75,50.0,18
201700054645,2017-02-26,48.8248,2.44314,33,4,2,1.0,1,75,50.0,10
201700054648,2017-03-02,48.8206,2.44532,56,4,1,1.0,2,75,60.0,7
201700054659,2017-03-09,48.8487,2.37253,32,4,2,1.0,1,75,90.0,10
201700054675,2017-03-20,48.8367,2.40144,33,4,1,1.0,1,75,30.0,9
201700054678,2017-03-22,48.837,2.43159,47,4,1,1.0,1,75,70.0,15
201700054684,2017-03-27,48.847,2.38376,12,4,1,1.0,1,75,60.0,18
201700054688,2017-03-30,48.8443,2.41032,64,4,1,1.0,1,75,30.0,12
201700054698,2017-04-07,48.8384,2.39868,58,3,2,1.0,1,75,40.0,17
201700054703,2017-04-12,48.8444,2.38971,25,4,2,1.0,1,75,60.0,19
201700054704,2017-04-12,48.8375,2.45197,21,4,2,1.0,1,75,70.0,20
201700054705,2017-04-13,48.8397,2.39619,51,4,1,1.0,1,75,100.0,10
201700054713,2017-04-21,48.8376,2.39092,24,1,1,1.0,1,75,90.0,10
201700054717,2017-04-24,48.8526,2.36962,50,4,1,1.0,1,75,60.0,8
201700054733,2017-05-12,48.8478,2.39906,68,3,1,1.0,5,75,220.0,1
201700054741,2017-05-16,48.8514,2.36986,23,1,1,1.0,5,75,50.0,22
201700054747,2017-05-24,48.8532,2.37022,61,4,1,1.0,1,75,150.0,18
201700054750,2017-05-25,48.834,2.44485,25,4,2,1.0,1,75,40.0,19
201700054750,2017-05-25,48.834,2.44485,19,1,1,1.0,1,75,40.0,19
201700054752,2017-05-27,48.8357,2.38605,36,4,2,1.0,1,75,160.0,10
201700054760,2017-06-01,48.845,2.36617,30,4,2,1.0,1,75,150.0,10
201700054768,2017-06-06,48.8489,2.38409,32,4,1,1.0,1,75,80.0,13
201700054782,2017-06-19,48.8374,2.39117,73,4,2,1.0,1,75,90.0,18
201700054785,2017-06-20,48.839,2.42848,22,4,1,1.0,5,75,50.0,22
201700054788,2017-06-22,48.8427,2.38477,50,4,1,1.0,1,75,70.0,9
201700054790,2017-06-23,48.8312,2.40874,42,4,1,1.0,1,75,40.0,17
201700054790,2017-06-23,48.8312,2.40874,22,4,1,1.0,1,75,40.0,17
201700054806,2017-07-08,48.8336,2.41424,40,3,1,1.0,1,75,150.0,17
201700054823,2017-07-19,48.8524,2.36941,35,4,1,1.0,5,75,125.0,23
201700054839,2017-08-08,48.8426,2.40515,37,4,2,2.0,1,75,78.0,7
201700054846,2017-08-13,48.8289,2.45206,11,4,1,1.0,1,75,100.0,13
201700054848,2017-08-14,48.8356,2.3925,39,4,1,1.0,1,75,60.0,12
201700054852,2017-08-20,48.8337,2.4451,49,3,1,1.0,1,75,50.0,18
201700054858,2017-08-25,48.839,2.38921,33,4,2,2.0,1,75,120.0,9
201700054866,2017-09-06,48.8447,2.40572,21,4,2,1.0,1,75,100.0,8
201700054879,2017-09-18,48.8397,2.40886,66,4,1,1.0,1,75,30.0,14
201700054890,2017-09-26,48.8329,2.39594,34,4,2,1.0,1,75,60.0,8
201700054905,2017-10-11,48.8519,2.37378,36,1,1,1.0,1,75,110.0,13
201700054908,2017-10-12,48.8461,2.37617,27,4,1,1.0,1,75,40.0,13
201700054919,2017-10-18,48.8377,2.40077,41,4,1,1.0,1,75,80.0,18
201700054944,2017-11-08,48.8478,2.36743,46,3,1,1.0,1,75,30.0,7
201700054949,2017-11-10,48.8535,2.36952,32,4,2,1.0,5,75,400.0,19
201700054973,2017-11-28,48.8326,2.42035,48,4,1,1.0,1,75,60.0,14
201700054982,2017-12-06,48.8242,2.42275,29,4,2,1.0,5,75,60.0,19
201700054990,2017-12-16,48.8506,2.37316,66,4,1,1.0,1,75,30.0,11
201700054998,2017-12-23,48.8475,2.40288,21,4,2,1.0,2,75,10.0,17
201700055025,2017-01-31,48.8382,2.35644,45,4,1,2.0,5,75,70.0,7
201700055026,2017-02-01,48.8317,2.37289,21,4,1,1.0,1,75,40.0,17
201700055034,2017-02-09,48.825,2.38888,36,4,2,1.0,1,75,125.0,15
201700055048,2017-02-18,48.8259,2.35142,28,4,1,1.0,1,75,60.0,11
201700055065,2017-03-10,48.8299,2.3503,26,4,1,1.0,5,75,50.0,2
201700055069,2017-03-11,48.8407,2.36958,31,4,2,1.0,1,75,150.0,17
201700055082,2017-03-26,48.8289,2.3737,19,4,1,1.0,5,75,100.0,21
201700055084,2017-03-27,48.836,2.37267,45,4,1,1.0,1,75,30.0,15
201700055096,2017-04-04,48.8391,2.35918,28,4,2,1.0,1,75,80.0,9
201700055114,2017-04-19,48.8297,2.34949,46,1,1,1.0,1,75,100.0,17
201700055127,2017-05-02,48.8273,2.36852,23,4,1,1.0,1,75,45.0,15
201700055132,2017-05-04,48.8309,2.35665,19,1,1,1.0,1,75,400.0,16
201700055146,2017-05-23,48.8192,2.35948,20,4,1,1.0,1,75,30.0,14
201700055149,2017-05-27,48.8337,2.37386,38,1,1,1.0,1,75,60.0,20
201700055149,2017-05-27,48.8337,2.37386,6,4,1,1.0,1,75,60.0,20
201700055152,2017-05-29,48.823,2.35658,27,1,1,1.0,1,75,32.0,19
201700055154,2017-05-31,48.8323,2.37979,24,4,1,1.0,1,75,100.0,11
201700055164,2017-06-06,48.8515,2.33704,42,1,1,1.0,1,75,70.0,8
201700055165,2017-06-06,48.8525,2.33881,23,4,2,1.0,1,75,60.0,8
201700055167,2017-06-08,48.8268,2.35326,20,1,1,1.0,1,75,70.0,8
201700055177,2017-06-13,48.837,2.3731,52,4,1,1.0,1,75,60.0,18
201700055184,2017-06-19,48.8234,2.37505,24,4,1,1.0,1,75,50.0,18
201700055187,2017-06-20,48.8209,2.35076,33,4,2,1.0,1,75,70.0,19
201700055192,2017-06-26,48.8258,2.35739,19,4,1,1.0,2,75,100.0,21
201700055197,2017-06-30,48.8401,2.37072,32,1,2,2.0,1,75,75.0,13
201700055197,2017-06-30,48.8401,2.37072,31,4,2,2.0,1,75,75.0,13
201700055215,2017-07-16,48.838,2.37325,17,4,1,1.0,1,75,40.0,18
201700055239,2017-08-21,48.8259,2.35207,39,4,1,1.0,2,75,110.0,20
201700055241,2017-08-24,48.8284,2.35662,27,1,1,1.0,1,75,60.0,15
201700055263,2017-09-19,48.8327,2.36217,28,1,2,2.0,1,75,62.0,8
201700055275,2017-09-28,48.8307,2.37358,37,1,1,1.0,5,75,60.0,20
201700055276,2017-09-29,48.8368,2.35941,51,4,1,1.0,1,75,35.0,8
201700055280,2017-10-05,48.8323,2.37979,35,1,1,1.0,1,75,25.0,8
201700055283,2017-10-06,48.8262,2.35729,69,4,1,1.0,1,75,200.0,15
201700055293,2017-10-11,48.8528,2.34661,35,4,1,1.0,1,75,70.0,17
201700055299,2017-10-17,48.8284,2.38035,28,4,2,1.0,1,75,60.0,18
201700055301,2017-10-19,48.8364,2.3713,38,4,2,1.0,5,75,100.0,20
201700055311,2017-10-26,48.8441,2.3231,21,4,1,1.0,5,75,180.0,20
201700055314,2017-10-31,48.8273,2.36852,23,4,2,1.0,1,75,70.0,9
201700055321,2017-11-07,48.8263,2.36146,18,1,1,1.0,1,75,60.0,9
201700055326,2017-11-16,48.8362,2.37145,35,4,1,1.0,5,75,80.0,23
201700055389,2017-02-03,48.8297,2.33103,42,4,2,1.0,1,75,25.0,10
201700055399,2017-02-07,48.833,2.33597,47,4,1,2.0,1,75,50.0,9
201700055403,2017-02-10,48.8206,2.33752,57,4,1,1.0,1,75,60.0,9
201700055413,2017-02-27,48.8348,2.34159,27,4,1,1.0,1,75,60.0,9
201700055427,2017-03-18,48.84,2.32386,18,4,1,1.0,1,75,50.0,14
201700055435,2017-03-28,48.8341,2.33328,49,4,1,1.0,1,75,30.0,16
201700055470,2017-05-11,48.8227,2.32263,61,4,2,2.0,1,75,60.0,19
201700055473,2017-05-18,48.8311,2.32965,23,4,2,2.0,5,75,220.0,0
201700055480,2017-05-24,48.831,2.31782,39,4,1,1.0,1,75,30.0,9
201700055483,2017-05-31,48.8386,2.33665,25,4,2,1.0,1,75,30.0,10
201700055525,2017-07-19,48.8372,2.3178,66,4,1,1.0,1,75,180.0,14
201700055550,2017-09-08,48.8422,2.32898,31,4,1,1.0,1,75,210.0,9
201700055552,2017-09-11,48.833,2.33597,56,4,2,1.0,1,75,80.0,18
201700055565,2017-09-26,48.8278,2.32667,22,4,1,1.0,1,75,120.0,11
201700055571,2017-09-30,48.8256,2.32605,17,4,1,2.0,5,75,160.0,5
201700055582,2017-10-12,48.8346,2.31924,79,4,1,1.0,1,75,40.0,14
201700055587,2017-10-17,48.8232,2.32552,38,4,2,1.0,1,75,150.0,17
201700055600,2017-11-04,48.8529,2.32631,38,4,2,8.0,1,75,40.0,11
201700055603,2017-11-07,48.8237,2.3232,25,4,2,1.0,1,75,90.0,15
201700055635,2017-12-16,48.8246,2.31928,36,4,1,1.0,5,75,25.0,2
201700055640,2017-12-21,48.8202,2.339,14,4,1,2.0,1,75,60.0,9
201700055642,2017-12-21,48.8315,2.31528,51,1,1,1.0,4,75,80.0,22
201700055675,2017-01-26,48.839,2.31657,57,4,2,1.0,5,75,80.0,20
201700055683,2017-02-01,48.8286,2.30138,50,4,2,1.0,5,75,160.0,20
201700055691,2017-02-06,48.8361,2.2782,37,4,1,8.0,5,75,55.0,18
201700055717,2017-03-07,48.8391,2.30003,32,4,1,1.0,1,75,100.0,15
201700055740,2017-04-05,48.8478,2.29655,21,1,1,1.0,1,75,50.0,10
201700055743,2017-04-08,48.8434,2.31404,37,4,2,1.0,1,75,40.0,13
201700055790,2017-06-18,48.8459,2.29605,44,1,1,1.0,1,75,40.0,12
201700055794,2017-06-21,48.8369,2.27834,49,4,1,1.0,5,75,90.0,22
201700055818,2017-07-27,48.8393,2.30489,51,4,2,2.0,1,75,40.0,8
201700055828,2017-08-14,48.8468,2.28568,26,1,1,1.0,1,75,90.0,17
201700055848,2017-09-19,48.8414,2.28721,27,4,2,1.0,1,75,50.0,16
201700055853,2017-09-23,48.8413,2.29817,56,4,1,1.0,1,75,100.0,11
201700055868,2017-10-05,48.8446,2.29688,28,4,1,1.0,1,75,80.0,12
201700055876,2017-10-10,48.8314,2.29119,48,4,1,1.0,2,75,50.0,19
201700055876,2017-10-10,48.8314,2.29119,28,4,1,1.0,2,75,50.0,19
201700055890,2017-10-28,48.8463,2.28206,16,4,1,1.0,1,75,90.0,14
201700055895,2017-11-02,48.8404,2.31491,53,4,1,1.0,1,75,90.0,8
201700055928,2017-12-04,48.8481,2.29018,24,4,2,1.0,5,75,40.0,19
201700055939,2017-12-11,48.8624,2.30201,29,4,1,1.0,5,75,200.0,19
201700056015,2017-02-24,48.8679,2.28107,23,4,1,1.0,5,75,100.0,21
201700056302,2017-10-06,48.8396,2.26284,37,4,1,1.0,2,75,50.0,19
201700056380,2017-11-28,48.8576,2.28364,23,1,1,2.0,1,75,1.0,8
201700056552,2017-04-10,48.8886,2.31562,21,1,1,1.0,1,75,80.0,13
201700056719,2017-09-18,48.8942,2.32057,41,4,1,1.0,3,75,80.0,20
201700056826,2017-12-21,48.8826,2.31037,48,4,1,2.0,5,75,60.0,20
201700056878,2017-02-13,48.8899,2.36307,28,1,1,1.0,1,75,80.0,9
201700056883,2017-02-23,48.89,2.3625,22,1,1,1.0,2,75,40.0,18
201700056897,2017-03-10,48.8946,2.3471,47,4,1,1.0,5,75,200.0,0
201700056904,2017-03-16,48.8932,2.33919,45,4,2,1.0,5,75,60.0,20
201700056927,2017-04-09,48.8992,2.33624,19,4,1,1.0,5,75,100.0,23
201700056975,2017-05-30,48.8839,2.32722,36,4,1,1.0,1,75,150.0,14
201700056993,2017-06-14,48.8936,2.34791,42,1,1,1.0,1,75,150.0,17
201700057017,2017-07-08,48.8931,2.33776,29,4,1,1.0,1,75,30.0,10
201700057050,2017-08-21,48.9005,2.34411,25,4,1,1.0,1,75,150.0,14
201700057069,2017-09-14,48.8987,2.37027,46,4,1,1.0,1,75,80.0,13
201700057081,2017-10-03,48.8986,2.36293,36,1,1,1.0,1,75,50.0,14
201700057113,2017-11-07,48.8855,2.34735,42,1,1,1.0,1,75,35.0,7
201700057114,2017-11-07,48.8952,2.32817,52,3,1,1.0,1,75,140.0,14
201700057161,2017-12-15,48.8846,2.3295,26,4,2,8.0,1,75,150.0,9
201700057167,2017-12-20,48.8842,2.34946,42,4,1,1.0,1,75,120.0,11
201700057203,2017-02-11,48.8886,2.37919,29,4,1,8.0,2,75,40.0,18
201700057246,2017-03-30,48.883,2.38608,28,4,1,1.0,5,75,60.0,21
201700057246,2017-03-30,48.883,2.38608,20,1,1,1.0,5,75,60.0,21
201700057256,2017-04-08,48.8827,2.3899,27,4,1,1.0,1,75,80.0,19
201700057301,2017-05-22,48.8913,2.36879,14,4,1,1.0,1,75,50.0,18
201700057308,2017-05-26,48.8808,2.37393,17,4,1,1.0,5,75,70.0,23
201700057312,2017-06-01,48.8894,2.38091,58,4,1,1.0,1,75,80.0,10
201700057313,2017-06-02,48.8795,2.38953,34,4,1,1.0,5,75,80.0,0
201700057337,2017-06-28,48.8859,2.3822,56,4,1,1.0,2,75,150.0,21
201700057369,2017-08-10,48.873,2.38078,42,4,1,8.0,2,75,70.0,6
201700057378,2017-08-28,48.888,2.37377,32,1,1,1.0,1,75,50.0,17
201700057382,2017-08-29,48.8894,2.37045,34,1,1,1.0,1,75,200.0,19
201700057404,2017-09-27,48.8901,2.37741,35,1,1,1.0,1,75,25.0,12
201700057446,2017-11-14,48.8868,2.38552,57,4,1,1.0,5,75,20.0,20
201700057446,2017-11-14,48.8868,2.38552,33,1,2,1.0,5,75,20.0,20
201700057463,2017-12-05,48.8982,2.38619,55,4,2,1.0,2,75,250.0,8
201700057491,2017-01-12,48.8781,2.40963,24,4,1,1.0,5,75,100.0,7
201700057602,2017-06-09,48.8716,2.40321,37,1,1,8.0,1,75,125.0,8
201700057664,2017-08-24,48.8579,2.40364,18,4,1,1.0,1,75,90.0,17
201700057666,2017-08-30,48.864,2.39186,24,4,1,8.0,5,75,90.0,21
201700057667,2017-08-31,48.8583,2.40317,44,4,2,1.0,1,75,40.0,14
201700057670,2017-09-06,48.8558,2.41019,33,4,1,1.0,1,75,30.0,9
201700057682,2017-09-19,48.8535,2.41086,27,1,2,2.0,1,75,100.0,8
201700057683,2017-09-19,48.8531,2.40594,60,4,1,1.0,1,75,80.0,13
201700057686,2017-09-22,48.8682,2.38773,29,3,1,1.0,5,75,60.0,20
201700057712,2017-10-23,48.8715,2.39567,28,4,1,2.0,5,75,30.0,20
201700057745,2017-11-29,48.8635,2.41069,51,4,2,1.0,1,75,60.0,8
201700057811,2017-03-23,48.8937,2.34216,29,1,1,1.0,1,75,35.0,12
201700057815,2017-03-28,48.8999,2.35863,37,3,1,1.0,1,75,120.0,8
201700057841,2017-04-19,48.885,2.34948,73,3,1,1.0,1,75,139.0,9
201700057871,2017-05-23,48.8762,2.34512,32,4,1,1.0,1,75,104.0,19
201700057894,2017-06-16,48.8665,2.33413,44,3,1,1.0,1,75,190.0,10
201700057915,2017-07-01,48.8642,2.30214,66,3,2,1.0,1,75,190.0,14
201700057917,2017-07-02,48.865,2.23445,45,4,1,1.0,1,75,78.0,16
201700057950,2017-08-02,48.8582,2.29226,42,4,1,1.0,1,75,202.0,15
201700057955,2017-08-12,48.8925,2.38818,51,1,1,2.0,1,75,25.0,16
201700057955,2017-08-12,48.8925,2.38818,28,3,2,2.0,1,75,25.0,16
201700057962,2017-08-21,48.8357,2.31847,59,1,1,1.0,1,75,47.0,16
201700057964,2017-08-22,48.8494,2.28155,50,2,1,1.0,5,75,214.0,23
201700057974,2017-09-07,48.8517,2.36442,58,4,1,1.0,1,75,142.0,12
201700057976,2017-09-10,48.846,2.31811,46,1,1,1.0,5,75,187.0,20
201700057979,2017-09-12,48.8384,2.25701,23,4,1,1.0,1,75,281.0,17
201700058004,2017-10-04,48.8206,2.44532,50,3,1,1.0,1,75,71.0,11
201700058009,2017-10-10,48.8673,2.36338,50,1,1,1.0,1,75,119.0,13
201700058009,2017-10-10,48.8673,2.36338,31,4,2,1.0,1,75,119.0,13
201700058019,2017-10-22,48.8382,2.34951,68,1,1,1.0,1,75,52.0,16
201700058060,2017-11-29,48.8743,2.29449,34,2,2,1.0,1,75,222.0,8
201700058071,2017-12-13,48.8642,2.30214,26,3,1,8.0,1,75,190.0,14
201700058935,2017-05-06,-20.943,55.35582,44,4,1,1.0,1,974,60.0,7
201700058958,2017-06-04,-21.11519,55.6511,48,3,1,1.0,1,974,60.0,9
201700058968,2017-09-15,-21.00808,55.27485,15,3,1,1.0,1,974,710.0,14
201700059006,2017-10-05,-21.21815,55.54885,14,3,1,1.0,1,974,90.0,12
201700059211,2017-08-02,-21.04214,55.25371,49,3,1,1.0,2,974,510.0,6
201700059242,2017-08-18,-21.33321,55.47368,13,3,1,1.0,3,974,10.0,18
201700059242,2017-08-18,-21.33321,55.47368,13,4,1,1.0,3,974,10.0,18
201700059244,2017-09-06,-21.28171,55.40711,19,3,1,1.0,3,974,10.0,21
201700059262,2017-06-18,-21.0515,55.68428,13,3,1,1.0,1,974,15.0,16
201700059398,2017-02-28,-21.38035,55.60846,44,3,1,1.0,5,974,69.0,20
201700059418,2017-02-22,-21.28781,55.50791,22,3,1,1.0,1,974,78.0,17
201700059420,2017-03-26,-21.26519,55.49661,17,4,1,8.0,1,974,35.0,15
201700059420,2017-03-26,-21.26519,55.49661,16,4,2,8.0,1,974,35.0,15
201700059427,2017-07-24,-21.26246,55.5197,54,3,1,1.0,1,974,70.0,16
201700059460,2017-10-11,16.24677,-61.33487,15,3,1,1.0,1,971,46.0,15
201700059502,2017-04-29,16.21731,-61.51503,22,3,1,2.0,1,971,35.0,5
201700059528,2017-07-29,16.26423,-61.51266,41,3,1,1.0,5,971,144.0,22
201700059854,2017-02-12,4.92349,-52.31548,13,3,1,1.0,1,973,70.0,14
201700059925,2017-05-06,4.93982,-52.33074,23,4,1,1.0,1,973,60.0,9
201700059941,2017-05-27,4.9398,-52.32853,24,4,1,1.0,5,973,60.0,2
201700059956,2017-06-09,4.91762,-52.30769,18,3,1,2.0,1,973,60.0,9
201700059959,2017-06-10,4.93902,-52.31927,10,4,1,1.0,1,973,60.0,18
201700059960,2017-06-12,4.91272,-52.30965,34,3,1,1.0,1,973,30.0,18
201700059973,2017-06-19,4.92919,-52.30186,33,4,1,1.0,5,973,60.0,19
201700059976,2017-06-22,4.90773,-52.32191,2017,4,1,1.0,1,973,60.0,14
201700059995,2017-07-13,4.92236,-52.32127,37,3,1,1.0,5,973,63.0,23
201700060000,2017-07-19,4.93869,-52.33216,29,3,1,1.0,1,973,60.0,10
201700060020,2017-08-04,4.9342,-52.31685,54,4,1,1.0,3,973,80.0,21
201700060040,2017-09-04,4.91726,-52.29922,37,3,1,1.0,1,973,60.0,14
201700060044,2017-09-05,4.92617,-52.31361,31,3,2,1.0,5,973,80.0,21
201700060051,2017-09-07,4.92953,-52.30751,47,3,1,1.0,1,973,30.0,14
201700060064,2017-09-18,4.93711,-52.32501,51,4,1,1.0,1,973,90.0,6
201700060154,2017-11-21,4.92793,-52.31851,35,3,1,1.0,2,973,80.0,18
201700060202,2017-01-03,-20.93337,55.29241,24,4,2,1.0,1,974,40.0,18
201700060212,2017-02-28,-20.93059,55.30859,51,4,1,1.0,1,974,70.0,18
201700060258,2017-08-24,-20.94856,55.29382,9,4,1,1.0,1,974,50.0,15
201700060263,2017-10-09,-20.94247,55.29183,24,3,2,1.0,1,974,60.0,15
201700060268,2017-08-19,-20.93865,55.29672,24,4,1,1.0,5,974,60.0,1
201700060286,2017-11-29,-20.97184,55.67466,53,3,1,1.0,1,974,50.0,14
201700060289,2017-07-08,-20.93253,55.64798,10,3,1,1.0,1,974,64.0,7
201700060300,2017-12-14,-20.96288,55.65863,59,3,1,1.0,1,974,40.0,18
201700060336,2017-07-12,-20.90389,55.49506,28,1,1,1.0,1,974,40.0,6
201700060342,2017-10-30,-20.90548,55.48412,9,3,1,3.0,5,974,88.0,20
201700060353,2017-12-20,-20.90899,55.50451,14,3,1,1.0,1,974,50.0,18
201700060359,2017-01-10,-21.00001,55.50001,16,3,1,1.0,1,974,31.0,17
201700060397,2017-04-07,-21.33593,55.47648,11,4,1,1.0,1,974,40.0,15
201700060405,2017-04-17,-21.29987,55.42295,52,2,1,1.0,3,974,106.0,6
201700060519,2017-11-11,-21.31957,55.47825,14,3,1,1.0,1,974,15.0,13
201800000736,2018-01-23,49.2797,-0.7088,38,4,2,2.0,5,14,62.0,18
201800000812,2018-01-23,46.20415,5.24072,55,4,2,1.0,1,01,60.0,16
201800000991,2018-01-02,47.70708,-0.08323,67,3,1,2.0,2,72,25.0,8
201800001363,2018-06-02,45.64839,0.07148,40,3,1,1.0,1,16,53.0,18
201800001363,2018-06-02,45.64839,0.07148,2,1,2,1.0,1,16,53.0,18
201800001375,2018-10-30,45.71311,-0.31748,45,3,2,1.0,1,16,45.0,15
201800001384,2018-04-24,46.20174,-1.44801,17,2,1,1.0,3,17,100.0,1
201800001392,2018-07-27,46.19373,-1.36958,83,3,1,1.0,1,17,103.0,10
201800001395,2018-08-21,46.20328,-1.45739,19,3,1,1.0,3,17,67.0,5
201800001395,2018-08-21,46.20328,-1.45739,20,2,2,1.0,3,17,67.0,5
201800001461,2018-08-20,46.35351,-0.30776,31,4,1,1.0,1,79,75.0,17
201800003020,2018-04-26,48.04025,7.13937,25,4,1,1.0,1,68,60.0,15
201800003029,2018-06-30,47.97451,7.04779,46,3,1,1.0,3,68,55.0,1
201800003068,2018-04-04,47.9563,7.29431,11,4,2,1.0,1,68,65.0,17
201800005331,2018-01-18,43.63629,6.93338,53,4,2,1.0,1,06,40.0,13
201800005580,2018-02-01,43.70987,7.28784,45,4,1,1.0,1,06,150.0,16
201800008207,2018-02-11,43.1691,5.60383,60,4,2,1.0,1,13,50.0,10
201800008379,2018-01-21,43.30193,5.40062,24,3,1,1.0,1,13,150.0,14
201800008500,2018-02-10,43.29785,5.37282,28,3,2,1.0,1,13,67.0,10
201800008588,2018-02-23,43.30119,5.36731,26,1,1,1.0,5,13,40.0,21
201800008602,2018-02-27,43.33975,5.48227,12,4,1,1.0,1,13,85.0,8
201800008603,2018-02-27,43.2932,5.49517,59,4,1,1.0,1,13,62.0,11
201800008613,2018-02-28,43.2847,5.4212,35,4,1,1.0,1,13,70.0,8
201800008616,2018-02-28,43.29118,5.38077,24,4,1,1.0,1,13,60.0,17
201800008666,2018-03-14,43.25265,5.38215,14,4,1,1.0,1,13,60.0,12
201800008762,2018-03-30,43.34536,5.46489,69,4,1,1.0,1,13,60.0,11
201800010509,2018-01-19,47.8271,7.25227,66,4,1,2.0,1,68,7.0,14
201800011300,2018-06-19,45.92074,-0.83496,14,3,1,1.0,1,17,55.0,11
201800011300,2018-06-19,45.92074,-0.83496,14,3,1,1.0,1,17,55.0,11
201800011323,2018-06-30,45.85162,-1.2191,33,3,1,1.0,1,17,63.0,9
201800011344,2018-03-27,45.89065,-0.66633,67,3,1,3.0,1,17,49.0,15
201800011374,2018-07-27,45.7631,-0.49251,70,2,1,1.0,1,17,29.0,12
201800012379,2018-07-01,45.53056,0.04067,47,3,1,1.0,1,16,107.0,10
201800012396,2018-02-21,45.78861,0.41803,62,4,1,1.0,1,16,85.0,15
201800012455,2018-10-19,45.9699,0.27648,59,3,1,1.0,3,16,36.0,1
201800012603,2018-08-01,45.09,4.02125,75,3,1,1.0,1,43,60.0,12
201800012613,2018-05-18,45.0902,3.49444,84,3,1,1.0,1,43,70.0,9
201800012663,2018-06-07,45.1174,4.2881,87,2,1,2.0,1,43,50.0,17
201800013383,2018-01-05,49.12375,-1.5039,40,3,1,7.0,1,50,65.0,15
201800016125,2018-01-13,48.02407,7.31173,68,3,1,1.0,1,68,35.0,16
201800016176,2018-04-27,47.67157,7.176,23,4,1,1.0,1,68,72.0,16
201800016180,2018-06-04,47.67175,7.26534,16,3,1,1.0,1,68,56.0,14
201800016218,2018-01-18,47.49552,7.48333,52,3,1,6.0,2,68,68.0,16
201800016239,2018-04-20,47.84907,7.34654,19,4,1,1.0,3,68,65.0,2
201800018390,2018-10-07,46.95151,-0.5917,38,4,1,1.0,1,79,55.0,16
201800018415,2018-09-05,46.81953,-0.14296,60,3,1,1.0,1,79,43.0,14
201800019564,2018-03-28,45.94349,-0.97521,68,4,2,2.0,1,17,59.0,13
201800019583,2018-01-09,46.16974,-1.15196,30,4,1,8.0,1,17,69.0,15
201800019584,2018-01-10,46.14844,-1.15444,57,4,2,1.0,1,17,62.0,12
201800019586,2018-01-12,46.18149,-1.1241,57,4,1,1.0,5,17,41.0,19
201800019586,2018-01-12,46.18149,-1.1241,45,1,1,1.0,5,17,41.0,19
201800019590,2018-01-19,46.14441,-1.14128,13,4,1,1.0,1,17,79.0,8
201800019598,2018-01-31,46.16272,-1.16143,17,3,1,2.0,5,17,65.0,7
201800019600,2018-02-02,46.15451,-1.13616,22,4,2,1.0,1,17,26.0,15
201800019605,2018-02-14,46.15281,-1.14862,29,3,2,3.0,5,17,106.0,19
201800019614,2018-03-09,46.15859,-1.14937,41,3,1,1.0,1,17,38.0,8
201800019615,2018-03-09,46.14774,-1.15849,19,4,2,1.0,1,17,90.0,14
201800019616,2018-03-13,46.15377,-1.18705,21,3,1,1.0,1,17,74.0,18
201800019698,2018-08-09,46.15815,-1.15119,73,4,2,1.0,1,17,56.0,18
201800020702,2018-02-19,47.19114,5.2263,34,3,2,1.0,1,21,40.0,13
201800020759,2018-03-07,48.73407,-3.4443,39,4,2,1.0,1,22,50.0,14
201800020794,2018-01-31,48.51412,-2.74228,18,4,1,1.0,1,22,50.0,11
201800020802,2018-02-17,48.49227,-2.72701,28,4,1,1.0,2,22,50.0,19
201800021156,2018-04-16,46.11078,-0.10896,70,3,1,1.0,1,79,70.0,9
201800021277,2018-02-27,44.92247,4.88982,18,4,1,1.0,1,26,61.0,13
201800021477,2018-01-05,49.28046,1.22624,54,4,1,1.0,1,27,200.0,11
201800021944,2018-05-21,47.81071,7.50605,62,3,1,1.0,1,68,75.0,11
201800022270,2018-01-17,47.98875,-4.0747,31,4,1,1.0,3,29,96.0,20
201800022469,2018-01-03,44.12125,4.09208,61,4,2,1.0,1,30,147.0,15
201800022479,2018-01-28,44.12699,4.07571,53,3,1,1.0,1,30,140.0,15
201800022530,2018-01-13,43.81515,4.36852,21,4,1,1.0,1,30,110.0,10
201800023836,2018-01-15,44.82028,-0.54973,16,4,1,2.0,1,33,60.0,16
201800023853,2018-02-01,44.77007,-0.629,32,3,2,2.0,2,33,30.0,17
201800024231,2018-01-05,43.62712,3.86951,27,3,2,1.0,1,34,84.0,12
201800024234,2018-01-03,43.60143,3.89885,31,4,1,1.0,5,34,110.0,18
201800024282,2018-03-20,43.61701,3.86115,26,3,2,1.0,5,34,60.0,19
201800025143,2018-05-25,46.7757,1.64841,35,4,1,1.0,1,36,86.0,15
201800025180,2018-01-05,47.42678,0.70804,76,4,1,1.0,1,37,70.0,16
201800025192,2018-01-15,47.41845,0.68156,55,4,1,1.0,5,37,70.0,7
201800025213,2018-01-26,47.4113,0.69116,49,4,2,1.0,1,37,60.0,8
201800025217,2018-01-26,47.38865,0.69062,16,4,2,1.0,1,37,210.0,12
201800025222,2018-02-01,47.40828,0.70853,47,4,1,1.0,4,37,70.0,6
201800026214,2018-03-22,45.0394,3.88198,15,1,1,1.0,1,43,50.0,17
201800026239,2018-01-06,47.25782,-2.32417,80,3,1,8.0,1,44,63.0,10
201800026241,2018-02-20,47.25822,-2.33556,48,3,1,7.0,1,44,80.0,11
201800026734,2018-02-08,47.93616,1.90933,26,3,1,1.0,1,45,60.0,16
201800026740,2018-02-21,47.90637,1.87814,48,4,2,1.0,2,45,72.0,7
201800026741,2018-02-22,47.93413,1.89635,37,2,1,1.0,1,45,142.0,15
201800026748,2018-03-10,47.89131,1.90479,20,3,1,1.0,1,45,30.0,11
201800026753,2018-03-20,47.90583,1.90974,21,4,2,1.0,1,45,121.0,12
201800026756,2018-03-24,47.89901,1.9136,58,1,2,1.0,1,45,50.0,10
201800027121,2018-01-15,47.47432,-0.51588,18,4,1,8.0,5,49,77.0,18
201800027128,2018-01-19,47.46026,-0.55463,19,4,2,1.0,2,49,60.0,18
201800027134,2018-01-23,47.47189,-0.56724,25,4,2,1.0,1,49,68.0,17
201800027135,2018-01-25,47.45256,-0.52554,16,1,2,1.0,1,49,39.0,8
201800027163,2018-02-21,47.44081,-0.49862,15,1,1,1.0,1,49,85.0,15
201800027163,2018-02-21,47.44081,-0.49862,78,3,1,1.0,1,49,85.0,15
201800027190,2018-03-15,47.46962,-0.56102,20,4,1,1.0,5,49,58.0,7
201800027201,2018-03-22,47.4427,-0.49542,22,4,2,1.0,1,49,35.0,13
201800027580,2018-01-14,47.05446,-0.89912,88,3,1,1.0,1,49,70.0,12
201800027677,2018-01-28,49.6613,-1.68142,74,4,1,1.0,1,50,116.0,8
201800027952,2018-02-13,49.26141,4.03102,40,1,1,7.0,1,51,120.0,11
201800028222,2018-01-15,48.07956,-0.80464,15,4,2,8.0,2,53,10.0,17
201800028226,2018-02-12,48.06328,-0.74995,22,3,1,1.0,1,53,61.0,11
201800029019,2018-03-12,49.25877,6.08333,80,3,1,8.0,1,57,95.0,16
201800029042,2018-01-16,49.11489,6.18416,7,4,1,2.0,4,57,24.0,18
201800029094,2018-02-16,49.36513,6.20412,53,4,1,1.0,1,57,80.0,10
201800029349,2018-01-15,50.35585,3.28073,35,3,1,1.0,5,59,50.0,19
201800029352,2018-02-22,50.38598,3.1595,87,3,1,7.0,1,59,50.0,15
201800029359,2018-03-27,50.36497,3.06903,48,3,1,1.0,1,59,110.0,17
201800029893,2018-05-27,47.85569,7.23726,73,3,1,1.0,1,68,57.0,11
201800029894,2018-06-16,47.87306,7.16862,39,4,1,1.0,1,68,48.0,18
201800030142,2018-07-13,45.62533,-0.02678,63,2,1,1.0,1,16,56.0,12
201800030162,2018-08-18,46.08215,-1.07056,81,3,1,7.0,1,17,61.0,10
201800030371,2018-03-26,50.40944,2.75682,56,3,2,1.0,3,62,67.0,7
201800030377,2018-02-23,50.40371,2.90783,12,3,1,1.0,1,62,50.0,13
201800030533,2018-02-27,43.4932,-1.51029,64,4,1,1.0,1,64,90.0,17
201800030711,2018-01-02,43.2787,-0.38851,29,4,1,2.0,5,64,50.0,4
201800030718,2018-01-09,43.3023,-0.35405,39,4,1,1.0,5,64,62.0,18
201800030720,2018-01-10,43.3177,-0.37837,17,4,2,1.0,5,64,100.0,7
201800030721,2018-01-10,43.3371,-0.46063,64,4,1,1.0,1,64,150.0,15
201800030727,2018-01-12,43.3078,-0.33918,60,4,1,2.0,1,64,200.0,10
201800030745,2018-02-12,43.2976,-0.30382,62,4,1,1.0,1,64,90.0,10
201800030753,2018-02-21,43.3022,-0.36061,50,4,2,2.0,1,64,88.0,11
201800030761,2018-03-14,43.3003,-0.36607,48,4,1,1.0,2,64,40.0,19
201800031187,2018-02-08,42.6886,2.9101,27,4,1,1.0,1,66,50.0,18
201800031191,2018-02-12,42.69403,2.93593,16,4,1,1.0,1,66,70.0,7
201800031608,2018-01-18,48.26318,7.44092,14,4,1,3.0,5,67,92.0,17
201800031622,2018-01-01,48.55443,7.76622,37,4,1,2.0,5,67,90.0,5
201800031630,2018-01-13,48.5689,7.75165,24,4,1,1.0,5,67,70.0,0
201800031633,2018-01-16,48.57872,7.7454,11,4,1,1.0,1,67,60.0,13
201800031639,2018-01-19,48.59376,7.77173,46,4,1,2.0,5,67,20.0,18
201800031639,2018-01-19,48.59376,7.77173,43,4,1,2.0,5,67,20.0,18
201800031648,2018-01-31,48.59199,7.76947,21,4,2,2.0,5,67,80.0,17
201800031649,2018-01-31,48.56053,7.69319,43,4,1,2.0,5,67,80.0,20
201800031658,2018-02-12,48.5859,7.77413,87,4,1,1.0,5,67,60.0,1
201800031663,2018-02-13,48.5893,7.74986,16,4,2,1.0,1,67,60.0,16
201800031675,2018-03-08,48.57173,7.75493,56,3,1,2.0,5,67,40.0,5
201800031676,2018-03-08,48.57665,7.74139,33,1,1,1.0,1,67,30.0,9
201800031677,2018-03-09,48.56165,7.6958,23,4,1,1.0,5,67,60.0,1
201800031680,2018-03-12,48.57076,7.71009,56,4,1,2.0,1,67,60.0,7
201800031686,2018-03-16,48.59884,7.7529,21,4,2,1.0,5,67,57.0,20
201800031690,2018-03-26,48.58074,7.72763,22,4,1,1.0,1,67,200.0,19
201800031691,2018-03-27,48.61081,7.76645,34,4,2,1.0,1,67,60.0,13
201800032097,2018-01-06,48.08133,7.35336,19,3,1,2.0,5,68,140.0,0
201800032099,2018-01-05,48.06931,7.33142,23,3,1,1.0,3,68,80.0,18
201800032151,2018-02-06,47.73983,7.3026,79,3,2,1.0,1,68,189.0,9
201800032234,2018-01-02,45.58935,4.77103,27,4,1,1.0,1,69,94.0,16
201800032236,2018-01-30,45.59402,4.76995,43,4,1,1.0,5,69,78.0,19
201800032351,2018-01-23,45.7086,4.9192,33,3,1,8.0,2,69,84.0,7
201800032358,2018-01-31,45.77296,4.85975,23,4,1,1.0,1,69,92.0,8
201800032366,2018-02-06,45.77034,4.99287,60,4,2,2.0,5,69,84.0,19
201800032379,2018-02-26,45.757,4.88,31,4,1,1.0,2,69,61.0,18
201800032399,2018-03-19,45.77242,4.95693,86,4,1,1.0,1,69,90.0,16
201800032834,2018-01-23,46.79396,4.85264,57,3,1,1.0,1,71,121.0,13
201800033248,2018-03-27,45.68811,5.90973,26,3,1,2.0,2,73,90.0,17
201800033353,2018-01-14,45.91476,6.12952,49,3,2,1.0,2,74,55.0,7
201800033412,2018-01-12,46.19378,6.22838,42,4,2,1.0,1,74,40.0,8
201800033433,2018-02-16,46.19662,6.24243,21,4,2,1.0,1,74,70.0,11
201800033736,2018-03-09,49.51271,0.11068,44,4,1,1.0,5,76,53.0,19
201800034668,2018-01-18,48.995,1.93354,31,3,1,2.0,3,78,10.0,7
201800034874,2018-05-24,46.33856,-0.4468,47,4,2,1.0,1,79,120.0,18
201800034875,2018-05-25,46.31069,-0.47416,7,3,2,1.0,1,79,50.0,8
201800034883,2018-08-24,46.33985,-0.40369,23,3,1,1.0,1,79,225.0,13
201800034889,2018-09-19,46.31979,-0.45483,50,3,2,1.0,1,79,110.0,11
201800034891,2018-10-23,46.32455,-0.4556,22,1,1,1.0,1,79,70.0,11
201800035246,2018-03-06,44.04508,1.11477,49,4,1,1.0,1,82,83.0,7
201800035500,2018-01-31,43.12968,5.92062,20,4,2,1.0,2,83,75.0,17
201800035508,2018-02-19,43.12863,6.01921,54,3,1,2.0,5,83,60.0,6
201800035842,2018-01-23,46.57818,0.35073,27,4,1,2.0,2,86,70.0,19
201800035843,2018-01-25,46.56983,0.31506,30,3,1,2.0,5,86,60.0,19
201800035870,2018-03-29,46.62766,0.30556,52,4,2,1.0,1,86,60.0,9
201800035972,2018-01-06,45.8412,1.26182,27,4,2,2.0,2,87,60.0,8
201800035985,2018-01-24,45.8249,1.27476,68,4,1,1.0,1,87,120.0,17
201800035988,2018-01-22,45.8363,1.26441,27,4,1,1.0,1,87,60.0,13
201800037035,2018-01-05,48.7142,2.25825,55,4,1,1.0,5,91,70.0,7
201800037459,2018-06-27,48.83879,2.24,55,4,2,1.0,1,92,75.0,17
201800037545,2018-05-24,48.76489,2.26539,39,3,1,1.0,1,92,97.0,8
201800037996,2018-03-09,48.8877,2.2531,44,1,2,2.0,2,92,30.0,18
201800037996,2018-03-09,48.8877,2.2531,87,4,2,2.0,2,92,30.0,18
201800038112,2018-06-15,48.0,2.2,32,4,1,1.0,5,92,80.0,21
201800038207,2018-05-14,48.82277,2.26347,48,3,1,2.0,1,92,56.0,19
201800038357,2018-03-14,48.8079,2.23595,45,4,2,1.0,1,92,60.0,15
201800038375,2018-07-01,48.81772,2.20428,36,3,1,1.0,1,92,70.0,9
201800038420,2018-03-16,48.80103,2.28107,48,3,2,2.0,5,92,86.0,20
201800038439,2018-05-28,48.81835,2.31959,33,4,2,2.0,1,92,20.0,18
201800038588,2018-06-20,48.8914,2.20025,43,4,1,1.0,1,92,120.0,16
201800038699,2018-05-25,48.88007,2.79664,23,3,1,3.0,1,92,35.0,16
201800038759,2018-06-15,48.87779,2.23992,32,4,1,1.0,1,92,40.0,8
201800038816,2018-05-24,48.88142,2.18412,33,4,2,1.0,1,92,120.0,8
201800038824,2018-06-07,48.88946,2.17882,33,4,2,1.0,1,92,70.0,8
201800038826,2018-06-08,48.86469,2.18833,23,4,1,1.0,1,92,70.0,7
201800038927,2018-06-23,48.84062,2.19357,34,4,1,7.0,1,92,41.0,10
201800038985,2018-02-02,48.82194,2.20661,40,4,1,2.0,1,92,100.0,8
201800038995,2018-03-09,48.80051,2.18932,33,4,2,1.0,1,92,100.0,9
201800039006,2018-04-23,48.8248,2.21378,43,1,1,1.0,1,92,130.0,8
201800039008,2018-05-10,48.82711,2.22347,29,1,1,1.0,1,92,130.0,12
201800039009,2018-05-15,48.81014,2.19036,42,4,1,1.0,1,92,120.0,9
201800039028,2018-07-23,48.803,2.18837,13,4,1,1.0,1,92,70.0,12
201800039123,2018-04-03,48.82104,2.28842,27,4,2,1.0,2,92,100.0,8
201800039193,2018-06-21,48.93485,2.32064,36,4,1,1.0,1,92,60.0,19
201800039267,2018-06-18,48.91931,2.38253,45,4,2,1.0,1,93,50.0,14
201800039630,2018-05-04,48.91709,2.47952,45,4,1,1.0,1,93,30.0,14
201800039808,2018-06-24,48.92768,2.38359,9,4,1,1.0,1,93,50.0,16
201800040082,2018-02-02,48.88311,2.41136,46,4,1,8.0,1,93,60.0,9
201800040085,2018-02-05,48.8705,2.417,31,3,1,1.0,1,93,30.0,8
201800040160,2018-02-03,48.92067,2.52056,16,3,1,2.0,5,93,35.0,19
201800040425,2018-07-02,48.46,2.5,35,3,1,1.0,1,93,50.0,9
201800040590,2018-04-16,48.89483,2.40963,35,3,1,1.0,1,93,40.0,12
201800040603,2018-06-15,48.89597,2.40961,14,3,1,1.0,1,93,30.0,8
201800040650,2018-02-24,48.88826,2.5101,49,4,1,1.0,5,93,45.0,19
201800040692,2018-07-13,48.8851,2.50523,52,4,1,1.0,1,93,100.0,9
201800040826,2018-02-21,48.93084,2.3564,27,1,1,1.0,1,93,1.0,15
201800041337,2018-03-27,48.80522,2.42059,11,4,1,2.0,1,94,30.0,16
201800041350,2018-06-28,48.81454,2.41087,30,4,2,1.0,1,94,120.0,16
201800041404,2018-03-18,48.70579,2.53122,46,4,1,2.0,5,94,70.0,22
201800041407,2018-03-22,48.74297,2.50073,57,4,1,1.0,1,94,80.0,14
201800041426,2018-05-07,48.76744,2.53289,50,4,1,1.0,1,94,80.0,20
201800041430,2018-05-15,48.73812,2.55243,12,4,1,1.0,1,94,60.0,18
201800041555,2018-03-09,48.81118,2.55661,30,4,1,2.0,1,94,25.0,11
201800041574,2018-06-02,48.81366,2.51015,21,3,1,1.0,5,94,70.0,3
201800041647,2018-01-13,48.81726,2.45892,25,4,1,1.0,5,94,110.0,21
201800041659,2018-04-17,48.81908,2.40576,30,3,1,1.0,5,94,37.0,22
201800041663,2018-05-02,48.82007,2.4156,49,1,1,1.0,1,94,37.0,10
201800041676,2018-07-11,48.827,2.40491,53,4,1,1.0,1,94,120.0,10
201800041745,2018-04-21,48.78988,2.53169,86,4,1,1.0,1,94,30.0,9
201800041839,2018-01-29,48.74733,2.41433,23,4,2,1.0,1,94,50.0,14
201800041841,2018-01-31,48.76516,2.4119,18,3,1,2.0,1,94,70.0,17
201800041872,2018-06-19,48.76579,2.41047,27,4,1,1.0,5,94,70.0,22
201800041934,2018-01-08,48.75682,2.4833,69,4,1,7.0,1,94,40.0,15
201800041979,2018-04-24,48.78366,2.44236,46,4,1,1.0,5,94,70.0,21
201800041996,2018-05-28,48.79624,2.46351,33,3,1,1.0,1,94,120.0,6
201800042010,2018-06-25,48.77163,2.45867,18,3,1,1.0,1,94,60.0,18
201800042074,2018-01-08,48.84981,2.46544,16,4,1,1.0,2,94,30.0,17
201800042082,2018-03-29,48.8512,2.47443,17,4,2,1.0,1,94,50.0,8
201800042092,2018-06-14,48.85361,2.45241,23,4,1,1.0,2,94,42.0,21
201800042096,2018-07-07,48.8539,2.46971,30,1,1,1.0,1,94,14.0,20
201800042136,2018-02-16,48.80006,2.34276,70,2,1,1.0,1,94,100.0,13
201800042188,2018-06-11,48.7858,2.37269,7,3,1,3.0,1,94,55.0,19
201800042237,2018-02-01,48.7511,2.40293,81,3,2,1.0,1,94,60.0,11
201800042290,2018-06-04,48.77125,2.40094,47,4,1,1.0,1,94,80.0,18
201800042458,2018-05-15,48.81459,2.40683,39,4,1,1.0,1,94,60.0,14
201800042480,2018-07-12,48.82199,2.39284,27,4,1,1.0,1,94,100.0,9
201800042668,2018-05-08,48.80563,2.43147,39,4,1,1.0,1,94,150.0,16
201800042740,2018-03-10,48.83205,2.4765,56,4,1,1.0,1,94,62.0,17
201800042757,2018-05-28,48.82011,2.48021,34,4,1,1.0,1,94,140.0,7
201800042811,2018-01-15,48.79363,2.50892,42,4,2,2.0,5,94,59.0,17
201800042814,2018-01-24,48.8021,2.4816,62,4,1,1.0,1,94,40.0,12
201800042833,2018-03-14,48.7916,2.5035,18,4,1,1.0,1,94,80.0,12
201800042838,2018-04-03,48.81102,2.46933,16,4,1,2.0,1,94,60.0,17
201800042847,2018-04-25,48.81025,2.4744,20,4,1,1.0,1,94,40.0,10
201800042849,2018-04-27,48.79785,2.50106,17,1,1,1.0,1,94,69.0,19
201800042856,2018-05-12,48.7966,2.50606,19,4,1,2.0,1,94,80.0,16
201800042864,2018-05-30,48.78455,2.49217,64,4,1,1.0,1,94,62.0,11
201800042874,2018-06-16,48.79269,2.51227,13,4,1,1.0,1,94,50.0,18
201800042876,2018-06-20,48.80654,2.47878,28,4,1,1.0,1,94,71.0,19
201800042993,2018-05-15,48.74845,2.45688,74,2,2,1.0,1,94,30.0,9
201800042997,2018-05-23,48.74757,2.43677,10,4,1,1.0,2,94,80.0,20
201800042998,2018-05-25,48.7395,2.45688,12,3,1,1.0,1,94,56.0,17
201800043011,2018-06-15,48.74811,2.46756,38,4,1,1.0,1,94,80.0,19
201800043138,2018-07-09,48.847,2.444,68,4,2,7.0,1,94,30.0,18
201800043171,2018-01-10,48.79607,2.41315,23,4,1,2.0,2,94,100.0,7
201800043172,2018-01-11,48.78951,2.38918,44,4,1,8.0,5,94,60.0,7
201800043196,2018-03-24,48.79421,2.39645,18,4,1,1.0,1,94,80.0,11
201800043205,2018-04-15,48.79278,2.39128,57,4,2,1.0,1,94,60.0,13
201800043207,2018-04-20,48.79862,2.40036,60,4,2,1.0,1,94,80.0,12
201800043208,2018-04-22,48.80616,2.40482,32,4,2,1.0,1,94,60.0,20
201800047326,2018-01-16,45.78499,4.83263,43,4,2,1.0,1,69,80.0,12
201800047344,2018-01-23,45.76085,4.82497,55,3,1,1.0,1,69,58.0,9
201800047353,2018-01-30,45.75929,4.8297,34,1,1,8.0,1,69,140.0,8
201800047361,2018-02-04,45.71653,4.80962,33,4,1,1.0,1,69,63.0,9
201800047405,2018-03-07,45.717,4.812,47,4,1,1.0,1,69,76.0,8
201800047410,2018-03-10,45.7096,4.8209,48,3,1,1.0,5,69,50.0,20
201800048031,2018-01-15,45.73214,4.87589,24,4,2,1.0,1,69,60.0,10
201800048064,2018-02-01,45.74485,4.88431,36,4,1,1.0,1,69,60.0,13
201800048084,2018-02-13,45.71784,4.87241,26,3,1,1.0,1,69,50.0,8
201800048086,2018-02-13,45.74014,4.83831,19,4,2,1.0,1,69,700.0,10
201800048089,2018-02-14,45.73787,4.87411,31,3,1,1.0,1,69,60.0,12
201800048150,2018-03-24,45.75898,4.84918,23,4,1,1.0,1,69,70.0,16
201800050213,2018-01-20,48.8601,2.33333,29,4,1,2.0,1,75,205.0,13
201800050240,2018-04-06,48.8627,2.33525,26,4,2,1.0,1,75,160.0,15
201800050241,2018-04-12,48.8623,2.32551,39,4,1,1.0,1,75,180.0,12
201800050252,2018-04-30,48.8602,2.34826,46,4,2,2.0,1,75,160.0,8
201800050255,2018-05-04,48.8599,2.34395,35,4,1,1.0,1,75,130.0,19
201800050258,2018-05-12,48.8604,2.34232,28,4,1,1.0,1,75,120.0,14
201800050271,2018-06-03,48.8625,2.33607,54,1,1,1.0,1,75,143.0,9
201800050274,2018-06-12,48.8776,2.33832,22,4,1,1.0,1,75,40.0,19
201800050278,2018-06-17,48.8674,2.32619,16,4,1,1.0,1,75,60.0,20
201800050286,2018-07-02,48.8654,2.32697,42,4,2,1.0,1,75,160.0,11
201800050291,2018-07-10,48.864,2.33134,59,3,2,1.0,1,75,11.0,9
201800050355,2018-02-01,48.8687,2.34133,32,4,1,8.0,1,75,150.0,15
201800050359,2018-02-12,48.8647,2.34275,30,4,2,1.0,1,75,100.0,9
201800050372,2018-06-14,48.8662,2.35251,34,4,1,1.0,1,75,120.0,19
201800050373,2018-06-16,48.8631,2.35876,22,4,1,1.0,1,75,50.0,13
201800050375,2018-06-19,48.8689,2.33667,19,1,1,1.0,1,75,50.0,12
201800050426,2018-02-16,48.8632,2.35164,28,4,1,1.0,1,75,120.0,14
201800050429,2018-03-07,48.8634,2.35094,28,4,1,2.0,5,75,160.0,7
201800050430,2018-03-07,48.8634,2.35094,19,4,1,2.0,1,75,160.0,8
201800050436,2018-03-29,48.8662,2.35251,82,4,1,1.0,5,75,80.0,6
201800050440,2018-04-06,48.8581,2.36446,37,3,2,1.0,5,75,60.0,22
201800050442,2018-04-16,48.8647,2.35967,25,4,1,1.0,1,75,134.0,19
201800050451,2018-05-03,48.859,2.35922,60,4,1,1.0,1,75,34.0,8
201800050452,2018-05-09,48.868,2.36223,56,4,1,1.0,1,75,60.0,15
201800050453,2018-05-09,48.8529,2.35896,29,4,1,1.0,2,75,114.0,20
201800050454,2018-05-14,48.8634,2.36151,39,4,2,8.0,1,75,100.0,12
201800050459,2018-06-04,48.8612,2.35819,42,1,1,1.0,5,75,89.0,21
201800050466,2018-07-03,48.8664,2.36039,72,4,1,1.0,1,75,73.0,12
201800050466,2018-07-03,48.8664,2.36039,42,1,1,1.0,1,75,73.0,12
201800050525,2018-02-02,48.8575,2.35141,43,4,2,1.0,1,75,120.0,9
201800050532,2018-03-06,48.8544,2.35494,26,1,1,2.0,5,75,120.0,19
201800050535,2018-03-23,48.8681,2.36131,29,1,1,1.0,1,75,150.0,10
201800050561,2018-06-05,48.8585,2.3482,51,4,1,8.0,1,75,140.0,18
201800050569,2018-06-20,48.8697,2.35262,28,4,2,1.0,1,75,100.0,8
201800050571,2018-06-29,48.8568,2.35104,56,4,1,1.0,1,75,160.0,8
201800050577,2018-07-04,48.859,2.35021,42,4,1,1.0,1,75,60.0,6
201800050655,2018-01-30,48.8398,2.34587,34,1,1,2.0,1,75,80.0,13
201800050661,2018-02-23,48.8398,2.35131,30,4,1,1.0,1,75,60.0,14
201800050684,2018-05-03,48.8412,2.35596,52,4,2,1.0,1,75,62.0,19
201800050695,2018-06-05,48.8476,2.34094,39,4,1,1.0,1,75,74.0,14
201800050697,2018-06-10,48.8508,2.34548,53,1,1,1.0,1,75,300.0,14
201800050701,2018-06-19,48.8481,2.3504,65,4,1,1.0,1,75,90.0,19
201800050706,2018-07-05,48.8527,2.34762,22,4,1,1.0,5,75,143.0,3
201800050708,2018-07-09,48.8514,2.34314,23,1,1,1.0,1,75,120.0,13
201800050756,2018-01-17,48.8443,2.33299,51,4,1,1.0,5,75,80.0,21
201800050758,2018-01-24,48.8521,2.32976,33,4,2,1.0,1,75,130.0,17
201800050768,2018-03-16,48.8487,2.33263,33,1,1,8.0,2,75,70.0,20
201800050774,2018-04-12,48.8452,2.32855,38,4,1,1.0,1,75,140.0,9
201800050775,2018-04-14,48.8507,2.33027,18,4,1,1.0,1,75,160.0,17
201800050776,2018-04-19,48.8438,2.33751,69,4,2,1.0,1,75,100.0,9
201800050778,2018-05-08,48.8476,2.32746,57,4,1,1.0,1,75,100.0,15
201800050868,2018-04-24,48.854,2.30953,30,4,1,7.0,1,75,76.0,9
201800050877,2018-05-07,48.8554,2.31803,51,3,2,1.0,2,75,10.0,20
201800050971,2018-01-08,48.8664,2.32347,34,4,2,1.0,1,75,150.0,9
201800051017,2018-03-16,48.8738,2.3177,33,4,1,1.0,1,75,100.0,9
201800051063,2018-05-08,48.8777,2.29857,59,4,1,1.0,1,75,120.0,11
201800051069,2018-05-11,48.8767,2.29716,27,1,1,1.0,1,75,180.0,14
201800051073,2018-05-16,48.8692,2.30107,59,4,2,8.0,1,75,100.0,10
201800051082,2018-05-28,48.8644,2.30185,41,4,2,3.0,2,75,150.0,19
201800051087,2018-05-31,48.872,2.30045,47,4,1,1.0,1,75,200.0,18
201800051096,2018-06-08,48.8722,2.30905,37,4,1,1.0,1,75,50.0,11
201800051141,2018-07-09,48.8673,2.31523,28,4,1,1.0,1,75,270.0,17
201800051141,2018-07-09,48.8673,2.31523,53,4,1,1.0,1,75,270.0,17
201800051141,2018-07-09,48.8673,2.31523,16,4,2,1.0,1,75,270.0,17
201800051141,2018-07-09,48.8673,2.31523,12,4,1,1.0,1,75,270.0,17
201800051311,2018-02-04,48.8707,2.33257,23,1,1,1.0,1,75,130.0,15
201800051333,2018-04-06,48.8753,2.34171,24,1,1,1.0,1,75,90.0,14
201800051366,2018-07-03,48.8783,2.32692,44,4,1,7.0,1,75,60.0,8
201800051461,2018-03-16,48.8793,2.35334,38,4,2,1.0,1,75,70.0,9
201800051490,2018-05-16,48.8714,2.37229,28,4,2,1.0,1,75,25.0,13
201800051502,2018-05-30,48.8737,2.35826,27,4,2,1.0,1,75,90.0,9
201800051509,2018-06-13,48.8749,2.35731,41,3,1,1.0,1,75,105.0,20
201800051518,2018-06-21,48.8725,2.3479,28,4,1,1.0,1,75,50.0,14
201800051523,2018-06-26,48.8755,2.3585,41,4,1,1.0,1,75,40.0,8
201800051528,2018-07-04,48.8703,2.3499,27,4,1,1.0,1,75,80.0,16
201800051633,2018-01-05,48.8503,2.39259,38,4,2,8.0,1,75,40.0,9
201800051636,2018-01-11,48.8613,2.38178,80,3,1,1.0,1,75,50.0,15
201800051692,2018-04-05,48.8688,2.37629,29,4,2,2.0,1,75,90.0,9
201800051696,2018-04-10,48.861,2.37475,50,4,1,1.0,5,75,50.0,20
201800051707,2018-04-22,48.8507,2.39447,29,4,1,1.0,2,75,50.0,20
201800051712,2018-04-27,48.8653,2.38453,29,1,1,1.0,1,75,50.0,17
201800051718,2018-05-07,48.8505,2.3833,38,3,1,1.0,1,75,35.0,18
201800051728,2018-05-20,48.8665,2.36813,53,4,2,1.0,1,75,60.0,19
201800051729,2018-05-23,48.8638,2.37563,52,4,2,1.0,1,75,140.0,8
201800051730,2018-05-24,48.8607,2.36729,32,4,1,1.0,1,75,55.0,10
201800051732,2018-05-25,48.851,2.37714,34,4,2,1.0,1,75,100.0,15
201800051737,2018-05-30,48.858,2.38147,25,4,1,8.0,1,75,120.0,11
201800051742,2018-06-06,48.8594,2.37584,25,4,1,2.0,1,75,40.0,20
201800051756,2018-06-19,48.864,2.38129,47,4,2,1.0,1,75,50.0,14
201800051764,2018-06-26,48.8551,2.38712,53,4,1,1.0,1,75,70.0,18
201800051766,2018-06-28,48.8662,2.36963,72,4,1,1.0,1,75,135.0,9
201800051769,2018-07-01,48.8584,2.3894,68,4,2,1.0,1,75,120.0,15
201800051770,2018-07-02,48.8529,2.38851,21,4,1,1.0,1,75,150.0,19
201800051780,2018-07-12,48.8563,2.3782,25,4,2,1.0,1,75,30.0,19
201800051781,2018-07-13,48.8595,2.3792,64,4,1,1.0,1,75,120.0,18
201800051905,2018-01-11,48.8281,2.39224,35,4,2,1.0,2,75,100.0,18
201800051926,2018-01-29,48.8463,2.39443,13,4,1,1.0,5,75,60.0,19
201800051947,2018-02-18,48.8265,2.41972,31,4,1,1.0,5,75,120.0,19
201800051954,2018-03-09,48.8434,2.37071,40,1,1,2.0,1,75,80.0,9
201800051995,2018-04-14,48.8342,2.40424,27,1,1,1.0,1,75,60.0,14
201800052000,2018-04-19,48.8526,2.36962,37,4,2,1.0,5,75,150.0,23
201800052040,2018-05-27,48.8478,2.39057,28,4,1,1.0,5,75,80.0,1
201800052041,2018-05-28,48.8357,2.38605,43,4,1,1.0,1,75,80.0,8
201800052063,2018-06-15,48.8379,2.40386,52,4,1,1.0,1,75,60.0,10
201800052065,2018-06-14,48.8443,2.41032,55,4,1,1.0,1,75,80.0,8
201800052070,2018-06-14,48.8433,2.38372,43,1,1,1.0,1,75,100.0,12
201800052072,2018-06-21,48.8387,2.37568,67,4,2,1.0,1,75,90.0,18
201800052079,2018-06-25,48.8422,2.37635,31,4,1,1.0,1,75,90.0,13
201800052092,2018-07-04,48.8443,2.39019,25,4,1,1.0,1,75,100.0,16
201800052315,2018-01-18,48.8347,2.36699,72,3,1,2.0,2,75,70.0,7
201800052320,2018-01-21,48.8181,2.36038,48,1,1,3.0,5,75,50.0,20
201800052341,2018-02-19,48.8376,2.37364,25,4,1,2.0,5,75,150.0,17
201800052343,2018-02-23,48.8347,2.36699,27,4,1,1.0,1,75,90.0,9
201800052351,2018-03-07,48.8189,2.35952,42,1,1,2.0,1,75,150.0,15
201800052355,2018-03-11,48.8389,2.36978,52,4,1,1.0,1,75,90.0,14
201800052357,2018-03-13,48.8245,2.35785,31,1,1,2.0,1,75,110.0,16
201800052372,2018-03-26,48.8234,2.37505,23,4,2,1.0,1,75,100.0,15
201800052374,2018-03-27,48.8384,2.35703,24,1,1,3.0,2,75,100.0,8
201800052402,2018-04-25,48.8262,2.35988,32,4,1,1.0,1,75,70.0,10
201800052403,2018-04-25,48.8329,2.36261,24,3,2,1.0,1,75,60.0,16
201800052411,2018-04-30,48.8232,2.37423,42,4,2,2.0,1,75,50.0,18
201800052425,2018-05-17,48.8322,2.36287,15,4,1,1.0,1,75,140.0,12
201800052439,2018-06-05,48.8245,2.35785,24,4,2,1.0,5,75,30.0,23
201800052458,2018-06-23,48.8301,2.34781,30,4,1,1.0,1,75,80.0,17
201800052461,2018-06-28,48.8425,2.36373,32,1,1,1.0,5,75,60.0,0
201800052463,2018-06-28,48.8192,2.35948,36,1,1,7.0,1,75,80.0,17
201800052465,2018-07-02,48.8346,2.36734,55,4,1,1.0,1,75,50.0,17
201800052470,2018-07-05,48.8192,2.35948,34,4,1,8.0,1,75,120.0,15
201800052654,2018-01-24,48.8296,2.32833,48,1,1,1.0,1,75,120.0,11
201800052709,2018-04-19,48.8308,2.31206,31,4,1,1.0,1,75,40.0,17
201800052709,2018-04-19,48.8308,2.31206,4,4,2,1.0,1,75,40.0,17
201800052716,2018-04-30,48.8201,2.32575,15,4,2,1.0,1,75,120.0,9
201800052744,2018-06-12,48.8278,2.32667,40,4,2,2.0,1,75,200.0,8
201800052747,2018-06-12,48.8307,2.32376,8,4,1,1.0,1,75,40.0,16
201800052761,2018-06-20,48.8223,2.31415,34,4,1,1.0,1,75,50.0,8
201800052764,2018-06-22,48.8299,2.3231,47,4,1,1.0,1,75,50.0,20
201800052767,2018-06-26,48.8372,2.29641,21,4,1,1.0,5,75,90.0,23
201800052773,2018-07-06,48.836,2.3276,64,4,1,1.0,1,75,60.0,19
201800052775,2018-07-09,48.8237,2.33581,57,1,1,1.0,1,75,78.0,9
201800052775,2018-07-09,48.8237,2.33581,42,4,1,1.0,1,75,78.0,9
201800052913,2018-01-07,48.8467,2.28829,21,4,2,1.0,5,75,96.0,20
201800052915,2018-01-09,48.8383,2.28125,57,1,1,2.0,5,75,60.0,17
201800052916,2018-01-12,48.8362,2.3064,59,4,1,1.0,5,75,100.0,17
201800052925,2018-01-21,48.8408,2.32152,37,4,2,9.0,5,75,80.0,17
201800052929,2018-01-26,48.8457,2.29138,45,4,2,1.0,1,75,45.0,11
201800052940,2018-02-14,48.8524,2.29058,49,4,1,8.0,1,75,50.0,9
201800052944,2018-02-22,48.8494,2.28155,19,3,1,1.0,1,75,100.0,9
201800052945,2018-02-28,48.8405,2.29943,17,4,1,1.0,1,75,60.0,15
201800052947,2018-03-06,48.8524,2.29662,83,4,1,1.0,5,75,60.0,20
201800052950,2018-03-09,48.8441,2.3231,56,4,2,2.0,2,75,250.0,18
201800052984,2018-04-26,48.8264,2.29556,70,4,1,1.0,1,75,60.0,8
201800052985,2018-04-26,48.8459,2.31835,53,4,2,1.0,1,75,210.0,11
201800052993,2018-05-03,48.8316,2.29066,70,4,1,1.0,1,75,50.0,14
201800053007,2018-05-11,48.8414,2.27781,47,4,1,1.0,1,75,40.0,18
201800053020,2018-05-20,48.8403,2.28584,34,4,1,1.0,2,75,40.0,20
201800053029,2018-05-30,48.8277,2.3001,11,4,1,1.0,1,75,60.0,17
201800053031,2018-05-31,48.8501,2.28669,23,3,1,1.0,1,75,30.0,19
201800053039,2018-06-12,48.8467,2.28886,42,1,1,1.0,1,75,70.0,16
201800053045,2018-06-19,48.8395,2.28997,37,4,1,1.0,5,75,50.0,23
201800053051,2018-06-23,48.8339,2.28528,49,4,1,1.0,1,75,50.0,19
201800053076,2018-07-16,48.8462,2.29514,42,4,1,1.0,5,75,26.0,4
201800053229,2018-01-02,48.8713,2.28906,26,4,2,2.0,1,75,1.0,15
201800053234,2018-01-08,48.8559,2.26473,25,4,1,1.0,1,75,10.0,10
201800053372,2018-05-23,48.8545,2.28359,79,4,1,1.0,1,75,75.0,17
201800053383,2018-05-29,48.8398,2.26759,20,4,2,3.0,5,75,10.0,22
201800053383,2018-05-29,48.8398,2.26759,32,4,1,3.0,5,75,10.0,22
201800053395,2018-06-06,48.877,2.28307,53,4,1,2.0,2,75,150.0,19
201800053403,2018-06-10,48.8624,2.28699,37,4,1,2.0,1,75,10.0,19
201800053674,2018-01-20,48.8788,2.29341,22,4,1,2.0,1,75,1.0,11
201800053994,2018-01-27,48.896,2.34594,23,4,1,1.0,5,75,210.0,2
201800054031,2018-03-12,48.8839,2.34946,61,4,2,1.0,1,75,20.0,18
201800054055,2018-04-06,48.8893,2.3418,27,4,2,1.0,1,75,60.0,19
201800054058,2018-04-07,48.8996,2.35229,63,4,1,1.0,2,75,60.0,15
201800054076,2018-04-19,48.8979,2.33992,67,4,1,1.0,1,75,35.0,17
201800054101,2018-05-20,48.8978,2.33738,33,4,1,1.0,1,75,60.0,13
201800054120,2018-06-13,48.8987,2.37027,54,4,1,1.0,1,75,50.0,8
201800054142,2018-07-01,48.8884,2.34956,32,4,2,1.0,1,75,60.0,8
201800054154,2018-07-05,48.8845,2.36263,75,4,1,1.0,1,75,60.0,15
201800054156,2018-07-10,48.8877,2.35626,35,4,1,1.0,1,75,30.0,18
201800054158,2018-07-11,48.8927,2.34327,35,4,2,1.0,1,75,100.0,20
201800054322,2018-01-27,48.8823,2.37071,24,4,1,1.0,5,75,50.0,19
201800054340,2018-02-23,48.8764,2.37685,25,1,1,1.0,5,75,100.0,1
201800054353,2018-03-10,48.8872,2.38076,54,4,2,1.0,5,75,30.0,0
201800054382,2018-04-18,48.8998,2.38781,23,4,1,1.0,1,75,240.0,8
201800054398,2018-05-03,48.8803,2.37418,42,4,1,1.0,1,75,30.0,11
201800054409,2018-05-12,48.8789,2.37042,30,4,1,2.0,1,75,80.0,18
201800054435,2018-05-29,48.8869,2.37784,27,4,2,8.0,1,75,20.0,9
201800054445,2018-06-10,48.8849,2.36985,29,4,1,1.0,5,75,80.0,2
201800054459,2018-06-23,48.8818,2.38836,34,4,1,1.0,1,75,40.0,15
201800054463,2018-06-28,48.8786,2.40206,39,4,1,1.0,5,75,40.0,4
201800054464,2018-06-28,48.885,2.38326,22,4,1,1.0,5,75,50.0,23
201800054478,2018-07-12,48.8899,2.37609,19,4,2,1.0,1,75,100.0,9
201800054639,2018-01-11,48.8691,2.39141,47,4,2,8.0,1,75,60.0,15
201800054640,2018-01-13,48.8693,2.3926,51,4,1,1.0,5,75,70.0,20
201800054652,2018-01-24,48.8711,2.39302,61,3,1,1.0,2,75,60.0,18
201800054661,2018-02-03,48.8643,2.3929,19,4,1,2.0,5,75,25.0,18
201800054676,2018-03-06,48.8466,2.41598,36,4,1,1.0,1,75,280.0,9
201800054677,2018-03-07,48.8679,2.38657,20,4,2,1.0,5,75,68.0,20
201800054693,2018-04-15,48.8658,2.37168,22,1,1,1.0,5,75,80.0,1
201800054698,2018-04-20,48.8649,2.3981,35,4,2,1.0,1,75,150.0,8
201800054705,2018-04-24,48.8647,2.39862,38,4,2,1.0,1,75,80.0,17
201800054713,2018-05-06,48.872,2.39184,46,4,1,1.0,1,75,30.0,18
201800054721,2018-05-18,48.8584,2.40297,19,4,1,1.0,5,75,100.0,0
201800054722,2018-05-18,48.8484,2.41633,82,4,1,1.0,1,75,35.0,15
201800054736,2018-06-01,48.847,2.41503,57,4,1,8.0,1,75,89.0,14
201800054738,2018-06-03,48.8567,2.40925,32,4,1,1.0,1,75,25.0,17
201800054739,2018-06-04,48.8551,2.41529,83,3,2,1.0,1,75,80.0,12
201800054741,2018-06-05,48.8659,2.39931,42,1,1,1.0,1,75,55.0,18
201800054758,2018-07-04,48.8645,2.40858,31,4,1,1.0,5,75,40.0,3
201800054761,2018-07-10,48.847,2.41119,49,4,2,1.0,1,75,120.0,15
201800054764,2018-07-12,48.8671,2.38325,34,4,2,1.0,5,75,30.0,22
201800054892,2018-01-12,48.8398,2.35131,51,4,1,8.0,1,75,66.0,10
201800054907,2018-01-24,48.8722,2.28466,43,3,1,8.0,5,75,205.0,7
201800054957,2018-03-17,48.8828,2.37033,32,4,1,4.0,5,75,87.0,18
201800054972,2018-04-12,48.8669,2.34943,25,1,1,1.0,1,75,204.0,9
201800054981,2018-04-19,48.8772,2.40668,28,4,1,1.0,1,75,158.0,17
201800054982,2018-04-20,48.8627,2.31902,30,2,2,1.0,1,75,194.0,9
201800054983,2018-04-21,48.8797,2.40157,29,4,1,1.0,1,75,247.0,17
201800054987,2018-04-22,48.8585,2.24489,26,3,1,1.0,2,75,130.0,20
201800055024,2018-05-28,48.8348,2.39337,45,3,1,1.0,1,75,84.0,11
201800055030,2018-06-03,48.8299,2.35013,39,3,1,1.0,5,75,62.0,2
201800055039,2018-06-13,48.8447,2.36914,41,3,2,1.0,1,75,28.0,7
201800055045,2018-06-19,48.8525,2.23682,69,3,1,1.0,1,75,119.0,17
201800055047,2018-06-21,48.8572,2.3099,52,3,2,1.0,1,75,104.0,17
201800056828,2018-01-17,4.8966,-52.32847,41,4,1,1.0,1,973,90.0,14
201800056842,2018-01-29,4.92729,-52.31966,33,4,1,1.0,1,973,120.0,16
201800056854,2018-02-27,4.93651,-52.30726,54,3,2,1.0,5,973,60.0,21
201800056856,2018-03-02,4.92569,-52.32426,34,4,1,1.0,1,973,60.0,20
201800057154,2018-01-08,-20.95033,55.30675,33,3,1,1.0,1,974,70.0,18
201800057420,2018-03-08,-21.29654,55.45071,22,4,1,1.0,2,974,60.0,19
201900002994,2019-08-13,46.609602,-0.235509,83,3,1,1.0,1,79,65.0,14
201900004898,2019-10-21,46.724987,-0.58828,86,3,1,1.0,1,79,80.0,17
201900006853,2019-06-06,45.8115,0.3139,67,3,1,1.0,1,16,5.6,8
201900007981,2019-02-09,46.02642,0.252207,67,3,1,2.0,1,16,3.8,8
201900011487,2019-09-15,45.850502,0.760484,53,3,1,1.0,1,16,6.0,9
201900017495,2019-04-27,45.771714,0.201188,67,3,1,1.0,1,16,6.0,13
201900030193,2019-06-27,45.679923,0.270891,59,3,1,1.0,1,16,6.4,7
201900031227,2019-12-19,46.93081,-0.822244,31,4,1,3.0,3,79,73.0,20
201900033112,2019-12-16,45.518195,0.429541,73,3,1,1.0,1,16,5.1,14
201900033990,2019-03-05,45.656978,-0.093685,56,4,1,1.0,1,16,5.2,12
201900034261,2019-07-24,43.211726,2.387366,41,2,1,1.0,3,11,8.0,3
201900040483,2019-10-28,46.175626,-0.169105,15,3,1,8.0,2,79,46.0,17
201900045763,2019-06-14,46.97971,-0.21659,62,1,1,1.0,1,79,110.0,10
201900053572,2019-09-25,46.886099,-0.476962,76,3,1,2.0,1,79,54.0,10
201900054274,2019-03-26,46.4148,-0.2467,24,4,2,1.0,1,79,40.0,13
202000000076,2020-03-06,43.820886,4.260786,68,3,1,1.0,1,30,4.0,9
202000000109,2020-03-06,14.61368,-61.07018,9,4,1,1.0,2,972,5.0,18
202000000379,2020-06-22,49.033581,3.104185,17,4,1,1.0,1,77,4.0,20
202000000379,2020-06-22,49.033581,3.104185,9,3,1,1.0,1,77,4.0,20
202000001284,2020-05-22,46.43424,-1.50449,82,3,1,1.0,1,85,4.0,10
202000001611,2020-06-23,47.9141193,1.8957877,18,4,2,1.0,1,45,9.0,10
202000001701,2020-06-23,49.251339,0.104056,71,3,1,1.0,1,14,5.5,13
202000001720,2020-06-23,45.609125,4.054867,12,4,1,1.0,1,42,5.5,17
202000002161,2020-02-02,43.677199,1.306407,55,4,1,1.0,1,31,4.0,11
202000002904,2020-05-21,49.1038751,2.2494528,45,4,1,1.0,1,95,5.0,17
202000002915,2020-05-20,48.702831,-0.529282,71,3,1,1.0,1,61,7.0,15
202000002919,2020-05-20,48.678359,-3.981267,17,3,1,7.0,1,29,7.0,16
202000002926,2020-05-16,49.144408,-0.417931,53,3,1,1.0,1,14,7.0,16
202000002929,2020-05-21,45.6471527,6.3179832,49,3,2,7.0,1,73,5.5,16
202000002932,2020-05-20,45.891193,0.668714,35,4,1,1.0,1,16,5.8,19
202000003764,2020-02-01,48.886682,2.374542,32,4,2,1.0,1,75,3.0,14
202000003774,2020-01-30,48.8748506,2.3198769,23,4,1,2.0,1,75,24.0,12
202000004926,2020-05-19,48.634607,7.675699,69,2,1,1.0,1,67,5.5,13
202000004936,2020-05-18,47.608019,2.026218,47,3,2,1.0,1,41,5.5,18
202000004938,2020-05-17,47.833033,-4.168625,52,4,2,1.0,1,29,5.0,11
202000004950,2020-05-19,45.7496697,5.9262892,57,3,1,1.0,1,73,10.5,12
202000004969,2020-05-16,45.605984,4.828556,10,3,1,1.0,1,69,5.0,19
202000005046,2020-03-04,43.718231,1.305876,49,3,1,2.0,3,31,5.0,7
202000005578,2020-06-21,48.967988,3.138818,12,4,1,1.0,1,77,4.0,17
202000005609,2020-06-18,50.583032,2.903094,18,3,1,1.0,1,59,4.0,15
202000005709,2020-02-01,48.895925,8.108111,16,3,2,2.0,5,67,4.0,18
202000005740,2020-02-01,45.654473,-0.652764,46,4,1,2.0,1,17,7.0,11
202000005868,2020-07-21,46.155612,-1.012014,65,4,1,7.0,1,17,5.0,9
202000005868,2020-07-21,46.155612,-1.012014,76,4,1,7.0,1,17,5.0,9
202000005868,2020-07-21,46.155612,-1.012014,60,1,1,7.0,1,17,5.0,9
202000006784,2020-05-16,43.965531,1.545553,22,3,1,1.0,1,82,7.0,15
202000006794,2020-05-16,47.381843,-0.653949,54,3,1,1.0,1,49,5.0,18
202000006796,2020-05-15,45.576494,4.316683,54,3,1,1.0,1,42,4.0,15
202000006820,2020-05-15,49.068313,2.282624,73,3,1,1.0,1,95,5.0,15
202000006826,2020-05-16,48.3241537,7.5716773,58,4,1,7.0,1,67,4.0,17
202000007382,2020-01-30,48.8741501,2.2553821,26,4,2,1.0,5,75,9.0,7
202000007392,2020-01-30,48.8779022,2.3516094,31,4,2,2.0,1,75,5.0,14
202000007887,2020-07-12,50.353577,2.219242,57,4,1,1.0,1,62,5.0,20
202000008683,2020-05-17,45.498331,4.227464,28,3,1,7.0,1,42,5.5,17
202000008697,2020-05-16,45.505879,6.5677747,65,4,1,1.0,1,73,4.0,12
202000008807,2020-05-16,48.5911618,-1.6337816,81,2,2,1.0,1,35,7.0,15
202000008808,2020-05-16,48.351686,-1.125755,13,3,1,1.0,1,35,4.0,12
202000009000,2020-02-27,48.884863,2.367406,47,4,2,8.0,5,75,4.0,19
202000009029,2020-02-25,48.84216,2.285581,35,4,1,1.0,5,75,9.0,20
202000009036,2020-02-27,48.840584,2.330114,48,4,2,1.0,5,75,12.0,23
202000009040,2020-02-27,48.823365,2.375037,27,4,1,1.0,2,75,5.0,18
202000009048,2020-02-28,48.855525,2.374438,30,4,1,1.0,5,75,4.0,0
202000009288,2020-01-29,48.8804796,2.3525196,73,4,1,1.0,5,75,5.0,18
202000009290,2020-01-29,48.8627187,2.3352569,44,4,2,1.0,5,75,3.0,17
202000009429,2020-01-28,48.89441,2.381503,51,4,1,1.0,5,75,7.0,7
202000010750,2020-05-13,48.940082,7.086155,16,3,1,1.0,1,67,7.0,13
202000010803,2020-02-25,48.867033,2.352973,45,4,2,2.0,1,75,12.0,15
202000010981,2020-01-28,48.86185,2.383387,50,4,1,8.0,1,75,4.0,10
202000010983,2020-01-28,48.873258,2.295617,45,4,1,2.0,5,75,12.0,19
202000010984,2020-01-28,48.876662,2.301465,33,4,2,2.0,5,75,3.0,18
202000010986,2020-01-28,48.860612,2.349404,41,4,1,1.0,1,75,4.0,13
202000010987,2020-01-28,48.860892,2.340821,46,4,1,1.0,1,75,15.0,15
202000010989,2020-01-28,48.854792,2.362411,50,4,1,1.0,1,75,3.0,11
202000010989,2020-01-28,48.854792,2.362411,37,1,1,1.0,1,75,3.0,11
202000011029,2020-01-29,49.6554296,2.8521939,16,4,1,1.0,2,60,4.0,17
202000011029,2020-01-29,49.6554296,2.8521939,15,4,1,1.0,2,60,4.0,17
202000011030,2020-01-29,49.665552,1.94186,70,4,1,1.0,1,60,5.5,10
202000011153,2020-01-27,48.82616,2.359976,44,4,2,2.0,5,75,9.0,19
202000012568,2020-05-12,48.850899,2.839144,71,4,1,1.0,1,77,7.0,16
202000012577,2020-05-13,47.438618,6.144539,49,4,1,2.0,1,70,5.5,16
202000012716,2020-05-05,48.3001,-0.920121,83,3,2,1.0,1,53,7.0,18
202000012914,2020-01-21,48.8628473,2.3057476,43,4,2,4.0,1,75,12.0,8
202000013617,2020-06-16,47.516259,6.357737,73,2,1,1.0,1,70,5.5,15
202000013632,2020-06-16,43.464196,3.552125,61,3,1,1.0,1,34,3.0,9
202000014454,2020-05-11,47.678066,6.50654,25,3,1,3.0,1,70,6.0,16
202000014457,2020-05-11,45.8967,4.8197,63,4,1,1.0,1,69,5.5,12
202000014485,2020-05-09,48.1794262,-1.6618252,10,4,1,1.0,1,35,5.0,13
202000014495,2020-05-09,45.813621,6.5080444,31,3,2,1.0,1,73,5.5,14
202000014660,2020-01-25,48.841429,2.263788,26,1,1,5.0,1,75,9.0,10
202000014692,2020-01-25,43.3323211,1.3774222,37,3,1,1.0,1,31,5.5,10
202000014703,2020-01-25,45.8711914,4.7459811,50,4,1,1.0,1,69,5.5,11
202000014810,2020-01-24,48.8709323,2.3459297,59,4,1,1.0,1,75,5.0,15
202000014811,2020-01-22,48.8706888,2.3479119,28,1,1,1.0,4,75,12.0,21
202000014863,2020-02-23,45.74376,4.225091,16,4,1,1.0,1,42,5.5,13
202000015154,2020-07-15,47.048765,-0.24614,74,2,1,1.0,1,79,6.0,12
202000015378,2020-02-26,48.85857,2.376513,41,4,2,1.0,1,75,4.0,9
202000015476,2020-06-15,45.7640593,4.7816672,66,3,2,1.0,1,69,5.5,9
202000015483,2020-06-14,43.774849,3.867601,63,4,1,1.0,1,34,5.5,10
202000015492,2020-06-15,49.2366437,1.0884856,51,3,1,1.0,1,27,5.0,6
202000015583,2020-06-14,45.646133,4.352796,57,3,1,1.0,1,42,5.5,14
202000016396,2020-05-05,45.52233,3.741242,66,2,2,1.0,1,63,4.0,16
202000016400,2020-05-07,45.7509942,5.9760932,55,4,1,1.0,1,73,4.0,16
202000016400,2020-05-07,45.7509942,5.9760932,55,3,1,1.0,1,73,4.0,16
202000016408,2020-04-30,47.704863,-0.080788,56,3,1,1.0,1,72,5.0,7
202000016467,2020-05-06,47.88262,4.564079,29,3,1,1.0,1,21,7.2,11
202000016694,2020-01-21,48.8406112,2.3049795,16,4,1,1.0,5,75,7.0,22
202000016699,2020-01-23,48.8229732,2.3778056,54,1,1,1.0,1,75,5.0,15
202000016701,2020-01-22,48.8431837,2.4145192,58,4,2,1.0,1,75,5.0,10
202000017119,2020-02-23,48.873772,2.358313,75,4,1,1.0,2,75,12.0,7
202000017121,2020-02-23,48.861975,2.350158,34,4,1,1.0,5,75,12.0,2
202000017453,2020-06-13,43.175436,0.102793,16,2,1,1.0,3,65,5.5,2
202000017453,2020-06-13,43.175436,0.102793,16,3,1,1.0,3,65,5.5,2
202000018576,2020-01-21,48.881563,2.300708,30,4,1,1.0,5,75,12.0,22
202000018583,2020-01-22,48.8652864,2.3745435,28,4,1,1.0,1,75,9.0,10
202000018586,2020-01-22,48.8626609,2.3190755,32,1,1,1.0,1,75,18.0,9
202000018588,2020-01-21,48.8660294,2.3250475,52,4,1,1.0,5,75,3.0,18
202000018858,2020-02-24,45.417823,4.563553,44,3,1,9.0,1,42,4.0,14
202000018950,2020-02-22,48.851388,2.343167,29,1,2,1.0,1,75,12.0,17
202000018951,2020-02-22,48.877683,2.408265,32,4,2,1.0,5,75,18.0,17
202000018952,2020-02-22,48.872853,2.379852,44,4,1,1.0,5,75,5.0,1
202000018992,2020-02-22,50.0182901,3.9650361,22,4,1,1.0,3,02,5.5,18
202000020375,2020-04-16,47.922813,-1.436194,34,3,1,1.0,1,35,5.0,18
202000020471,2020-01-21,48.8372487,2.3187624,24,4,1,1.0,1,75,12.0,15
202000020680,2020-07-12,45.984521,-1.373889,53,3,1,1.0,1,17,4.0,10
202000020838,2020-02-21,48.888079,2.367357,48,4,1,1.0,1,75,4.0,7
202000020840,2020-02-20,48.853559,2.282224,24,1,1,8.0,5,75,12.0,22
202000020842,2020-02-20,48.874089,2.294195,40,4,1,1.0,1,75,24.0,10
202000020849,2020-02-21,48.866759,2.32207,49,4,2,1.0,1,75,18.0,17
202000020878,2020-02-22,14.542566,-60.859687,43,4,1,1.0,1,972,5.0,8
202000022374,2020-01-20,48.875098,2.340964,26,1,1,1.0,5,75,9.0,18
202000022375,2020-01-20,48.8598842,2.3439942,19,1,1,1.0,1,75,9.0,16
202000022376,2020-01-20,48.8668059,2.3620082,55,4,1,1.0,1,75,4.0,15
202000022414,2020-01-13,43.380495,0.839024,19,4,1,1.0,3,31,3.0,22
202000022741,2020-02-05,48.860119,2.333347,34,4,1,1.0,5,75,7.0,20
202000022784,2020-02-20,47.336525,5.907426,48,4,1,7.0,1,70,5.5,16
202000022889,2020-02-18,48.852443,2.281181,42,1,1,1.0,1,75,3.0,9
202000022892,2020-02-19,48.844658,2.405729,79,4,1,2.0,1,75,9.0,17
202000022893,2020-02-19,48.864713,2.370144,39,1,1,2.0,3,75,12.0,18
202000023313,2020-06-07,43.2977,5.3813,50,4,1,1.0,5,13,5.0,1
202000023412,2020-06-03,43.43131,3.44401,47,4,1,1.0,1,34,5.0,15
202000024174,2020-04-17,48.539107,-2.048167,17,3,2,1.0,1,22,4.0,18
202000024176,2020-04-17,46.110816,-0.06827,68,3,2,1.0,1,79,5.2,14
202000024336,2020-01-18,48.8671073,2.3832808,31,4,2,1.0,5,75,12.0,0
202000024341,2020-01-18,48.8891101,2.322734,29,1,1,1.0,5,75,4.0,18
202000024348,2020-01-18,48.865878,2.32203,49,4,1,1.0,5,75,24.0,20
202000024384,2020-01-19,46.618873,1.52646,48,3,1,1.0,1,36,3.5,10
202000024384,2020-01-19,46.618873,1.52646,48,4,1,1.0,1,36,3.5,10
202000024384,2020-01-19,46.618873,1.52646,47,4,1,1.0,1,36,3.5,10
202000024384,2020-01-19,46.618873,1.52646,54,4,1,1.0,1,36,3.5,10
202000024384,2020-01-19,46.618873,1.52646,53,4,1,1.0,1,36,3.5,10
202000024786,2020-02-14,45.75228,3.10793,15,3,2,1.0,1,63,4.0,18
202000025202,2020-06-08,47.837617,0.431329,9,4,1,1.0,1,72,3.0,17
202000025211,2020-06-07,45.107734,3.520571,5,4,1,1.0,1,43,3.0,17
202000025238,2020-06-07,45.984528,-0.341005,17,3,1,1.0,1,17,7.0,10
202000025238,2020-06-07,45.984528,-0.341005,45,3,1,1.0,1,17,7.0,10
202000025827,2020-04-14,48.841098,2.287904,43,4,1,1.0,1,75,5.0,19
202000025861,2020-04-14,48.2879181,7.4276447,86,2,1,7.0,1,67,5.5,7
202000025873,2020-04-09,5.3795824,-52.9578495,36,4,1,1.0,5,973,5.0,0
202000025876,2020-04-13,44.586965,-0.775797,57,2,1,7.0,1,33,7.0,15
202000026225,2020-01-17,48.836049,2.349533,25,4,2,8.0,1,75,3.0,15
202000026227,2020-01-17,48.866876,2.373362,21,4,1,1.0,5,75,12.0,1
202000026229,2020-01-17,48.864674,2.313652,39,4,1,1.0,1,75,18.0,11
202000026231,2020-01-16,48.859045,2.337875,23,4,2,1.0,5,75,12.0,20
202000026551,2020-02-11,47.94493,1.921,49,4,2,8.0,1,45,5.5,8
202000026649,2020-02-18,48.855313,2.314912,27,4,2,1.0,1,75,12.0,10
202000026676,2020-02-14,49.382949,2.402685,59,4,1,1.0,1,60,4.0,12
202000027124,2020-04-08,48.833504,2.298692,52,3,1,1.0,5,75,5.0,22
202000027505,2020-02-14,48.871084,2.303526,29,4,1,1.0,1,75,18.0,13
202000027581,2020-04-07,48.864668,2.394516,32,4,1,1.0,1,75,7.0,10
202000027582,2020-06-04,48.0180825,2.7151919,21,4,1,3.0,1,45,4.0,9
202000027767,2020-06-06,48.0041179,2.6748758,57,3,1,1.0,1,45,7.0,15
202000027783,2020-06-06,47.192993,-0.289528,68,4,1,1.0,1,49,7.0,10
202000027818,2020-06-06,43.352949,2.986801,24,3,1,1.0,1,34,3.5,11
202000027820,2020-06-06,43.229297,5.55022,50,4,1,1.0,1,13,7.0,10
202000027820,2020-06-06,43.229297,5.55022,46,3,1,1.0,1,13,7.0,10
202000027820,2020-06-06,43.229297,5.55022,16,4,2,1.0,1,13,7.0,10
202000028151,2020-01-16,48.8658116,2.3715333,32,4,1,1.0,5,75,4.0,22
202000028158,2020-01-16,48.8605592,2.3493534,27,1,1,1.0,1,75,12.0,9
202000028485,2020-02-16,48.855117,2.387137,30,4,2,2.0,5,75,4.0,23
202000028575,2020-02-16,48.898011,2.34244,13,4,1,2.0,5,75,4.0,20
202000028577,2020-02-16,48.85995,2.31311,30,4,1,1.0,1,75,10.5,15
202000028600,2020-02-17,47.737245,6.550341,61,4,1,1.0,3,70,7.0,6
202000028949,2020-04-04,14.63348,-61.00841,67,3,1,1.0,4,972,5.0,19
202000028957,2020-04-04,48.868419,2.355274,42,4,2,1.0,1,75,9.0,11
202000029170,2020-08-05,45.73659,0.525831,75,2,1,7.0,1,16,6.4,10
202000029525,2020-06-05,46.777963,-1.237813,15,4,1,1.0,1,85,5.0,16
202000029678,2020-06-03,47.8443271,1.9201453,51,4,2,1.0,1,45,3.0,13
202000030038,2020-01-14,48.8866059,2.32601,21,1,1,1.0,5,75,10.5,19
202000030043,2020-01-13,48.858564,2.244887,38,4,2,2.0,2,75,9.0,18
202000030048,2020-01-14,48.8641413,2.3203214,77,4,1,1.0,1,75,9.0,13
202000030196,2020-01-14,48.8456902,2.3459051,26,4,2,1.0,5,75,7.0,23
202000030297,2020-07-05,45.960451,4.415517,80,3,1,1.0,1,69,7.0,11
202000030402,2020-02-15,48.851653,2.312544,29,4,1,1.0,5,75,5.0,4
202000030566,2020-02-14,48.892442,2.324789,32,4,1,1.0,1,75,7.0,8
202000031298,2020-06-03,48.532828,7.513192,56,4,1,1.0,1,67,4.0,8
202000031956,2020-01-15,48.841123,2.268795,28,4,1,1.0,1,75,3.0,9
202000032419,2020-03-24,46.007678,4.117438,9,4,1,1.0,1,42,4.0,17
202000032475,2020-03-23,45.766127,4.764999,25,3,1,1.0,1,69,6.0,8
202000033575,2020-05-31,45.5642,5.943966,62,3,1,1.0,1,73,7.0,11
202000033875,2020-01-13,48.8445601,2.3245389,18,1,1,2.0,5,75,9.0,18
202000033876,2020-01-13,48.849592,2.344876,19,4,1,8.0,5,75,12.0,7
202000033882,2020-01-13,48.8759986,2.3813281,70,4,1,1.0,1,75,7.0,9
202000033884,2020-01-13,48.889485,2.3496,60,4,2,2.0,1,75,12.0,13
202000033886,2020-01-13,48.8817361,2.3145892,36,4,2,1.0,1,75,4.0,10
202000033888,2020-01-13,48.8325711,2.2792272,35,4,2,1.0,1,75,3.0,9
202000033893,2020-01-13,48.850463,2.389958,38,4,1,1.0,1,75,3.0,8
202000034084,2020-07-05,45.595423,4.650677,55,4,1,1.0,1,69,3.0,10
202000034305,2020-03-18,49.292714,2.858596,15,3,1,1.0,1,60,4.0,17
202000035216,2020-06-01,47.956454,0.09105,19,3,1,1.0,1,72,5.0,13
202000035227,2020-06-01,45.577523,0.033925,66,2,1,1.0,1,16,7.8,10
202000035282,2020-05-30,48.710872,2.001733,63,3,1,1.0,1,78,7.0,14
202000035290,2020-01-11,48.8725996,2.3961092,36,4,1,1.0,1,75,4.0,13
202000035299,2020-01-12,48.8496123,2.3742761,17,1,1,1.0,5,75,3.0,18
202000035305,2020-01-11,48.8710783,2.3347968,24,4,1,1.0,5,75,15.0,23
202000035310,2020-01-12,48.8666666,2.3220178,27,3,2,1.0,1,75,18.0,12
202000035365,2020-01-13,47.7928668,-3.4915522,62,3,2,2.0,1,56,5.0,9
202000035623,2020-01-10,48.8769984,2.2769237,69,4,1,8.0,1,75,7.0,8
202000035752,2020-01-12,43.496053,6.521522,77,3,1,1.0,1,83,4.0,11
202000035787,2020-11-04,47.3205983,5.1243902,71,4,1,8.0,1,21,6.9,14
202000035821,2020-05-31,45.1020001,1.3873061,68,3,1,1.0,1,19,5.0,11
202000035856,2020-01-11,43.492061,1.403743,83,3,1,7.0,1,31,3.0,16
202000036150,2020-07-03,45.488659,4.329541,58,3,1,1.0,1,42,10.5,10
202000036156,2020-07-03,43.337807,-0.518855,67,2,1,1.0,1,64,4.0,11
202000036362,2020-03-13,44.958755,2.477181,79,3,1,7.0,1,15,5.0,16
202000036364,2020-03-15,46.150052,4.922782,11,4,1,1.0,1,01,4.0,10
202000036662,2020-02-08,43.300587,6.625485,80,3,1,1.0,1,83,5.5,9
202000036755,2020-01-10,48.879673,2.349531,32,4,1,2.0,5,75,5.0,2
202000036758,2020-01-10,48.8595129,2.3487702,30,4,1,2.0,5,75,12.0,2
202000036952,2020-01-09,48.8523546,2.3482643,53,1,1,2.0,5,75,10.5,19
202000036965,2020-01-08,48.84858,2.29056,55,4,1,1.0,5,75,5.0,18
202000036967,2020-01-08,48.848721,2.285218,37,4,1,1.0,1,75,3.0,9
202000036972,2020-01-09,48.8333963,2.3542124,25,1,1,8.0,5,75,12.0,8
202000036981,2020-01-09,48.864392,2.3301088,50,1,2,1.0,5,75,3.0,20
202000037959,2020-07-02,45.682337,4.036837,63,3,1,1.0,1,42,7.0,7
202000038517,2020-02-10,48.851344,2.278489,16,4,1,2.0,1,75,5.0,14
202000038702,2020-02-08,48.85309,2.346843,30,4,1,1.0,2,75,10.5,7
202000038724,2020-02-08,48.864884,2.321189,23,4,1,8.0,5,75,24.0,6
202000038816,2020-01-08,48.838664,2.372355,39,4,1,8.0,1,75,10.5,10
202000038818,2020-01-08,48.836802,2.351874,54,1,2,1.0,1,75,12.0,8
202000038822,2020-01-08,48.854361,2.354937,56,4,1,8.0,2,75,9.0,8
202000038848,2020-01-08,46.883767,-1.026795,58,4,1,2.0,3,85,5.5,18
202000038911,2020-05-27,45.8242089,3.1332788,71,2,1,1.0,1,63,7.0,12
202000040172,2020-03-13,48.072975,-3.076086,67,3,1,1.0,1,56,4.0,12
202000040592,2020-02-06,48.882153,2.291693,43,4,1,1.0,5,75,3.0,23
202000040604,2020-02-07,48.864614,2.310323,34,4,1,1.0,1,75,9.0,9
202000040609,2020-02-07,48.852231,2.36597,49,4,1,1.0,5,75,12.0,19
202000040900,2020-01-02,50.891035,1.735872,66,4,1,1.0,1,62,3.0,11
202000041161,2020-01-07,48.824031,2.3770195,24,4,1,1.0,1,75,7.0,15
202000041170,2020-01-07,48.8646018,2.3103341,53,4,1,1.0,1,75,9.0,8
202000041174,2020-01-07,48.8679509,2.3623805,25,1,1,1.0,1,75,18.0,10
202000041177,2020-01-06,48.866231,2.3525315,49,4,1,1.0,5,75,12.0,18
202000041232,2020-01-06,46.0151037,3.2110146,27,4,2,1.0,3,63,5.5,18
202000041671,2020-06-30,44.95286,6.18261,18,3,1,1.0,1,38,5.0,11
202000041767,2020-06-29,46.486545,-0.407242,15,1,1,1.0,1,79,4.0,17
202000042055,2020-08-28,46.04379,0.221141,18,4,1,1.0,2,16,5.9,21
202000042055,2020-08-28,46.04379,0.221141,29,2,1,1.0,2,16,5.9,21
202000042542,2020-01-06,48.835173,2.3987762,30,1,1,1.0,1,75,3.0,16
202000042557,2020-01-05,48.862591,2.319025,2,4,2,1.0,5,75,12.0,18
202000042557,2020-01-05,48.862591,2.319025,35,1,1,1.0,5,75,12.0,18
202000042883,2020-01-05,48.829453,2.3747105,20,4,1,1.0,5,75,9.0,19
202000042956,2020-01-06,49.2311312,-1.001559,46,3,1,1.0,3,14,5.5,7
202000043058,2020-02-06,48.857707,2.327978,23,1,1,1.0,1,75,3.0,12
202000043116,2020-05-30,48.149138,0.154753,57,1,1,1.0,1,72,5.0,14
202000043325,2020-05-25,45.27124,5.89025,70,3,1,1.0,1,38,4.0,8
202000043338,2020-05-27,47.8962472,-3.5749812,30,3,1,7.0,1,29,7.0,8
202000043385,2020-05-24,45.80127,3.17536,20,3,1,1.0,1,63,5.5,17
202000043453,2020-05-26,48.011781,-4.197603,57,3,2,1.0,1,29,3.0,9
202000043488,2020-05-25,48.9093118,2.7809468,67,4,1,1.0,1,77,5.0,11
202000043506,2020-05-26,45.916872,4.774927,40,4,1,1.0,1,69,8.0,19
202000044137,2020-03-11,45.40585,5.18772,77,3,1,1.0,1,38,4.0,16
202000044153,2020-02-25,43.529404,6.82104,68,4,1,1.0,1,83,4.0,11
202000044431,2020-06-02,47.551214,-0.604188,12,3,1,1.0,2,49,7.0,21
202000044800,2020-02-05,48.857031,2.346918,49,4,1,1.0,1,75,15.0,15
202000044871,2020-01-04,48.854904,2.386166,21,4,1,1.0,3,75,4.0,19
202000044978,2020-01-04,46.361665,0.199745,42,3,1,2.0,2,86,5.0,7
202000044995,2020-02-05,43.3012119,1.9559044,61,3,1,1.0,1,11,3.0,15
202000045068,2020-05-23,47.9367857,1.8943611,54,4,2,1.0,5,45,4.0,22
202000045306,2020-05-24,45.9518694,4.1856452,67,3,2,1.0,1,42,4.0,17
202000045313,2020-05-24,49.5300831,3.4103107,16,4,1,1.0,1,02,5.0,16
202000045349,2020-01-02,48.841621,2.332582,31,4,2,1.0,1,75,5.0,13
202000045374,2020-01-02,48.8737392,2.2940947,30,4,1,2.0,1,75,15.0,15
202000046631,2020-01-01,48.8691163,2.391452,27,4,2,1.0,5,75,5.0,3
202000046633,2020-02-04,48.871084,2.334819,47,4,1,1.0,5,75,15.0,18
202000046658,2020-01-02,48.866296,2.359789,5,4,2,2.0,1,75,4.0,12
202000046658,2020-01-02,48.866296,2.359789,40,4,2,2.0,1,75,4.0,12
202000046698,2020-01-24,48.600322,-0.358659,66,2,2,1.0,1,61,5.5,13
202000046824,2020-01-03,45.610028,4.30699,63,3,1,8.0,1,42,3.0,11
202000046904,2020-01-02,48.418303,7.66014,52,4,1,8.0,2,67,4.0,7
202000046963,2020-05-23,48.622715,-3.117145,83,4,1,7.0,1,22,4.0,14
202000046993,2020-05-23,49.2679014,0.2020267,64,3,1,1.0,1,14,5.5,14
202000047128,2020-05-21,47.926713,-4.09561,65,3,2,1.0,1,29,4.0,10
202000047259,2020-01-01,46.01592,4.053568,40,3,1,7.0,1,42,5.5,16
202000047542,2020-07-24,50.574332,2.941772,56,3,2,1.0,1,59,4.0,17
202100000006,2021-11-23,47.614239,7.234336,12,4,1,1.0,1,68,4.0,11
202100000945,2021-12-30,48.5431608637,-2.6066163174,51,3,1,1.0,2,22,3.5,16
202100001100,2021-12-29,50.088556,1.547179,71,4,2,3.0,1,80,4.0,11
202100001784,2021-12-24,48.61957,-4.554369,8,3,1,1.0,1,29,4.0,13
202100002510,2021-12-18,48.6188982102,-4.1994300485,53,3,1,1.0,2,29,6.0,17
202100002524,2021-12-18,46.592258,-1.397592,40,4,2,1.0,1,85,4.0,16
202100002683,2021-12-18,47.615338,6.167949,76,4,1,1.0,2,70,6.0,15
202100003199,2021-12-14,46.067013,6.573533,12,4,1,5.0,2,74,5.0,7
202100003341,2021-12-11,46.335127,-0.59113,45,3,2,1.0,1,79,3.0,16
202100003459,2021-12-11,14.505099,-61.045519,16,4,1,2.0,5,972,3.0,18
202100003920,2021-12-09,46.413319,-0.205672,16,3,1,2.0,5,79,12.7,18
202100004186,2021-12-09,44.360245,5.135621,17,3,1,1.0,1,26,5.5,11
202100004333,2021-12-07,46.727297,2.507967,52,3,2,3.0,2,18,5.0,17
202100004458,2021-11-13,43.6138557423,3.8108941434,77,3,1,1.0,1,34,5.0,11
202100004566,2021-12-06,-21.259771,55.516158,35,3,1,1.0,1,974,4.0,16
202100004603,2021-12-03,45.277687,5.648298,60,3,1,1.0,2,38,4.0,7
202100005458,2021-12-02,49.356436,2.795664,10,4,1,1.0,1,60,5.0,13
202100005599,2021-12-01,48.441835,5.151869,13,2,1,3.0,1,52,4.0,11
202100005803,2021-11-29,50.0566841238,4.1022158676,43,3,2,7.0,1,59,5.0,12
202100006146,2021-11-25,48.556944,-1.930139,69,3,1,7.0,1,35,4.0,15
202100006361,2021-10-27,48.801009,-3.473386,36,4,2,1.0,1,22,5.5,15
202100006959,2021-11-22,46.116625,5.277563,52,4,1,5.0,2,01,4.0,8
202100007405,2021-11-13,5.480184623,-53.2111483812,62,3,1,1.0,3,973,7.0,18
202100007527,2021-11-19,49.280159,-0.251758,15,3,1,1.0,1,14,4.0,13
202100007529,2021-11-18,48.485197,-2.6402,74,3,1,1.0,1,22,4.0,16
202100008173,2021-11-15,49.635672,0.190507,60,3,1,1.0,1,76,4.0,12
202100008394,2021-11-12,49.516845,5.260731,67,3,1,1.0,1,55,4.0,14
202100009016,2021-11-08,45.765789,4.751675,67,3,1,1.0,1,69,4.0,13
202100009368,2021-11-05,47.960373,7.305756,58,3,2,2.0,2,68,6.0,7
202100009372,2021-11-05,48.413903,-2.096323,76,3,1,7.0,1,22,5.0,17
202100009515,2021-11-04,47.2214092436,-2.1612864733,76,3,2,1.0,1,44,5.0,10
202100009654,2021-10-28,43.674899657,1.4324254293,39,3,2,1.0,1,31,4.0,17
202100009825,2021-10-21,43.535413,1.483905,21,3,1,1.0,1,31,4.0,15
202100010074,2021-10-31,46.835849,5.708564,41,3,1,1.0,1,39,1.4,16
202100010209,2021-10-09,47.341007,-1.896064,41,4,1,1.0,1,44,4.0,10
202100010509,2021-10-27,45.78793,3.12252,44,2,1,1.0,4,63,4.0,7
202100010597,2021-10-28,43.955866,2.859723,14,4,1,1.0,1,12,3.5,14
202100010602,2021-10-28,46.848443,-1.169616,10,4,1,1.0,1,85,4.0,13
202100010790,2021-10-27,47.719994,1.930992,41,4,2,7.0,1,45,4.0,17
202100010960,2021-10-26,46.023543,4.793893,21,3,1,1.0,1,01,4.0,15
202100010996,2021-10-26,5.1755634617,-52.6497318596,72,2,1,1.0,3,973,4.0,19
202100011491,2021-10-20,44.633757,-1.059633,15,4,1,1.0,2,33,4.0,8
202100011893,2021-10-19,50.618617,2.880221,52,4,1,2.0,3,59,4.0,7
202100012307,2021-10-18,48.42596,-4.457416,35,3,1,3.0,1,29,3.5,13
202100012329,2021-10-19,43.474836,5.168665,48,1,1,1.0,1,13,4.0,13
202100012575,2021-10-17,45.936012,6.877196,65,3,1,7.0,1,74,5.5,14
202100012582,2021-10-17,46.436423,-0.866482,76,2,1,1.0,1,85,4.0,11
202100012588,2021-10-18,49.1776394589,2.4552766979,16,4,2,1.0,5,60,4.0,18
202100012614,2021-06-03,45.870204,4.832204,46,4,1,1.0,1,69,4.0,11
202100012699,2021-10-16,48.102119,7.193629,47,3,1,1.0,1,68,5.5,10
202100012737,2021-10-16,46.857711,-0.822258,38,4,1,1.0,1,85,4.0,16
202100012765,2021-10-17,45.826792,3.199017,54,2,1,1.0,1,63,4.0,15
202100012773,2021-10-17,46.19105,-1.369807,60,3,1,1.0,1,17,4.0,11
202100012972,2021-10-16,41.401198,9.16749,49,3,1,1.0,1,2A,7.0,11
202100012994,2021-10-15,49.240098,-0.40084,23,3,2,7.0,1,14,5.0,9
202100013170,2021-10-15,46.839623,-1.865445,13,3,1,1.0,2,85,4.0,8
202100013354,2021-10-12,44.370564,4.695899,41,4,1,1.0,1,26,4.0,17
202100013782,2021-10-13,47.896471,-3.970699,55,4,2,1.0,1,29,4.0,9
202100013935,2021-10-12,47.866413,-4.229304,28,4,1,1.0,1,29,5.0,14
202100014050,2021-10-10,49.096727,-0.12006,9,4,2,1.0,1,14,3.0,15
202100014674,2021-10-08,43.42965,6.436502,10,4,1,1.0,1,83,4.0,7
202100015263,2021-10-03,45.355282,-1.060706,73,2,1,8.0,1,33,4.0,14
202100015289,2021-10-02,44.386623,6.654475,61,4,1,1.0,1,04,5.5,15
202100015397,2021-09-26,49.283083,-0.537947,59,3,2,1.0,1,14,4.0,16
202100015431,2021-10-04,49.223925,2.290885,56,4,1,1.0,1,60,5.0,12
202100015794,2021-10-01,42.777165,2.92968,81,2,1,1.0,1,66,5.0,15
202100016288,2021-09-11,47.407691,-2.480813,71,3,1,1.0,1,44,5.0,11
202100016333,2021-08-25,50.325909,3.109732,30,4,1,7.0,2,59,4.0,18
202100016421,2021-09-20,45.012837,-0.451715,21,3,1,1.0,1,33,4.0,11
202100016580,2021-09-27,45.208684,5.791147,26,3,1,1.0,2,38,4.0,7
202100016743,2021-09-27,45.806457,4.140515,55,4,1,8.0,1,42,3.0,17
202100017227,2021-09-03,43.667503,1.410289,65,3,1,1.0,1,31,4.0,13
202100017257,2021-09-25,48.27571,4.302564,42,4,1,1.0,1,10,5.5,16
202100017257,2021-09-25,48.27571,4.302564,57,4,1,1.0,1,10,5.5,16
202100017325,2021-09-23,46.348542,-0.309151,22,3,1,1.0,1,79,8.4,14
202100017341,2021-09-23,50.527704,2.803627,30,4,1,1.0,1,59,5.0,18
202100017756,2021-09-21,45.82594,4.947994,19,4,1,1.0,1,01,4.0,17
202100017939,2021-09-16,47.3901996306,0.5469410894,13,3,1,1.0,1,37,4.0,10
202100017940,2021-09-21,4.8813646562,-52.3446563333,18,3,1,1.0,1,973,4.0,15
202100017948,2021-09-21,44.088101,5.007201,62,3,1,1.0,1,84,3.0,11
202100018494,2021-09-12,47.815777,7.10618,17,3,1,1.0,1,68,4.0,14
202100018646,2021-09-16,41.905711,9.389287,71,3,1,1.0,1,2B,7.0,11
202100018685,2021-09-14,44.927101,-0.634962,50,3,1,1.0,5,33,3.5,6
202100018840,2021-09-11,46.558978,4.190292,70,3,1,1.0,1,71,3.0,10
202100018844,2021-09-16,47.944101,7.456096,7,3,1,1.0,1,68,3.5,18
202100019071,2021-09-14,45.158865,5.696329,56,4,1,1.0,1,38,4.0,11
202100019090,2021-09-15,45.826844,4.952951,23,4,1,1.0,1,01,4.0,10
202100019400,2021-09-13,46.871234,-0.757322,61,4,1,1.0,1,79,4.0,16
202100019420,2021-09-13,46.03749,0.214834,28,2,1,7.0,1,16,5.2,7
202100019536,2021-09-11,48.716921,4.590113,11,3,1,1.0,1,51,4.0,19
202100019555,2021-09-12,46.853243,5.685468,77,4,1,1.0,1,39,3.0,16
202100019595,2021-09-02,44.372644,5.12465,53,3,1,1.0,3,26,3.5,22
202100019787,2021-09-09,4.836096,-52.326647,22,3,1,1.0,5,973,4.0,19
202100019801,2021-09-09,44.551609,-0.786304,34,3,1,1.0,1,33,7.0,11
202100019950,2021-09-05,45.918733,6.704225,88,3,2,1.0,1,74,4.0,8
202100020606,2021-09-07,46.938949,4.904816,39,1,2,7.0,1,71,4.0,8
202100020606,2021-09-07,46.938949,4.904816,7,4,2,7.0,1,71,4.0,8
202100020655,2021-09-01,44.895428,-0.362416,42,4,1,1.0,1,33,4.0,17
202100020767,2021-09-03,46.898802,5.647354,10,3,1,7.0,1,39,3.0,13
202100020933,2021-09-05,49.1283846,-0.314847,74,4,1,1.0,1,14,3.0,13
202100020942,2021-09-01,43.519684,4.131871,61,3,1,1.0,1,30,4.0,18
202100021331,2021-09-02,46.209364,0.06678,71,2,1,1.0,1,79,6.0,10
202100021340,2021-09-01,46.459708,4.880612,17,4,1,1.0,1,71,3.0,18
202100021346,2021-08-31,46.703842,0.263608,13,3,1,1.0,1,86,4.0,17
202100021364,2021-09-03,44.390441,-1.166214,95,3,1,1.0,1,40,4.0,10
202100021573,2021-05-23,45.551528,6.208616,70,4,1,7.0,1,73,4.0,11
202100021685,2021-08-14,50.90192,2.415937,64,2,1,1.0,1,59,3.0,12
202100021876,2021-08-29,16.236277,-61.604859,16,4,1,1.0,1,971,5.0,18
202100021980,2021-08-29,47.225101,0.010456,71,2,1,1.0,1,49,3.0,15
202100021997,2021-08-29,48.108205,3.951538,69,2,1,1.0,1,10,4.0,10
202100022011,2021-08-28,45.878018,6.09355,50,4,1,1.0,1,74,6.0,14
202100022195,2021-08-29,48.675202,-1.452822,42,3,1,1.0,1,50,3.0,12
202100022527,2021-08-27,48.839115,6.057869,58,3,1,1.0,2,54,6.0,6
202100022556,2021-08-27,45.071276,4.8254093,19,3,1,1.0,2,07,4.0,7
202100022866,2021-08-19,47.857076,2.824628,69,4,1,1.0,1,45,3.0,17
202100022879,2021-08-24,49.197285442,2.5452930292,18,4,1,1.0,1,60,5.0,14
202100022960,2021-08-20,49.3318172693,-0.4630093576,48,4,1,1.0,1,14,7.0,11
202100023161,2021-08-22,46.944683,-0.593058,33,4,1,1.0,5,79,6.0,2
202100023162,2021-08-21,46.263228,-0.583037,14,3,2,1.0,1,79,5.0,16
202100023176,2021-08-21,47.689161,6.042443,62,3,2,1.0,1,70,3.5,15
202100023348,2021-08-20,47.179409,-2.153878,49,3,1,1.0,1,44,3.0,11
202100023519,2021-08-19,47.858213,6.828625,71,3,1,1.0,1,88,4.0,9
202100023634,2021-08-19,47.566783,3.20112,63,2,1,1.0,1,89,4.0,15
202100023764,2021-08-18,45.914863,6.053833,21,3,1,1.0,1,74,4.0,8
202100023764,2021-08-18,45.914863,6.053833,63,1,1,1.0,1,74,4.0,8
202100023770,2021-08-15,46.5499592732,5.1706275317,52,3,1,1.0,1,71,4.0,9
202100023810,2021-08-18,43.192589,5.819581,16,4,2,1.0,1,83,3.0,13
202100023944,2021-08-14,47.144944,-2.18265,51,3,1,1.0,1,44,3.0,12
202100023947,2021-08-10,47.798674,-4.214416,74,4,2,1.0,1,29,4.0,15
202100023947,2021-08-10,47.798674,-4.214416,44,1,2,1.0,1,29,4.0,15
202100024054,2021-06-21,48.3513701228,-3.8490495667,40,4,1,1.0,1,29,3.0,19
202100024177,2021-08-13,47.204908,5.995054,39,3,1,1.0,1,25,4.0,20
202100024201,2021-08-14,45.001391,-1.180275,13,2,2,7.0,1,33,4.0,19
202100024398,2021-08-12,48.204076,0.201305,40,4,1,1.0,1,72,5.0,17
202100024403,2021-08-04,43.473835,6.130393,71,3,1,1.0,1,83,3.0,8
202100024455,2021-08-14,48.080974,7.394124,83,3,1,1.0,1,68,4.0,10
202100024668,2021-08-11,45.78467,0.342148,64,3,1,1.0,1,16,6.0,10
202100024931,2021-08-09,44.147406,1.855633,8,3,1,1.0,1,82,4.0,18
202100024942,2021-08-09,45.264227,5.900452,13,4,1,1.0,1,38,4.0,18
202100025059,2021-08-08,45.494371,4.237048,46,3,1,1.0,1,42,4.0,10
202100025083,2021-08-08,47.19841,-0.994552,11,3,1,1.0,1,49,7.0,15
202100025188,2021-08-06,48.706818,-4.015326,13,1,2,1.0,1,29,3.0,14
202100025188,2021-08-06,48.706818,-4.015326,13,4,1,1.0,1,29,3.0,14
202100025391,2021-08-07,44.375493,4.698654,18,3,2,8.0,1,26,4.0,12
202100025506,2021-08-05,43.521792,1.519375,71,2,1,1.0,1,31,4.0,18
202100025532,2021-08-06,47.829981965,1.9700758159,74,3,1,1.0,1,45,5.5,8
202100025539,2021-08-05,46.224295,-0.994112,14,3,1,1.0,1,17,3.0,18
202100025558,2021-08-06,50.512274,2.91371,39,3,1,2.0,1,59,4.0,19
202100025666,2021-06-29,48.103155,-4.000562,14,4,2,1.0,1,29,4.0,19
202100026025,2021-08-01,-21.350132,55.562239,12,3,1,1.0,1,974,3.0,10
202100026208,2021-07-31,46.79577,-2.048328,89,3,1,1.0,1,85,5.0,10
202100026382,2021-07-30,46.460185,-1.169266,21,3,1,8.0,1,85,4.0,16
202100026751,2021-07-29,43.7214231332,4.0225614369,64,3,1,1.0,1,34,4.0,9
202100026753,2021-07-28,45.204957,5.667561,54,1,1,1.0,1,38,4.0,17
202100026753,2021-07-28,45.204957,5.667561,67,3,1,1.0,1,38,4.0,17
202100026917,2021-07-27,48.487024,7.697114,4,4,1,1.0,1,67,4.0,18
202100027431,2021-07-24,48.023917,-4.55909,15,4,1,8.0,1,29,4.0,12
202100027620,2021-07-22,45.848215,3.996454,17,4,1,7.0,2,42,4.0,19
202100027803,2021-07-04,49.042986,4.041287,59,3,1,1.0,1,51,5.5,14
202100027821,2021-07-21,48.353162,-4.320223,61,4,2,1.0,1,29,4.0,19
202100028001,2021-07-04,47.522682,-2.830262,60,1,1,1.0,1,56,5.0,10
202100028001,2021-07-04,47.522682,-2.830262,66,1,1,1.0,1,56,5.0,10
202100028001,2021-07-04,47.522682,-2.830262,73,3,1,1.0,1,56,5.0,10
202100028001,2021-07-04,47.522682,-2.830262,61,4,1,1.0,1,56,5.0,10
202100028003,2021-07-20,49.807153,0.722415,15,3,1,1.0,2,76,3.0,21
202100028015,2021-07-20,43.61424,3.51695,72,3,1,1.0,2,34,3.0,7
202100028225,2021-07-20,44.956842,1.273298,57,3,2,1.0,1,24,3.0,10
202100028238,2021-07-18,43.541954,5.368356,42,4,1,1.0,1,13,7.0,10
202100028389,2021-07-19,48.182284,2.111617,13,4,1,1.0,1,45,4.0,19
202100028421,2021-07-18,47.038256,-1.119533,5,3,1,1.0,1,49,5.0,18
202100028423,2021-07-19,48.363716,-1.970437,64,3,2,1.0,1,22,3.5,8
202100028557,2021-07-12,48.632313,7.748516,69,3,1,1.0,1,67,4.0,18
202100028745,2021-07-17,46.464016,-1.690834,52,1,1,1.0,1,85,4.0,11
202100028745,2021-07-17,46.464016,-1.690834,53,4,1,1.0,1,85,4.0,11
202100028745,2021-07-17,46.464016,-1.690834,55,3,1,1.0,1,85,4.0,11
202100028770,2021-07-16,45.624558,-0.965402,62,3,1,1.0,1,17,4.0,13
202100029026,2021-07-14,48.6844855527,-4.096583426,51,3,1,1.0,1,29,3.0,21
202100029497,2021-07-11,45.311073,5.212138,22,3,2,1.0,1,38,3.5,12
202100029538,2021-07-11,47.714924,-0.059845,11,3,1,1.0,1,72,5.0,20
202100030056,2021-07-08,43.475719,6.375069,64,2,1,1.0,1,83,7.0,10
202100030056,2021-07-08,43.475719,6.375069,66,2,1,1.0,1,83,7.0,10
202100030493,2021-07-07,45.905714,4.660826,13,3,1,1.0,1,69,3.0,12
202100030495,2021-07-07,47.114569,-0.993104,15,3,1,1.0,1,49,3.5,17
202100030619,2021-07-05,46.030372,4.88632,79,3,1,1.0,1,01,3.0,9
202100030619,2021-07-05,46.030372,4.88632,64,3,2,1.0,1,01,3.0,9
202100030874,2021-06-19,43.656253,-1.433228,22,4,1,1.0,1,40,4.0,19
202100030904,2021-06-30,43.787903,1.573867,13,3,1,1.0,1,31,4.0,18
202100030944,2021-07-02,46.709773,-1.961161,88,3,1,1.0,1,85,4.0,13
202100031272,2021-07-04,45.6854128764,6.5766920301,62,3,1,2.0,1,73,4.0,11
202100031367,2021-07-02,46.24625,3.629758,31,4,2,1.0,1,03,3.0,15
202100031391,2021-07-02,45.222477,5.682568,57,4,1,1.0,1,38,4.0,18
202100031484,2021-07-01,44.217916,5.9395,28,3,1,7.0,2,04,4.0,19
202100031523,2021-06-25,44.7419,-0.598462,39,4,1,1.0,1,33,4.0,18
202100031644,2021-06-28,42.8762584577,2.1879351366,57,3,2,1.0,1,11,6.0,17
202100031665,2021-06-30,47.805722,5.430894,14,4,1,2.0,1,52,4.0,9
202100031684,2021-06-28,45.525064,4.211039,11,4,1,1.0,1,42,4.0,18
202100031774,2021-06-30,48.498603,3.234208,10,4,1,1.0,1,77,4.0,18
202100032188,2021-06-26,47.115956,2.209384,65,3,2,8.0,1,18,3.0,13
202100032399,2021-06-26,47.0164326224,0.8417402208,10,4,1,1.0,1,37,3.0,11
202100032407,2021-06-25,5.4701752597,-54.0339730807,11,4,1,1.0,1,973,5.5,18
202100032567,2021-06-23,46.22932,4.992841,13,4,1,1.0,1,01,6.0,10
202100032749,2021-06-23,45.777162,3.350422,55,3,1,1.0,1,63,4.0,11
202100032788,2021-06-23,45.142079,5.741134,53,3,1,1.0,1,38,4.0,17
202100032790,2021-06-20,43.599375,1.25467,57,2,1,2.0,1,31,4.0,9
202100032972,2021-06-22,16.238904,-61.621714,19,3,1,1.0,1,971,3.0,11
202100033469,2021-06-20,47.804688,-3.677212,69,3,1,2.0,1,29,4.0,9
202100033503,2021-06-18,43.606313,1.231155,63,1,1,1.0,1,31,3.0,17
202100033733,2021-06-17,43.61798,7.057192,25,3,2,1.0,1,06,4.0,19
202100033924,2021-06-17,47.482343,-3.106105,72,3,2,1.0,1,56,4.0,17
202100033962,2021-06-16,48.471552,7.72311,82,3,1,1.0,1,67,4.0,7
202100034143,2021-06-15,46.347774,6.128126,71,3,1,1.0,1,01,5.5,9
202100034150,2021-06-15,48.627218,-0.662881,80,3,1,7.0,1,61,4.0,14
202100034339,2021-06-16,48.496428,4.772637,76,3,1,1.0,1,52,3.0,15
202100034339,2021-06-16,48.496428,4.772637,14,4,2,1.0,1,52,3.0,15
202100034360,2021-06-15,47.796953,-4.356358,65,3,1,1.0,1,29,5.0,9
202100034501,2021-06-14,46.014612,0.675549,64,4,1,7.0,1,16,6.0,8
202100034521,2021-06-15,47.963965,7.293549,67,3,2,7.0,1,68,4.0,11
202100034656,2021-06-12,50.026487,2.390299,18,3,1,1.0,1,80,5.0,18
202100034702,2021-06-14,43.765767,1.979717,33,4,1,7.0,1,81,6.5,11
202100034856,2021-06-12,48.298705,-0.933409,18,3,1,7.0,1,53,4.0,17
202100034856,2021-06-12,48.298705,-0.933409,18,4,1,7.0,1,53,4.0,17
202100034856,2021-06-12,48.298705,-0.933409,18,4,1,7.0,1,53,4.0,17
202100034856,2021-06-12,48.298705,-0.933409,18,4,1,7.0,1,53,4.0,17
202100035101,2021-06-09,48.997135,-0.447682,12,4,1,1.0,2,14,4.0,20
202100035619,2021-06-10,47.828218,-0.723327,15,3,1,1.0,1,53,3.0,16
202100035621,2021-06-08,48.894758,1.076564,61,3,1,1.0,1,27,3.0,14
202100035805,2021-06-08,48.478339857,7.2149464488,10,4,1,1.0,1,67,3.0,17
202100035806,2021-06-07,46.63908,-0.240932,21,3,1,1.0,1,79,7.0,17
202100035811,2021-06-09,45.7266305789,4.0198681486,70,4,1,1.0,1,42,4.0,8
202100035837,2021-06-08,48.481588,7.724526,87,4,2,1.0,1,67,4.0,16
202100035839,2021-06-08,45.698012,4.794631,13,4,2,1.0,1,69,9.0,18
202100035840,2021-06-08,43.691692,1.800342,60,3,1,1.0,1,81,4.0,17
202100035975,2021-06-07,48.505922,-2.895294,64,2,1,1.0,1,22,4.0,14
202100035978,2021-05-31,-21.28785,55.41284,16,3,1,1.0,4,974,4.0,18
202100035985,2021-06-08,49.046634,4.089924,69,3,1,1.0,1,51,5.5,9
202100036027,2021-05-29,48.59402,7.496502,77,3,2,1.0,1,67,4.0,10
202100036037,2021-06-07,50.175104,3.954855,19,2,1,1.0,1,59,5.0,13
202100036134,2021-06-06,44.0286097031,1.0405482352,10,4,1,1.0,1,82,4.0,11
202100036177,2021-06-05,47.81948,7.177237,50,3,1,1.0,2,68,3.0,21
202100036300,2021-06-05,46.15359,0.082242,16,1,1,1.0,1,79,6.6,15
202100036686,2021-05-29,48.582452,3.811805,14,2,1,1.0,1,51,3.0,14
202100036688,2021-05-31,47.919053,-2.72064,74,3,1,1.0,1,56,5.5,14
202100036711,2021-06-04,48.585957,2.221121,28,3,1,1.0,1,91,5.0,15
202100036718,2021-06-02,48.366265,7.590512,12,3,1,1.0,1,67,4.0,18
202100037104,2021-06-01,44.94071,3.993477,12,3,1,1.0,1,43,3.5,8
202100037366,2021-06-01,48.600041,2.236415,13,4,1,1.0,1,91,3.0,7
202100037367,2021-05-30,48.708295,1.977925,71,3,1,1.0,1,78,5.0,10
202100037478,2021-05-31,45.756969,6.317525,17,3,1,1.0,1,74,4.0,7
202100037938,2021-04-22,48.484962,-2.460503,73,3,1,1.0,1,22,4.0,11
202100038688,2021-05-22,43.71436,7.065357,42,4,2,1.0,1,06,4.0,16
202100038825,2021-05-23,43.518859,6.939722,53,3,2,1.0,1,06,3.0,13
202100038831,2021-05-23,47.6278811168,0.5492552518,66,2,1,1.0,1,37,3.0,10
202100039375,2021-05-20,48.595504,2.227435,13,4,1,1.0,1,91,4.0,8
202100039742,2021-05-11,46.180358,-0.241066,76,3,1,1.0,1,79,4.0,16
202100039757,2021-05-14,47.808464,7.239743,30,4,1,1.0,1,68,4.0,10
202100040104,2021-05-12,48.195981,2.383057,13,3,2,1.0,1,45,4.0,16
202100040244,2021-05-12,47.792469,7.380087,15,3,1,1.0,1,68,4.0,18
202100040565,2021-05-10,44.732006,-1.077642,73,3,1,1.0,1,33,4.0,13
202100040695,2021-05-08,48.027347,7.079326,69,3,1,1.0,1,68,4.0,9
202100040786,2021-05-08,49.12139,4.542482,17,1,1,1.0,1,51,7.0,15
202100040822,2021-05-08,46.415176,-1.567038,79,3,2,1.0,1,85,4.0,10
202100040990,2021-05-08,48.0861599348,3.2982874877,13,4,1,1.0,1,89,4.0,15
202100041014,2021-05-07,-21.061174,55.22354,43,4,2,1.0,1,974,3.5,9
202100041023,2021-05-07,48.717811,7.797796,8,4,1,1.0,1,67,4.0,18
202100041173,2021-05-06,43.640179,7.140244,54,1,1,1.0,1,06,4.0,14
202100041173,2021-05-06,43.640179,7.140244,51,4,2,1.0,1,06,4.0,14
202100041459,2021-05-04,48.204273,5.148817,31,4,2,2.0,1,52,4.0,12
202100041591,2021-05-03,45.498252,4.317466,77,3,1,1.0,2,42,10.5,8
202100041714,2021-04-30,47.823774,0.086281,13,4,1,1.0,1,72,5.0,15
202100042133,2021-04-29,47.234559,-1.67247,72,3,2,1.0,1,44,7.0,17
202100042643,2021-04-21,-21.048871,55.71358,16,4,1,1.0,1,974,4.0,11
202100042734,2021-04-23,45.937258,6.628318,14,3,1,1.0,1,74,3.0,18
202100043247,2021-04-20,48.001054,-4.335641,15,4,1,1.0,1,29,5.0,17
202100043255,2021-04-21,47.8465979978,1.7914614036,11,3,1,1.0,1,45,5.0,14
202100046472,2021-03-27,45.728158,0.110314,62,2,1,1.0,1,16,3.6,17
202200000120,2022-09-10,47.638231,-2.952866,57,3,1,1.0,1,56,7.0,16
202200000217,2022-07-21,46.44336,-0.44768,14,3,1,1.0,1,79,5.0,10
202200000446,2022-05-06,47.78101,0.800822,74,3,1,1.0,1,41,4.0,15
202200000480,2022-03-25,45.514131,5.078947,10,4,1,1.0,1,38,3.5,16
202200000507,2022-10-19,43.686733,1.420261,12,3,1,1.0,1,31,4.0,16
202200000578,2022-10-09,45.813513,0.540773,42,3,1,1.0,2,16,5.0,10
202200000592,2022-09-28,48.456479,-2.051172,17,3,1,2.0,1,22,6.0,13
202200000730,2022-09-10,45.643699,6.317697,44,4,1,1.0,1,73,4.0,8
202200001002,2022-09-19,49.310886,2.736685,39,4,1,1.0,1,60,5.0,19
202200001313,2022-08-09,49.63444,0.33787,24,3,1,1.0,2,76,7.4,20
202200001317,2022-08-09,48.606153,0.184354,78,3,1,1.0,1,61,7.0,13
202200001352,2022-08-08,49.2420625674,2.1387387514,71,4,2,1.0,1,60,4.0,13
202200001631,2022-05-05,46.218683,0.696945,69,3,1,1.0,1,86,5.5,11
202200001640,2022-03-25,47.661543,-0.57207,12,4,1,1.0,1,49,4.0,8
202200001671,2022-03-25,44.860755,4.927374,55,3,1,1.0,2,26,4.0,7
202200002179,2022-06-04,49.283921,1.768783,17,4,1,1.0,1,27,5.0,13
202200002179,2022-06-04,49.283921,1.768783,18,3,1,1.0,1,27,5.0,13
202200002279,2022-06-04,49.114648,2.597929,9,4,1,1.0,1,60,4.0,11
202200002293,2022-06-03,5.59845,-53.706387,29,3,1,1.0,1,973,4.0,14
202200002314,2022-10-20,49.356887,2.782883,11,4,1,2.0,1,60,5.0,8
202200002448,2022-06-02,48.700744,7.648963,11,3,1,1.0,1,67,4.0,16
202200002458,2022-06-04,45.114295,5.83057,51,3,1,1.0,1,38,5.5,11
202200002494,2022-06-03,48.227038,-2.733466,14,4,1,1.0,1,22,4.0,11
202200002562,2022-09-16,48.507411,-4.425178,55,3,1,1.0,1,29,6.0,12
202200002930,2022-08-06,45.762138,-0.614204,62,3,1,1.0,1,17,4.0,11
202200003055,2022-08-07,46.023204,0.224264,26,4,1,1.0,1,16,4.5,19
202200003449,2022-11-23,45.650148,0.531828,52,3,1,1.0,3,16,6.0,18
202200003453,2022-11-24,44.200307,5.943711,48,4,1,1.0,1,04,3.0,12
202200003466,2022-11-23,48.667654,7.764201,75,3,1,1.0,1,67,4.0,14
202200003603,2022-12-27,45.868172,-0.323756,84,3,1,1.0,1,17,4.0,11
202200003716,2022-12-12,45.178185,4.813205,52,4,1,8.0,4,26,4.0,18
202200003877,2022-10-31,45.2988,5.809793,62,2,1,1.0,1,38,3.5,15
202200003884,2022-10-29,45.272191,5.887304,35,3,2,1.0,1,38,4.0,10
202200003976,2022-03-22,43.5186076381,6.2353527546,61,4,1,1.0,1,83,3.0,11
202200004176,2022-09-08,49.18988,1.46749,45,3,1,1.0,1,27,5.0,14
202200004223,2022-07-14,46.261591,6.837827,65,2,1,1.0,1,74,3.5,11
202200004482,2022-07-04,49.0667647049,6.5948923587,67,2,1,1.0,1,57,7.0,11
202200004484,2022-07-05,45.13693,5.79525,10,4,1,1.0,1,38,4.0,8
202200004496,2022-07-05,49.453919,2.099177,46,4,1,1.0,1,60,5.5,8
202200004633,2022-07-03,49.220193,2.611163,45,3,1,1.0,1,60,5.0,11
202200004830,2022-11-23,43.64912,0.59613,33,4,1,1.0,-1,32,5.0,7
202200004914,2022-09-15,49.1544034643,1.7869600654,65,3,2,1.0,1,95,5.0,11
202200005494,2022-12-31,49.312927,2.621564,66,4,1,1.0,1,60,5.0,14
202200005580,2022-03-21,49.807437,2.260276,76,2,1,1.0,2,80,7.0,19
202200005788,2022-05-01,49.482454,1.942617,38,3,1,1.0,1,60,5.0,10
202200005871,2022-05-01,47.696589,0.420515,74,2,1,1.0,1,72,5.0,19
202200006239,2022-09-08,47.119381,-2.090806,15,4,1,1.0,1,44,5.0,18
202200006239,2022-09-08,47.119381,-2.090806,15,4,1,1.0,1,44,5.0,18
202200006269,2022-10-16,50.579067,3.137809,58,3,1,1.0,1,59,4.0,11
202200006312,2022-07-27,47.802144,1.954665,26,2,2,1.0,1,45,4.0,10
202200006351,2022-07-02,48.51099,2.59613,58,3,1,1.0,2,77,3.0,21
202200006639,2022-02-12,46.18815,6.301986,63,3,2,1.0,1,74,4.0,16
202200006811,2022-08-05,43.7300117583,4.2119774222,73,4,1,1.0,1,30,7.0,8
202200006824,2022-08-04,43.614681,3.77603,58,3,1,1.0,1,34,3.0,11
202200007069,2022-11-22,48.384737,3.975967,16,4,1,1.0,2,10,4.0,17
202200007091,2022-11-22,47.607903,7.503678,33,4,1,1.0,1,68,4.0,16
202200007095,2022-11-18,47.15472,6.328777,23,4,1,2.0,1,25,4.0,9
202200007118,2022-11-12,48.065139,-1.760559,22,1,1,1.0,1,35,4.0,17
202200007118,2022-11-12,48.065139,-1.760559,55,3,1,1.0,1,35,4.0,17
202200007377,2022-03-20,45.069959,4.826171,14,3,1,8.0,1,07,3.0,16
202200007377,2022-03-20,45.069959,4.826171,34,1,1,8.0,1,07,3.0,16
202200007496,2022-05-16,46.562652,4.225037,55,3,1,1.0,1,71,4.0,17
202200007662,2022-04-15,45.75265,4.77173,2022,1,-1,1.0,1,69,4.0,18
202200007704,2022-04-28,42.540615,2.879405,18,3,2,1.0,1,66,8.0,11
202200007774,2022-03-19,46.092981,3.974733,83,3,1,1.0,1,42,4.0,15
202200007794,2022-03-13,48.6118265405,-4.3856030703,28,4,1,1.0,1,29,4.0,15
202200007814,2022-03-19,45.568334,6.179423,86,3,1,1.0,1,73,3.0,17
202200007817,2022-01-22,49.141904,-0.421228,7,3,1,1.0,1,14,3.0,15
202200007817,2022-01-22,49.141904,-0.421228,7,3,1,1.0,1,14,3.0,15
202200008076,2022-09-14,49.665628,2.319805,11,3,1,8.0,1,60,4.0,13
202200008135,2022-10-15,45.898711,5.34634,48,4,1,7.0,1,01,4.0,17
202200008165,2022-05-29,49.317069,-0.349503,20,1,1,1.0,1,14,4.0,10
202200008423,2022-06-30,46.838538,-0.495538,14,4,1,1.0,1,79,6.7,17
202200008655,2022-08-03,44.107312,4.759186,69,2,1,1.0,2,84,4.0,7
202200009413,2022-05-06,48.731519,7.706282,52,3,1,1.0,1,67,4.0,15
202200009433,2022-11-20,43.608523,2.42903,38,3,1,1.0,1,81,4.0,12
202200009525,2022-05-31,42.793448,0.587811,73,3,1,7.0,1,31,5.0,18
202200009532,2022-10-26,45.250759,5.84787,43,4,1,1.0,1,38,5.5,16
202200009716,2022-03-18,43.852088,-1.362863,71,3,1,1.0,1,40,4.0,15
202200009734,2022-03-18,47.779313,1.63066,74,3,1,1.0,1,45,5.5,18
202200009810,2022-09-10,46.087441,-1.095918,43,4,1,1.0,1,17,4.0,15
202200009811,2022-09-13,43.996434,5.058807,67,4,1,1.0,1,84,4.0,12
202200009838,2022-09-11,46.618325,2.493199,10,3,1,1.0,1,18,5.0,19
202200009854,2022-09-12,48.75476,2.782588,45,3,1,1.0,1,77,4.0,18
202200009865,2022-09-12,48.782194,-3.490477,45,4,1,1.0,2,22,5.5,6
202200009996,2022-09-11,49.0164929647,-0.6310905218,13,3,1,1.0,1,14,4.0,16
202200010201,2022-10-15,43.958905,4.883316,12,3,1,7.0,1,84,4.0,14
202200010211,2022-10-15,45.827082,4.95263,16,4,1,1.0,1,01,4.0,12
202200010437,2022-02-08,47.517661,4.169381,74,4,1,1.0,1,21,4.0,15
202200010518,2022-07-01,46.807476,-2.016333,21,3,1,1.0,1,85,4.0,13
202200010691,2022-08-01,47.7965866027,-4.2842438221,17,4,1,1.0,5,29,5.0,22
202200010697,2022-11-21,48.840701,2.067089,14,4,2,2.0,1,78,5.0,9
202200010752,2022-07-30,48.183797,-1.436248,20,3,1,1.0,1,35,5.5,12
202200011184,2022-12-25,43.960689,0.379812,85,2,1,1.0,1,32,4.0,13
202200011290,2022-11-20,-21.272494,55.334487,49,4,1,1.0,1,974,3.0,6
202200011364,2022-05-09,49.19853,-0.86569,64,2,1,1.0,1,14,5.5,9
202200011397,2022-05-30,45.956653,4.940331,11,4,1,1.0,1,01,4.0,17
202200011454,2022-05-31,44.136939,0.336499,19,3,1,1.0,1,47,3.0,15
202200011485,2022-03-22,45.510027,5.982962,52,4,1,1.0,1,73,3.0,17
202200011512,2022-12-24,50.3728,2.63685,13,4,1,1.0,2,62,4.0,17
202200011827,2022-09-11,47.688894,6.830803,61,3,1,1.0,1,90,4.0,9
202200011881,2022-04-27,45.765788,4.751878,77,4,1,1.0,1,69,4.0,15
202200012220,2022-10-14,43.124867,6.244483,44,4,1,1.0,5,83,4.0,0
202200012529,2022-10-02,48.023034,0.476704,20,4,1,1.0,1,72,5.0,16
202200012536,2022-08-01,44.933791,1.607429,56,3,1,1.0,1,46,5.0,15
202200012779,2022-05-30,5.069945,-52.595297,68,3,1,1.0,1,973,7.0,17
202200013177,2022-09-10,42.918178,1.640539,76,3,1,1.0,1,09,5.0,13
202200013235,2022-03-16,45.76997,0.191413,75,3,1,8.0,1,16,4.0,16
202200013257,2022-03-17,49.033817,2.341858,47,3,1,8.0,2,95,5.0,8
202200013500,2022-04-27,48.690661,7.784792,48,4,1,7.0,1,67,4.0,18
202200013617,2022-02-07,47.628792,-2.655054,60,3,1,8.0,1,56,5.0,10
202200013647,2022-09-09,48.514618,-3.032822,13,3,1,1.0,2,22,4.0,19
202200013671,2022-09-09,49.803968,2.811427,57,3,1,1.0,1,80,5.0,13
202200013906,2022-02-05,-21.263006,55.401059,17,2,1,1.0,1,974,4.0,16
202200013928,2022-04-26,45.902231,5.635418,38,3,2,1.0,1,01,3.0,15
202200014213,2022-10-07,47.411765,4.902917,73,4,1,1.0,1,21,3.0,15
202200014213,2022-10-07,47.411765,4.902917,57,4,1,1.0,1,21,3.0,15
202200014213,2022-10-07,47.411765,4.902917,79,4,1,1.0,1,21,3.0,15
202200014320,2022-06-29,48.634921,-2.435702,63,2,1,1.0,1,22,4.0,12
202200014384,2022-08-01,48.416168,-4.437356,19,4,1,1.0,1,29,6.0,20
202200014405,2022-07-31,44.411237,2.519925,11,4,1,1.0,1,12,3.5,20
202200014428,2022-07-29,44.640258,-1.071634,52,3,1,1.0,1,33,4.0,20
202200014798,2022-07-30,46.56395,5.029507,33,4,1,1.0,1,71,4.0,17
202200014952,2022-05-23,48.533629,-2.080579,20,4,1,3.0,1,22,3.0,16
202200015758,2022-04-23,47.759089,1.158339,17,1,2,1.0,1,41,4.0,15
202200015758,2022-04-23,47.759089,1.158339,21,4,1,1.0,1,41,4.0,15
202200016043,2022-06-28,45.749199,4.686141,33,3,1,7.0,1,69,7.0,17
202200016267,2022-10-11,43.957834,1.286646,60,4,1,1.0,1,82,5.0,14
202200016270,2022-10-11,46.637244,5.628951,24,4,1,1.0,1,39,3.0,16
202200016291,2022-08-21,43.481469,5.170505,68,3,1,1.0,1,13,4.0,9
202200016292,2022-10-11,46.196958,4.757895,79,3,1,1.0,1,71,4.0,16
202200016464,2022-07-30,45.599807,3.957288,47,3,1,7.0,1,42,3.0,17
202200016937,2022-05-28,45.610221,4.839242,10,4,1,1.0,1,69,3.0,17
202200016968,2022-05-24,48.063143,-2.965937,64,4,1,1.0,1,56,7.0,10
202200017509,2022-09-04,45.106621,5.650148,28,3,2,1.0,1,38,4.0,12
202200017756,2022-04-23,46.984595,1.608684,8,3,1,8.0,1,36,4.0,17
202200017855,2022-06-25,49.306773,-1.252447,70,3,1,1.0,1,50,5.0,9
202200018373,2022-07-16,48.44998,7.543091,47,3,1,1.0,1,67,4.0,18
202200018889,2022-07-28,44.03587,4.76394,24,2,2,1.0,1,30,4.0,17
202200018910,2022-06-17,47.27445,-1.54761,49,3,2,1.0,1,44,10.5,13
202200019016,2022-04-28,45.668521,0.504569,70,3,1,1.0,1,16,7.0,16
202200019075,2022-05-16,48.3059610293,-1.6759776324,13,4,1,1.0,1,35,5.0,17
202200019383,2022-03-12,48.54915,7.316993,18,4,1,1.0,5,67,3.0,19
202200019395,2022-09-07,49.0742931032,0.3249667883,10,4,1,1.0,1,14,3.0,9
202200019924,2022-04-21,47.880353,7.037536,17,4,1,1.0,1,68,4.0,19
202200019927,2022-04-21,48.408608,7.435362,64,3,1,1.0,1,67,3.0,18
202200020544,2022-01-31,5.157582,-52.642654,16,4,2,1.0,1,973,3.0,12
202200020605,2022-05-26,47.945988,-4.146599,17,4,1,1.0,1,29,5.0,15
202200020668,2022-06-29,45.995385,0.149962,65,3,1,7.0,1,16,5.5,8
202200020674,2022-05-25,49.35819,0.513926,28,4,1,1.0,1,27,5.0,12
202200020698,2022-07-26,42.834832,0.23974,52,4,2,5.0,1,65,5.0,15
202200020714,2022-05-22,47.685582,2.650723,84,3,1,1.0,1,45,4.0,18
202200020953,2022-12-10,48.703083,2.055532,53,3,1,8.0,4,78,5.0,20
202200021254,2022-08-20,47.814473,-4.240009,70,3,1,1.0,1,29,6.0,18
202200021287,2022-09-06,42.695947,2.694252,58,4,1,7.0,1,66,4.0,9
202200021339,2022-03-11,48.504308,-2.618362,62,3,1,1.0,1,22,4.0,16
202200021423,2022-09-04,45.287626,5.524825,45,4,1,1.0,1,38,3.5,17
202200021432,2022-09-03,47.855826,4.565758,65,3,1,1.0,1,21,4.0,11
202200021674,2022-04-21,46.635537,2.754639,49,3,1,1.0,1,03,4.0,13
202200022229,2022-01-30,15.863378,-61.583986,60,3,1,1.0,5,971,5.0,21
202200022312,2022-11-10,43.54069,5.264812,38,3,1,1.0,1,13,8.0,9
202200022340,2022-11-10,48.072527,-3.022453,21,4,1,1.0,1,56,5.0,13
202200022559,2022-07-20,45.937479,6.078089,19,3,1,1.0,1,74,5.0,16
202200022580,2022-07-25,46.525697,5.321889,76,3,1,1.0,1,71,4.0,11
202200022585,2022-07-25,47.444456,-2.443412,57,3,2,1.0,1,44,4.0,17
202200023041,2022-12-16,43.6614815849,4.1590185463,55,3,1,1.0,3,34,3.0,19
202200023051,2022-11-14,46.7509091,-1.6239729,14,4,1,2.0,2,85,5.0,8
202200023121,2022-03-10,49.215304,2.407382,51,4,1,1.0,1,60,5.5,16
202200023141,2022-03-09,45.847901,5.050761,47,4,1,1.0,1,01,4.0,17
202200023224,2022-09-04,49.84883,0.952503,87,3,1,1.0,1,76,4.0,13
202200023578,2022-06-24,46.627764,0.075848,73,3,1,1.0,1,86,4.0,12
202200024016,2022-07-26,49.275533,-0.71608,73,4,1,1.0,1,14,4.0,12
202200024195,2022-01-28,43.223319,-0.890773,82,3,1,7.0,1,64,7.0,17
202200024208,2022-01-25,46.791932,-2.053467,63,3,1,1.0,1,85,5.5,11
202200024246,2022-11-08,48.622145,2.355724,46,3,1,1.0,1,91,5.0,15
202200024254,2022-01-28,43.616947,1.279923,47,3,1,1.0,1,31,4.0,17
202200024317,2022-11-12,46.952783,1.432791,71,4,1,1.0,1,36,5.5,14
202200024356,2022-07-24,46.283584,5.117951,65,3,1,1.0,1,01,4.0,10
202200024378,2022-07-25,43.625034,7.101096,27,3,1,1.0,1,06,4.0,19
202200024382,2022-05-24,45.500113,4.38524,52,3,1,1.0,1,42,5.5,12
202200024410,2022-07-25,48.827125,7.755173,61,1,1,1.0,1,67,3.5,10
202200024410,2022-07-25,48.827125,7.755173,2,4,2,1.0,1,67,3.5,10
202200024643,2022-05-21,45.6356966642,4.685838384,15,3,1,1.0,1,69,5.0,18
202200024671,2022-05-11,49.3604390663,2.4227659106,67,4,1,1.0,1,60,7.0,19
202200024882,2022-12-13,46.86254,-1.0068523,68,3,1,1.0,1,85,4.0,13
202200024988,2022-03-05,47.786511,7.5065,79,3,2,1.0,1,68,3.5,15
202200024988,2022-03-05,47.786511,7.5065,81,3,1,1.0,1,68,3.5,15
202200025021,2022-03-08,50.6409455043,2.7222380117,22,3,2,1.0,1,59,3.0,12
202200025387,2022-04-17,45.667239,5.894873,32,3,2,1.0,1,73,3.0,10
202200025419,2022-06-23,48.416434,-1.384948,76,4,1,1.0,1,35,7.0,11
202200025903,2022-09-30,48.183943,4.165235,70,4,1,1.0,1,10,4.0,15
202200026023,2022-10-06,43.980626,4.906366,70,4,1,1.0,1,84,4.0,9
202200026025,2022-10-05,48.395178,7.623546,87,2,2,1.0,1,67,4.0,17
202200026324,2022-11-11,49.091861,2.743049,24,3,1,1.0,3,60,4.0,6
202200026470,2022-04-21,-21.141179,55.609328,60,4,1,1.0,1,974,4.0,14
202200026542,2022-07-17,45.960973,5.149675,61,3,1,1.0,1,01,3.0,12
202200026682,2022-12-15,42.626306,2.8104831,54,3,1,1.0,1,66,4.0,14
202200026703,2022-07-23,45.975813,-1.352611,78,3,1,7.0,1,17,4.0,7
202200027058,2022-08-31,44.933909,0.459301,74,3,1,1.0,1,24,4.0,10
202200027069,2022-09-01,43.680132,4.14508,13,3,2,1.0,1,34,5.0,9
202200027073,2022-09-01,44.889635,4.968165,66,3,1,1.0,1,26,3.0,9
202200027237,2022-04-16,4.912797,-52.371976,42,3,2,1.0,1,973,7.0,17
202200027237,2022-04-16,4.912797,-52.371976,43,3,2,1.0,1,973,7.0,17
202200027296,2022-08-31,46.767793,-1.510121,74,3,1,1.0,1,85,5.5,11
202200027306,2022-05-22,47.82324,1.954665,48,4,1,1.0,1,45,4.0,18
202200027325,2022-06-22,46.8226178657,-1.6260493269,60,3,1,1.0,1,85,4.0,11
202200027377,2022-06-20,45.747838,-0.437897,17,4,1,1.0,1,16,4.3,17
202200027497,2022-04-16,46.242743,6.019853,44,4,1,1.0,1,01,5.5,15
202200027877,2022-09-30,48.18034,6.4542,49,4,1,1.0,5,88,4.0,7
202200028274,2022-10-04,46.953503,-1.007524,79,3,1,1.0,1,85,5.5,14
202200028412,2022-12-09,14.723579,-61.042266,29,3,1,1.0,1,972,5.0,17
202200028496,2022-12-13,46.724275,-2.347861,16,4,2,2.0,3,85,5.5,19
202200028496,2022-12-13,46.724275,-2.347861,19,4,1,2.0,3,85,5.5,19
202200028590,2022-07-21,49.205409,3.368157,27,1,1,1.0,1,02,5.0,17
202200028590,2022-07-21,49.205409,3.368157,22,4,1,1.0,1,02,5.0,17
202200028825,2022-03-04,48.69801,2.77202,61,3,1,1.0,1,77,4.0,10
202200029055,2022-08-30,48.116097,7.535664,72,3,1,1.0,1,68,3.5,17
202200029073,2022-08-31,45.492485,0.147805,61,4,1,1.0,1,16,2.5,10
202200029073,2022-08-31,45.492485,0.147805,67,3,1,1.0,1,16,2.5,10
202200029089,2022-08-26,46.248111,5.136293,51,4,2,1.0,1,01,4.0,15
202200029376,2022-01-24,48.292249,-0.917235,50,4,1,8.0,2,53,4.0,17
202200029462,2022-04-13,45.692837,-0.229544,51,4,1,1.0,1,16,5.0,16
202200029516,2022-04-10,46.382258,4.855383,5,4,1,1.0,1,71,4.0,17
202200029579,2022-06-07,43.420335,3.160871,41,3,1,1.0,1,34,3.0,7
202200029591,2022-06-11,45.6546631915,6.3707667558,36,4,1,1.0,1,73,4.0,12
202200029681,2022-06-20,43.76089,1.977587,66,4,1,1.0,1,81,4.0,10
202200029991,2022-05-21,47.176449,3.019276,13,3,1,1.0,1,58,3.0,18
202200030123,2022-05-21,45.765019,4.76815,52,4,1,1.0,1,69,4.0,16
202200030139,2022-05-20,44.819028699,-0.4408974946,29,3,1,1.0,1,33,4.0,13
202200030192,2022-10-03,47.47618,-3.112414,65,4,1,1.0,1,56,4.0,11
202200030194,2022-10-03,49.984735,1.561627,20,4,1,1.0,1,80,5.0,12
202200030199,2022-10-03,45.558618,4.319934,91,2,1,1.0,1,42,4.0,14
202200030199,2022-10-03,45.558618,4.319934,73,4,1,1.0,1,42,4.0,14
202200030360,2022-07-20,46.077994,6.541436,13,4,1,1.0,1,74,3.0,9
202200030369,2022-07-20,47.63775,6.28581,10,3,2,1.0,1,70,5.5,12
202200030422,2022-07-20,50.634691,2.400188,14,3,1,3.0,2,62,4.0,19
202200030893,2022-08-29,48.405525336,-4.4232124686,10,3,1,1.0,1,29,4.0,17
202200030898,2022-08-29,47.660828,6.747467,9,4,1,1.0,1,70,3.0,16
202200031054,2022-08-23,48.454235704,6.2921565779,74,3,1,1.0,1,54,3.0,16
202200031054,2022-08-23,48.454235704,6.2921565779,5,4,1,1.0,1,54,3.0,16
202200031199,2022-01-24,44.302188,2.577488,69,3,2,1.0,1,12,3.5,14
202200031227,2022-04-13,49.09762,0.60546,38,4,1,8.0,2,27,3.0,6
202200031259,2022-04-13,46.242982,4.795302,55,3,1,1.0,1,71,5.0,17
202200031474,2022-06-18,48.5685160925,-4.6634790301,14,4,1,1.0,1,29,6.0,14
202200031596,2022-06-18,45.677356,4.900846,16,4,1,1.0,1,69,3.0,15
202200031596,2022-06-18,45.677356,4.900846,16,4,1,1.0,1,69,3.0,15
202200031609,2022-04-13,47.001841,-0.37684,35,3,1,1.0,2,79,5.3,21
202200031616,2022-01-23,43.933977,4.901782,54,4,1,1.0,1,84,4.0,10
202200031653,2022-04-11,47.285864961,0.7098975778,60,2,1,1.0,2,37,4.0,7
202200031675,2022-11-08,46.141471,1.247807,81,2,1,1.0,2,87,5.5,7
202200032162,2022-09-30,46.6784707,-1.90986692,48,3,1,1.0,1,85,4.0,17
202200032202,2022-12-10,16.090774,-61.56374,46,2,1,1.0,3,971,3.0,5
202200032280,2022-06-29,45.924815,6.872356,17,1,2,1.0,1,74,3.0,18
202200032339,2022-07-19,45.543727,3.201313,41,4,1,1.0,1,63,3.0,9
202200032422,2022-11-12,47.276896,6.107245,18,3,1,1.0,1,25,4.0,14
202200032566,2022-07-18,-21.069219,55.229876,60,4,1,1.0,2,974,7.0,17
202200032720,2022-03-01,46.943284,4.875333,74,3,1,1.0,1,71,5.0,14
202200032904,2022-08-27,48.093069,-2.804807,21,4,1,1.0,1,56,3.0,16
202200033030,2022-04-12,48.730698,7.714328,21,4,1,1.0,1,67,4.0,13
202200033072,2022-04-12,43.136033,6.354502,54,3,1,1.0,1,83,4.0,8
202200033122,2022-04-12,46.833231,2.916741,13,4,1,1.0,1,18,3.0,16
202200033474,2022-04-10,49.119076,-0.306217,9,4,1,1.0,1,14,4.0,13
202200033476,2022-04-09,43.133077,-0.748132,20,2,1,1.0,1,64,3.0,18
202200033851,2022-05-19,49.1491299805,2.2799769044,59,3,1,1.0,1,95,5.0,14
202200034101,2022-09-30,46.212838,5.14619,52,4,1,1.0,1,01,4.0,17
202200034279,2022-12-10,46.715069,-0.21463,57,3,1,1.0,1,79,4.2,15
202200034490,2022-07-14,50.309187,2.949625,61,4,1,1.0,1,62,4.0,9
202200034562,2022-07-07,45.66633,-0.30271,52,4,1,1.0,1,16,5.5,16
202200034624,2022-03-01,44.855721,1.8773,58,3,2,1.0,1,46,4.0,12
202200034694,2022-08-27,45.508768,3.504016,68,4,1,1.0,1,63,3.0,15
202200034694,2022-08-27,45.508768,3.504016,68,3,1,1.0,1,63,3.0,15
202200034743,2022-08-27,43.870334,4.212699,60,3,1,1.0,1,30,5.0,11
202200034765,2022-08-25,43.724444,7.089636,16,2,2,1.0,1,06,4.0,16
202200035110,2022-04-10,43.590511,0.963755,49,3,1,1.0,1,32,4.0,11
202200035156,2022-04-09,44.876058,4.776392,16,3,1,1.0,1,07,4.0,11
202200035699,2022-10-27,45.79745,3.11861,82,4,1,1.0,1,63,4.0,11
202200035832,2022-05-18,47.326047,-2.162794,56,3,1,1.0,1,44,4.0,8
202200035867,2022-04-11,47.66396,-3.004932,28,4,1,1.0,1,56,7.0,8
202200035932,2022-09-30,46.469672,4.246307,27,3,2,1.0,1,71,4.0,17
202200036093,2022-09-25,48.527064,7.463107,63,4,1,1.0,1,67,3.0,9
202200036139,2022-12-09,44.898311,5.792423,61,3,1,2.0,1,38,4.0,9
202200036220,2022-07-16,49.4480244439,1.2232144475,40,4,1,1.0,1,76,3.0,21
202200036561,2022-01-17,50.515834,1.633815,74,1,1,1.0,1,62,3.0,15
202200036785,2022-02-28,50.195937,2.076837,88,3,1,1.0,1,80,5.0,17
202200036865,2022-07-15,48.27541,-2.162772,71,3,1,1.0,1,22,4.0,10
202200036891,2022-02-10,45.7997,4.78654,48,4,2,1.0,1,69,4.0,13
202200037105,2022-08-24,47.992901,3.484672,10,4,1,1.0,1,89,5.75,20
202200037408,2022-11-01,43.645687,-1.427048,65,3,2,1.0,1,40,5.5,10
202200037451,2022-11-03,43.468663,-0.926886,76,3,1,1.0,1,64,3.0,10
202200037532,2022-04-07,48.209328,-1.512621,11,4,1,2.0,1,35,5.0,8
202200037700,2022-05-16,-21.238152,55.342952,14,3,1,1.0,2,974,4.0,17
202200037731,2022-05-16,42.905877,3.036486,70,3,1,1.0,1,11,4.0,14
202200038139,2022-01-17,48.896126,-0.189471,76,3,1,1.0,1,14,4.0,16
202200038296,2022-07-16,46.988611,4.828593,59,3,1,1.0,1,21,4.0,11
202200038340,2022-07-14,43.412109,6.696961,77,3,1,1.0,1,83,7.0,9
202200038512,2022-02-25,-21.2841909861,55.4045516328,64,2,1,1.0,3,974,7.0,23
202200038635,2022-07-14,49.42494,2.035573,11,4,1,1.0,1,60,4.0,10
202200038650,2022-02-25,43.698864,1.814235,77,4,1,1.0,2,81,3.5,18
202200038832,2022-06-15,47.506421,7.118272,14,4,1,1.0,1,90,4.0,17
202200038841,2022-08-23,48.15635,-0.394053,97,2,1,1.0,1,53,4.0,8
202200039099,2022-02-26,45.710315,5.555642,13,3,1,1.0,1,01,4.0,14
202200039325,2022-11-01,47.5100358,-2.844504118,33,3,1,1.0,1,56,5.0,12
202200039362,2022-04-07,49.281202,1.780965,17,4,1,1.0,1,27,3.0,14
202200040459,2022-08-01,47.487448,-3.126915,22,4,1,1.0,1,56,4.0,13
202200040766,2022-06-15,44.550708,6.4863,14,4,1,1.0,1,05,4.0,14
202200040775,2022-06-14,43.883472,-0.42807,18,3,1,1.0,1,40,4.0,18
202200040824,2022-06-10,44.016749,4.869199,13,4,2,1.0,1,84,3.5,17
202200040831,2022-06-14,45.078279,5.773085,50,3,1,1.0,1,38,3.5,10
202200040887,2022-02-24,47.754819,6.097584,15,3,1,1.0,2,70,4.0,17
202200040945,2022-08-22,43.87826,4.503536,72,4,1,7.0,1,30,3.0,10
202200041083,2022-06-14,46.947111,4.908708,90,2,1,1.0,1,71,4.0,8
202200041154,2022-10-29,46.841925,-1.874648,13,3,2,1.0,1,85,5.5,14
202200041362,2022-10-30,43.566186,3.732122,80,3,1,1.0,1,34,3.0,16
202200041386,2022-04-04,49.028882,2.354706,55,4,2,1.0,1,95,5.0,13
202200041405,2022-04-04,44.155634,1.526212,68,4,1,1.0,1,82,3.0,16
202200041447,2022-04-02,47.430061,-0.613925,43,3,1,6.0,1,49,10.5,19
202200041541,2022-05-14,46.881623,4.228084,53,3,1,1.0,1,71,4.0,18
202200041690,2022-01-15,-21.034464,55.707507,15,3,1,2.0,5,974,5.0,20
202200041885,2022-01-01,47.170644,-1.574941,32,3,1,1.0,1,44,5.0,15
202200042092,2022-12-05,46.194493,4.295139,62,3,1,7.0,1,71,4.0,15
202200042126,2022-09-24,45.560233,4.812934,71,3,1,1.0,1,69,5.0,10
202200042162,2022-09-26,49.32687,2.466398,14,4,1,1.0,1,60,4.0,8
202200042408,2022-08-15,47.220909,-2.165862,66,4,1,1.0,1,44,5.0,15
202200042455,2022-07-08,50.175414,2.620574,12,1,1,1.0,1,62,4.0,19
202200042470,2022-07-01,47.810921,-2.383851,58,3,1,7.0,2,56,5.5,20
202200042570,2022-06-14,48.856218,1.445335,15,3,1,1.0,1,28,4.0,13
202200042678,2022-07-12,49.168692,1.182039,15,4,1,1.0,1,27,5.0,17
202200042927,2022-06-12,45.035901,0.3664,37,3,1,1.0,1,24,5.0,20
202200043032,2022-06-12,47.408601,0.757751,59,1,1,1.0,1,37,5.5,10
202200043032,2022-06-12,47.408601,0.757751,35,1,1,1.0,1,37,5.5,10
202200043032,2022-06-12,47.408601,0.757751,31,4,1,1.0,1,37,5.5,10
202200043234,2022-10-30,48.25293,-3.827507,11,3,2,1.0,1,29,5.0,14
202200043305,2022-04-02,46.740787,0.523573,84,2,1,1.0,1,86,4.0,14
202200043339,2022-03-19,43.069099,0.151843,48,4,1,1.0,1,65,4.0,16
202200043449,2022-05-14,49.5753270703,2.1187139153,12,3,2,1.0,1,60,5.0,19
202200043462,2022-05-14,43.304948,-0.443568,63,3,1,1.0,1,64,4.0,17
202200043604,2022-01-09,50.312174,3.576283,55,3,1,7.0,1,59,4.0,9
202200044379,2022-07-11,48.7489117675,7.2508693586,17,3,1,1.0,1,57,4.0,15
202200044441,2022-07-12,43.722993,7.397714,40,4,1,1.0,1,06,4.0,8
202200044782,2022-10-28,45.5022,4.318823,59,3,1,1.0,1,42,4.0,15
202200044893,2022-08-18,45.978174,5.601862,66,4,1,2.0,1,01,4.0,15
202200044909,2022-02-21,50.533381,2.806964,81,3,1,1.0,1,59,4.0,16
202200044921,2022-08-18,49.410219,2.302387,17,3,1,1.0,1,60,5.0,17
202200045206,2022-02-19,47.3234821697,0.4077135399,65,3,1,1.0,1,37,5.0,10
202200045207,2022-04-01,44.504356,0.182794,65,3,1,1.0,1,47,4.0,18
202200046016,2022-12-03,48.622524,2.159479,14,4,1,1.0,5,91,5.0,17
202200046211,2022-02-21,48.135399,7.305619,51,3,1,2.0,1,68,4.0,15
202200046319,2022-04-06,49.01289,1.090452,15,4,1,1.0,1,27,5.0,14
202200046634,2022-08-17,42.990358,-0.09715,41,4,1,1.0,1,65,4.0,11
202200046776,2022-06-11,48.101517,-4.005573,84,3,1,1.0,1,29,7.0,11
202200046784,2022-02-19,43.68511,1.402557,77,3,1,1.0,1,31,5.0,14
202200046933,2022-03-31,43.7981,4.4294,55,3,2,1.0,1,30,5.0,15
202200046946,2022-06-11,50.2737946645,3.1032299995,12,4,1,1.0,1,59,3.0,19
202200046975,2022-04-01,48.285176,3.376373,42,2,1,4.0,2,89,7.3,7
202200047195,2022-10-26,44.378176,2.042175,76,2,2,1.0,1,12,4.0,16
202200047198,2022-10-27,45.966279,5.347939,32,4,2,1.0,1,01,4.0,17
202200047239,2022-05-10,50.9655265058,2.4321681261,71,3,2,1.0,1,59,4.0,11
202200047273,2022-05-11,42.804233,2.234869,14,1,2,1.0,1,11,4.0,16
202200047273,2022-05-11,42.804233,2.234869,14,1,2,1.0,1,11,4.0,16
202200047442,2022-01-10,42.306125,9.155523,3,4,2,9.0,2,2B,3.0,7
202200047442,2022-01-10,42.306125,9.155523,29,4,2,9.0,2,2B,3.0,7
202200047533,2022-01-09,48.048956,2.743006,15,3,1,4.0,1,45,4.0,15
202200047745,2022-09-19,44.3852633402,2.6376199723,45,3,1,1.0,1,12,4.0,12
202200047855,2022-11-30,48.6622712997,-4.11547181,80,3,1,1.0,1,29,7.0,13
202200048255,2022-08-13,46.351438,4.01413,68,3,1,1.0,2,71,4.0,7
202200048260,2022-08-14,47.857576,5.335042,60,4,1,1.0,1,52,3.0,18
202200048273,2022-08-15,46.179901,-1.394309,17,3,1,1.0,3,17,4.0,1
202200048288,2022-08-16,49.102242,-0.952104,61,2,2,1.0,1,50,5.5,10
202200048288,2022-08-16,49.102242,-0.952104,58,3,1,1.0,1,50,5.5,10
202200048307,2022-10-26,42.787857,2.786804,68,2,1,1.0,1,66,3.0,17
202200048323,2022-08-16,49.503447,2.06014,53,4,1,1.0,1,60,4.0,10
202200048726,2022-03-30,47.349313,-0.866659,7,3,2,8.0,1,49,4.0,16
202200048852,2022-06-10,46.423748,-0.408318,53,3,2,1.0,1,79,5.5,8
202200048864,2022-06-09,47.526214,3.780584,68,4,1,7.0,1,89,7.0,14
202200048990,2022-10-26,50.036683,3.301188,69,3,1,1.0,1,59,5.0,11
202200049049,2022-10-25,49.062264,7.211299,9,3,1,1.0,1,57,3.0,17
202200049204,2022-05-10,47.818788,-3.853803,62,4,2,1.0,1,29,4.0,17
202200049271,2022-03-27,45.456586,5.50525,55,4,1,1.0,1,38,4.0,10
202200049654,2022-02-17,14.571544,-60.864338,51,4,1,1.0,5,972,5.0,18
202200050127,2022-09-21,43.941614,2.066149,69,3,1,1.0,2,81,4.0,19
202200050251,2022-08-14,47.55395,2.852209,11,3,1,8.0,1,45,4.0,12
202200050365,2022-10-24,48.740045265,6.2700015315,42,3,1,1.0,1,54,3.0,14
202200050715,2022-09-30,42.6291206857,3.0066677928,63,3,1,7.0,1,66,3.0,10
202200050850,2022-07-11,43.766678,7.193722,33,3,2,1.0,1,06,6.0,9
202200051093,2022-08-13,49.643352752,0.8429217337,35,2,1,1.0,1,76,6.0,12
202200051371,2022-05-06,47.756933,7.018327,49,3,1,1.0,1,68,4.0,14
202200051380,2022-05-08,45.142298,5.289574,7,4,1,1.0,1,38,4.0,18
202200051706,2022-08-13,44.287532,0.130463,73,4,1,1.0,1,47,6.0,10
202200051824,2022-08-08,45.757991,4.775695,29,4,1,7.0,2,69,3.0,19
202200051842,2022-07-07,44.709056,2.858398,46,2,1,1.0,1,12,4.0,9
202200051867,2022-07-07,44.680947,1.557857,78,4,1,1.0,1,46,4.0,9
202200051922,2022-08-13,45.918109,6.861906,17,3,1,1.0,1,74,4.0,11
202200052092,2022-05-18,47.4479166085,0.656889081,62,3,1,7.0,1,37,4.0,8
202200052280,2022-09-19,44.6414461747,-1.11313954,2,1,1,1.0,1,33,4.0,18
202200052280,2022-09-19,44.6414461747,-1.11313954,61,4,2,1.0,1,33,4.0,18
202200052309,2022-06-08,43.42575,3.600179,15,4,1,1.0,1,34,4.0,15
202200052356,2022-09-17,45.605436,5.885378,70,4,1,1.0,1,73,4.0,10
202200052356,2022-09-17,45.605436,5.885378,61,3,1,1.0,1,73,4.0,10
202200052491,2022-06-01,45.643137,4.875049,32,3,1,1.0,1,69,3.0,10
202200052893,2022-03-28,48.18781,2.245245,75,3,2,1.0,1,45,4.0,17
202200053220,2022-08-11,47.350231,-2.181461,45,3,1,7.0,1,44,4.0,16
202200053220,2022-08-11,47.350231,-2.181461,12,4,1,7.0,1,44,4.0,16
202200053524,2022-07-01,43.619044,3.805116,36,4,2,1.0,1,34,5.0,8
202200053625,2022-10-22,50.5050864955,3.1097155809,29,4,1,1.0,1,59,4.0,11
202200053973,2022-07-11,46.835877,-0.424427,17,4,1,7.0,1,79,8.0,9
202200054020,2022-07-08,43.7053012135,-1.1102172915,11,4,1,1.0,1,40,3.0,17
202200054041,2022-01-04,45.127638,1.302974,69,3,1,1.0,1,24,4.0,11
202200054049,2022-09-19,43.179131,0.019591,47,4,1,1.0,1,65,4.0,18
202200054123,2022-09-19,45.171411,5.415359,72,3,1,1.0,1,38,4.0,17
202200054208,2022-07-09,50.5149654328,1.6348862062,38,3,1,1.0,1,62,3.0,10
202200054234,2022-07-08,50.437739,3.270847,54,3,1,1.0,1,59,4.0,15
202200054337,2022-06-28,48.081104,7.322205,57,3,1,8.0,1,68,4.0,18
202200054438,2022-02-12,46.063286,-1.092249,55,3,2,1.0,1,17,4.0,17
202200054645,2022-06-05,50.938863,2.197861,17,1,1,1.0,1,59,4.0,16
202200054717,2022-08-11,45.604196,4.069547,67,3,1,1.0,1,42,3.0,9
202200054717,2022-08-11,45.604196,4.069547,45,1,1,1.0,1,42,3.0,9
202200054730,2022-08-10,46.712881,-2.344481,46,4,1,1.0,3,85,5.0,23
202200054730,2022-08-10,46.712881,-2.344481,48,4,1,1.0,3,85,5.0,23
202200054885,2022-06-03,48.529018,0.752547,28,3,1,1.0,2,61,4.0,21
202300000025,2023-05-06,48.79991,7.983214,68,4,1,1.0,1,67,5.5,10
202300000033,2023-05-07,48.509735,-4.075059,14,4,1,1.0,1,29,7.0,12
202300000033,2023-05-07,48.509735,-4.075059,20,3,1,1.0,1,29,7.0,12
202300000047,2023-05-08,43.500985,3.786504,45,4,1,1.0,2,34,3.5,7
202300000049,2023-05-08,43.601853,3.922441,19,2,1,1.0,3,34,13.5,2
202300000049,2023-05-08,43.601853,3.922441,19,3,1,1.0,3,34,13.5,2
202300000118,2023-11-30,48.62203,-0.638515,63,3,1,3.0,1,61,7.0,14
202300000221,2023-08-31,49.268801,-0.157992,62,4,1,1.0,1,14,7.0,12
202300000489,2023-06-09,49.472,5.83868,38,3,1,1.0,1,54,7.0,11
202300000671,2023-08-24,47.533881,1.416187,81,3,1,1.0,1,41,7.0,9
202300000754,2023-05-05,48.629941,-3.830865,63,4,1,2.0,1,29,6.0,9
202300000754,2023-05-05,48.629941,-3.830865,76,3,1,2.0,1,29,6.0,9
202300000754,2023-05-05,48.629941,-3.830865,66,4,1,2.0,1,29,6.0,9
202300000754,2023-05-05,48.629941,-3.830865,69,4,1,2.0,1,29,6.0,9
202300000821,2023-05-07,45.642837,0.019146,58,3,2,1.0,1,16,3.0,15
202300000839,2023-11-29,47.521486,-0.572104,46,4,1,1.0,1,49,7.0,9
202300000913,2023-03-28,49.112759,5.386466,64,4,1,1.0,1,55,4.0,13
202300000919,2023-11-29,47.779046,1.629233,13,4,1,1.0,5,45,7.0,17
202300000921,2023-03-28,46.842827,0.752093,28,3,1,1.0,1,86,5.5,8
202300000933,2023-11-29,43.869095,4.812312,23,3,1,2.0,3,13,7.0,22
202300000953,2023-11-30,49.524359,0.735784,72,3,1,1.0,1,76,7.0,12
202300001008,2023-03-27,45.058515,4.866955,68,2,2,1.0,1,26,7.0,10
202300001387,2023-06-08,48.445305,3.163408,33,4,2,1.0,1,77,5.0,19
202300001408,2023-06-09,44.692874,2.699048,70,3,1,2.0,1,12,4.0,12
202300001423,2023-06-10,45.43817,5.005526,62,3,1,1.0,1,38,7.0,10
202300001485,2023-05-26,47.870231,2.125809,64,3,1,1.0,1,45,5.5,15
202300001618,2023-10-12,43.487566,0.604415,64,4,1,7.0,1,32,6.0,12
202300001704,2023-10-27,45.019896,4.895447,23,3,1,1.0,2,26,7.0,7
202300001738,2023-09-26,45.67251,4.294172,78,3,1,1.0,1,42,5.5,15
202300001755,2023-07-20,45.933421,6.128646,34,3,1,7.0,1,74,7.0,7
202300001996,2023-09-25,44.571706,3.284618,47,3,1,1.0,1,48,3.0,15
202300002001,2023-09-24,44.844958,0.156952,59,3,1,7.0,2,24,7.0,8
202300002027,2023-09-25,48.41207632,6.81017697,4,4,1,1.0,2,54,5.5,8
202300002083,2023-08-23,46.718145,5.785612,24,3,1,1.0,1,39,7.0,12
202300002083,2023-08-23,46.718145,5.785612,22,3,1,1.0,1,39,7.0,12
202300002121,2023-08-22,48.41206091,-3.8953865,46,3,1,1.0,2,29,8.0,7
202300002260,2023-04-29,46.62610475,1.45917556,36,4,1,1.0,1,36,4.0,15
202300002683,2023-12-14,49.391522,6.271498,64,4,1,8.0,1,57,7.0,15
202300002876,2023-03-25,49.787002,2.379428,42,3,1,6.0,1,80,5.0,15
202300002876,2023-03-25,49.787002,2.379428,44,1,1,6.0,1,80,5.0,15
202300002876,2023-03-25,49.787002,2.379428,52,1,1,6.0,1,80,5.0,15
202300002949,2023-06-07,46.185492,3.465364,16,4,1,1.0,1,03,3.0,16
202300002949,2023-06-07,46.185492,3.465364,48,3,1,1.0,1,03,3.0,16
202300003053,2023-06-08,42.567214,8.883111,17,4,1,1.0,1,2B,4.0,14
202300003055,2023-08-21,45.846129,5.065561,54,4,1,7.0,1,01,5.0,7
202300003129,2023-10-01,46.419196,6.060109,54,2,1,1.0,1,39,5.0,10
202300003379,2023-08-23,42.438882,9.453746,67,3,1,7.0,1,2B,6.0,9
202300003382,2023-08-23,42.508505,9.471561,72,4,1,7.0,1,2B,3.5,7
202300003690,2023-10-24,45.087718,3.508855,53,3,1,2.0,3,43,7.0,7
202300003753,2023-10-23,48.782204,-3.490439,72,3,1,8.0,1,22,5.0,15
202300003761,2023-10-24,47.88196543,-1.49422377,70,3,1,7.0,1,35,3.5,10
202300003905,2023-05-04,45.422823,5.557816,51,3,1,1.0,1,38,7.0,18
202300003908,2023-05-04,49.22357162,2.89189679,13,4,1,1.0,1,60,5.5,19
202300003921,2023-05-02,48.692816,-3.444707,67,4,1,1.0,1,22,4.0,15
202300003923,2023-05-03,48.5816241,-4.52138246,67,3,1,1.0,1,29,8.0,14
202300004452,2023-11-26,49.05719,4.034045,27,3,2,1.0,1,51,4.0,10
202300004522,2023-07-14,44.497206,6.55482,16,4,1,1.0,1,05,5.5,16
202300004537,2023-11-27,-12.78743,45.263849,35,3,1,1.0,1,976,7.0,11
202300004607,2023-07-14,49.03875766,2.31096447,25,4,1,7.0,1,95,5.0,12
202300004741,2023-09-21,46.094647,6.109053,62,3,1,1.0,1,74,4.0,15
202300004894,2023-06-07,43.968558,4.980476,90,3,1,1.0,1,84,6.0,10
202300004900,2023-03-25,44.112791,3.857676,25,3,2,1.0,1,30,6.0,11
202300004999,2023-06-07,43.404829,5.529934,42,4,1,1.0,1,13,5.5,13
202300005135,2023-07-11,47.221958,-0.566525,78,3,1,7.0,1,49,5.5,7
202300005142,2023-07-10,44.82645358,6.72801914,29,4,1,1.0,1,05,5.5,9
202300005161,2023-08-20,45.847402,5.435588,13,3,1,1.0,1,01,4.0,11
202300005214,2023-07-11,44.124583,5.261577,55,3,1,1.0,1,84,5.5,14
202300005255,2023-07-13,43.64443,5.199827,63,3,1,1.0,1,13,7.0,9
202300005511,2023-09-22,43.988905,4.782727,59,4,1,1.0,1,30,7.0,13
202300005545,2023-09-22,46.03882,-0.572571,46,4,1,1.0,1,17,7.0,18
202300005695,2023-10-24,48.412945,3.261899,14,4,1,1.0,3,77,5.0,21
202300005712,2023-10-22,45.078006,4.21434,62,3,1,7.0,1,43,5.5,9
202300005751,2023-07-31,43.790418,4.847159,55,4,1,1.0,1,13,7.0,10
202300005848,2023-05-04,49.769212,1.052842,13,3,1,1.0,1,76,5.0,15
202300005859,2023-05-03,43.627743,3.090109,58,3,1,1.0,1,34,5.0,17
202300005942,2023-02-10,46.967531,4.314591,51,3,2,7.0,1,71,3.0,16
202300006136,2023-05-02,-21.052523,55.720274,40,3,1,1.0,1,974,7.0,16
202300006139,2023-05-03,50.635435,2.890939,31,3,1,1.0,1,59,4.0,19
202300006190,2023-05-02,43.225709,-0.250454,18,3,1,1.0,1,64,7.0,18
202300006464,2023-12-27,44.797229,5.63574,56,3,2,7.0,1,38,7.0,13
202300006528,2023-07-10,43.12334,1.61082,55,3,1,1.0,5,09,6.0,22
202300006609,2023-10-24,45.537571,5.950183,9,3,1,1.0,1,73,4.0,18
202300006654,2023-11-25,47.20431159,0.08477859,54,3,1,7.0,2,37,7.0,16
202300006809,2023-07-10,42.982714,-0.037036,23,3,1,1.0,2,65,6.0,20
202300006891,2023-10-08,44.27824,4.998562,46,4,1,1.0,3,84,5.5,17
202300007223,2023-06-06,45.732816,4.010171,66,3,1,1.0,1,42,7.0,16
202300007232,2023-08-21,46.63128,3.718869,8,3,2,1.0,1,71,5.5,11
202300007317,2023-08-18,42.8084,0.401223,17,4,1,1.0,1,65,5.0,15
202300007319,2023-08-17,42.925593,0.34785,38,3,1,1.0,1,65,5.5,9
202300007338,2023-08-20,45.49128896,3.06965785,79,3,1,1.0,1,63,4.0,10
202300007411,2023-08-22,48.675012,2.168072,88,3,1,1.0,1,91,7.0,19
202300007566,2023-10-20,47.89751099,-4.3090853,50,4,1,2.0,2,29,5.0,10
202300007574,2023-10-22,49.115755,-0.259776,75,3,1,1.0,1,14,5.5,14
202300007593,2023-10-22,45.566513,2.948649,67,3,1,1.0,1,63,7.0,11
202300007873,2023-02-09,45.885071,6.095133,29,4,2,1.0,1,74,4.0,13
202300008001,2023-05-02,43.77831,1.985779,75,2,1,1.0,1,81,4.0,14
202300008038,2023-06-07,49.035283,-1.278464,34,3,2,1.0,1,50,5.5,18
202300008038,2023-06-07,49.035283,-1.278464,33,1,1,1.0,1,50,5.5,18
202300008092,2023-06-06,48.693874,2.237616,53,2,2,7.0,1,91,5.0,17
202300008144,2023-06-07,49.150093,1.381059,19,1,1,1.0,1,27,7.0,5
202300008356,2023-11-22,47.742606,-2.572437,82,3,1,1.0,2,56,5.5,16
202300008431,2023-12-25,44.10392,5.227432,61,3,1,1.0,3,84,4.0,18
202300008472,2023-10-02,47.68872,-1.874907,53,3,1,1.0,1,44,5.0,15
202300008559,2023-06-05,42.829858,2.211825,70,3,1,1.0,1,11,10.5,10
202300008563,2023-08-17,43.29469,1.215971,62,3,1,1.0,1,31,6.0,10
202300008589,2023-08-19,45.444969,5.534068,69,3,1,1.0,1,38,4.0,10
202300008589,2023-08-19,45.444969,5.534068,21,1,1,1.0,1,38,4.0,10
202300008616,2023-08-19,47.447561,6.032985,75,2,1,1.0,1,70,5.5,11
202300008715,2023-07-08,44.419053,4.898003,60,3,2,1.0,1,26,3.0,9
202300008786,2023-07-10,45.434915,6.0014,8,4,1,1.0,1,38,3.5,17
202300008797,2023-08-19,43.225755,-0.878611,52,3,1,1.0,1,64,5.5,10
202300008810,2023-08-17,43.32915,-0.173668,73,2,2,1.0,1,64,5.0,9
202300008810,2023-08-17,43.32915,-0.173668,75,3,1,1.0,1,64,5.0,9
202300008816,2023-08-17,45.7851,5.94075,41,3,1,1.0,1,73,5.5,7
202300008851,2023-08-15,47.06424382,2.03303935,56,4,1,1.0,1,36,5.5,18
202300008895,2023-12-12,48.54258,7.427399,56,4,2,1.0,1,67,7.0,12
202300008932,2023-07-10,45.740005,-1.168499,60,3,1,1.0,1,17,5.5,14
202300008941,2023-08-20,46.178404,-0.938194,62,1,1,1.0,1,17,5.0,11
202300008941,2023-08-20,46.178404,-0.938194,58,3,2,1.0,1,17,5.0,11
202300009039,2023-08-19,43.643055,7.050176,50,3,1,1.0,1,06,6.0,11
202300009069,2023-03-21,46.7847,0.182413,71,3,1,1.0,1,86,4.0,13
202300009074,2023-03-14,47.561639,7.545767,48,4,1,1.0,1,68,4.0,17
202300009098,2023-03-22,45.868115,0.730036,57,3,1,1.0,1,16,3.0,15
202300009103,2023-08-20,44.62768,-1.022704,12,3,1,1.0,1,33,5.5,12
202300009104,2023-03-22,47.827377,7.250676,79,3,1,1.0,1,68,4.0,11
202300009121,2023-03-20,44.831526,-0.399671,69,3,1,1.0,1,33,7.0,15
202300009156,2023-08-19,44.583239,6.682885,29,3,2,1.0,1,05,5.5,11
202300009208,2023-08-19,46.125694,3.705128,68,1,1,1.0,1,03,5.5,18
202300009233,2023-08-16,42.91018,0.286873,50,4,1,1.0,1,65,4.0,8
202300009235,2023-08-13,42.910533,0.175738,57,3,1,1.0,1,65,7.0,12
202300009235,2023-08-13,42.910533,0.175738,29,1,1,1.0,1,65,7.0,12
202300009246,2023-08-17,45.792529,-1.178445,58,4,1,7.0,1,17,5.5,18
202300009341,2023-09-19,48.612711,5.669299,18,3,1,1.0,1,55,5.5,18
202300009369,2023-09-21,43.184538,-0.622128,49,4,1,3.0,1,64,5.0,17
202300009454,2023-10-16,49.121088,-0.566122,58,3,1,1.0,1,14,7.0,16
202300009913,2023-04-29,44.54846,1.800385,44,3,1,3.0,3,46,4.0,23
202300009939,2023-04-19,45.879108,4.475089,18,4,2,1.0,5,69,10.5,21
202300010243,2023-11-23,49.885395,4.740493,22,3,1,8.0,5,08,5.5,7
202300010364,2023-08-11,50.36071648,2.66888022,48,3,1,1.0,1,62,7.0,9
202300010459,2023-06-03,43.75217,6.990465,49,3,1,1.0,1,06,5.0,13
202300010562,2023-07-09,47.114595,-1.396058,35,2,1,1.0,1,44,4.0,17
202300010606,2023-07-10,46.98365,-0.933639,45,3,2,8.0,1,85,7.0,8
202300010627,2023-07-09,48.002385,0.40393,35,3,1,1.0,2,72,7.0,5
202300010806,2023-07-08,43.369392,5.657305,59,3,1,1.0,1,13,6.5,7
202300010859,2023-03-15,43.785554,7.271624,27,4,1,1.0,1,06,5.5,16
202300011160,2023-08-15,46.827346,0.471491,47,4,1,1.0,1,86,5.5,20
202300011195,2023-08-15,47.525359,-2.844923,52,2,1,1.0,3,56,7.0,22
202300011212,2023-03-19,48.486718,-3.995665,76,3,1,1.0,1,29,5.0,10
202300011256,2023-03-19,44.800212,-0.210344,20,2,1,1.0,3,33,5.0,21
202300011328,2023-04-26,43.525729,0.458143,17,3,1,1.0,1,32,5.5,15
202300011602,2023-02-06,45.695985,4.807227,36,3,1,1.0,1,69,3.0,9
202300011948,2023-08-16,46.824621,4.60019,10,4,1,1.0,1,71,4.0,17
202300012013,2023-11-22,48.51581803,-4.05374394,63,4,1,1.0,1,29,8.0,9
202300012044,2023-08-16,48.014401,7.537994,63,4,1,1.0,1,68,5.5,6
202300012045,2023-11-22,48.880652,1.057901,16,2,1,1.0,3,27,7.0,17
202300012160,2023-07-08,50.869763,1.873915,75,3,1,1.0,1,62,4.0,17
202300012196,2023-06-02,49.44725,5.91864,74,4,1,1.0,1,54,4.0,17
202300012233,2023-07-05,45.53306,0.662667,24,3,1,1.0,2,24,5.0,5
202300012283,2023-12-29,48.545489,-2.229635,69,4,1,1.0,1,22,6.0,11
202300012495,2023-08-14,48.670545,-0.794481,26,4,1,1.0,1,50,5.5,11
202300012550,2023-08-15,45.034988,5.974631,51,3,1,1.0,1,38,5.5,13
202300012613,2023-07-07,45.77917,3.14836,53,3,2,1.0,1,63,5.5,14
202300012811,2023-12-27,44.869565,2.376325,63,3,1,7.0,1,15,5.0,15
202300012898,2023-12-24,48.5542,-3.17639,50,3,1,8.0,1,22,5.5,13
202300012978,2023-03-18,49.644402,0.373911,3,3,1,1.0,1,76,4.0,16
202300013004,2023-09-18,47.96303845,-1.51493847,20,4,2,1.0,3,35,5.0,6
202300013344,2023-02-05,45.054651,4.707886,50,3,1,1.0,1,07,3.0,15
202300013443,2023-02-04,48.175416,7.32316,34,2,1,1.0,3,68,5.5,22
202300013672,2023-04-29,44.81034293,1.74710408,49,4,1,2.0,1,46,4.0,13
202300013674,2023-04-29,48.694374,-4.0346,37,3,1,1.0,1,29,6.0,13
202300013689,2023-04-24,49.18206924,-0.72347546,16,4,1,1.0,1,14,5.5,16
202300013700,2023-04-28,43.979406,3.927999,70,4,1,1.0,1,30,7.0,15
202300013774,2023-04-26,45.13358,2.832853,44,4,1,8.0,1,15,7.0,9
202300013775,2023-04-28,47.309434,3.503437,68,4,1,1.0,1,58,5.0,11
202300013922,2023-08-14,42.82789043,0.28753281,23,4,1,1.0,1,65,5.5,8
202300013945,2023-08-14,42.455549,2.634693,56,4,1,1.0,1,66,3.0,10
202300013988,2023-08-13,42.936222,0.208719,13,4,1,1.0,1,65,5.5,10
202300014008,2023-07-08,43.25533426,6.07224255,39,3,2,1.0,1,83,4.0,8
202300014114,2023-08-12,42.894045,0.324397,40,3,1,1.0,1,65,4.0,15
202300014147,2023-08-12,43.112658,0.934069,51,3,1,1.0,1,31,3.5,16
202300014181,2023-08-11,45.656738,1.314733,71,3,1,1.0,1,87,4.0,9
202300014185,2023-08-13,44.03479,3.823199,25,3,1,1.0,1,30,4.0,11
202300014255,2023-08-11,42.873149,-0.003508,61,4,1,1.0,1,65,5.5,14
202300014255,2023-08-11,42.873149,-0.003508,52,1,1,1.0,1,65,5.5,14
202300014731,2023-09-14,46.554112,-1.765299,71,2,1,7.0,1,85,5.5,17
202300014804,2023-11-21,46.800985,4.752177,22,4,1,2.0,3,71,7.0,19
202300015111,2023-12-23,49.166395,-0.883327,67,3,1,7.0,1,14,4.0,16
202300015145,2023-09-17,46.055487,3.356162,72,2,1,1.0,1,03,4.0,10
202300015147,2023-09-16,46.30751,2.446346,69,3,1,2.0,1,03,7.0,11
202300015153,2023-09-14,46.819999,1.924337,44,3,1,1.0,2,36,5.5,17
202300015166,2023-09-16,49.81168667,4.46076157,18,3,1,1.0,1,08,3.0,15
202300015166,2023-09-16,49.81168667,4.46076157,32,4,1,1.0,1,08,3.0,15
202300015605,2023-10-17,44.866728,1.813002,76,3,1,1.0,1,46,4.0,15
202300015682,2023-04-25,43.216651,0.880634,15,4,1,1.0,1,31,4.0,17
202300015933,2023-08-11,45.341389,5.349317,59,3,1,1.0,1,38,5.5,11
202300015937,2023-07-07,47.708671,7.512047,70,4,1,1.0,2,68,7.0,6
202300015952,2023-07-07,48.392567,7.249673,17,3,2,1.0,1,67,4.0,13
202300015973,2023-06-29,47.87476,3.475349,15,3,1,1.0,1,89,5.5,14
202300016345,2023-06-01,46.348505,6.137018,45,3,1,1.0,1,01,3.0,8
202300016361,2023-06-02,46.240307,6.033758,38,3,2,1.0,1,01,3.5,8
202300016379,2023-11-19,43.260206,5.756814,62,2,1,1.0,1,83,5.5,10
202300016379,2023-11-19,43.260206,5.756814,64,1,1,1.0,1,83,5.5,10
202300016427,2023-06-02,48.361595,0.87338,67,2,1,7.0,1,61,10.5,16
202300016437,2023-06-01,43.793712,3.489318,71,4,1,1.0,1,34,4.0,9
202300016451,2023-05-25,46.86234,5.899685,81,3,1,1.0,1,39,5.5,16
202300016490,2023-06-02,44.728222,4.924938,65,2,1,1.0,1,26,5.5,14
202300016520,2023-03-08,43.95691,5.030588,69,4,1,1.0,1,84,4.0,10
202300016549,2023-06-01,43.801774,7.101618,49,3,1,1.0,1,06,5.0,14
202300016826,2023-09-14,48.63717,6.18355,39,4,2,1.0,1,54,7.0,13
202300017016,2023-09-15,48.062617,7.019545,70,3,1,1.0,1,88,5.5,13
202300017050,2023-12-23,47.392194,-0.863677,19,3,1,2.0,1,49,4.0,16
202300017340,2023-01-31,45.279748,4.927497,19,4,1,1.0,3,26,5.5,21
202300017803,2023-08-09,50.29277,3.785876,25,3,1,1.0,1,59,5.0,16
202300017830,2023-07-05,48.63271,-0.552443,64,3,1,1.0,1,61,4.0,10
202300018015,2023-11-18,46.10835,-1.051426,62,3,1,1.0,1,17,5.8,13
202300018040,2023-11-19,45.892695,1.05436,39,4,1,2.0,1,87,7.0,10
202300018053,2023-08-08,46.123758,4.950266,63,4,1,1.0,1,01,7.0,16
202300018055,2023-08-09,44.756867,4.95139,30,3,2,7.0,1,26,5.5,18
202300018119,2023-11-17,47.962385,-0.075121,66,3,1,1.0,1,72,5.0,14
202300018123,2023-11-18,43.729088,7.367352,50,3,1,1.0,1,06,5.5,11
202300018124,2023-08-09,43.283758,2.736293,77,4,1,1.0,1,34,7.0,20
202300018143,2023-11-19,47.383049,5.025124,59,3,1,1.0,1,21,7.0,11
202300018214,2023-11-19,43.297409,5.983461,19,3,1,1.0,1,83,5.5,12
202300018228,2023-11-18,45.602553,4.069874,65,4,1,1.0,2,42,9.0,16
202300018607,2023-03-14,48.770117,3.340468,54,4,1,3.0,3,77,7.0,4
202300018993,2023-09-15,44.978992,3.857274,20,3,2,1.0,2,43,7.0,6
202300019034,2023-09-14,44.527678,6.716804,51,3,1,1.0,1,04,5.5,11
202300019359,2023-10-16,45.940424,1.367497,59,3,1,1.0,1,87,5.5,13
202300019383,2023-10-14,48.536897,-1.358009,78,4,2,1.0,1,50,5.5,15
202300019392,2023-10-13,47.965979,6.8505,63,3,1,1.0,1,88,4.0,14
202300019402,2023-10-15,43.283294,6.590461,72,3,1,1.0,1,83,5.5,10
202300019406,2023-10-13,48.795983,7.718945,39,4,1,1.0,1,67,4.0,17
202300019533,2023-04-24,48.997659,3.007207,55,4,1,1.0,1,77,4.0,13
202300019640,2023-07-05,44.554953,5.089095,49,3,1,1.0,1,26,5.5,9
202300019913,2023-07-04,48.080237,7.401298,74,4,1,1.0,1,68,5.5,18
202300019983,2023-08-09,44.89589,2.551317,76,4,1,1.0,1,15,7.0,14
202300020001,2023-11-17,48.8011,2.36521,43,4,2,2.0,1,94,15.0,10
202300020003,2023-07-28,43.497893,-1.381318,80,3,2,1.0,1,40,4.0,11
202300020053,2023-08-08,43.696218,-1.158025,67,3,1,1.0,1,40,4.0,17
202300020105,2023-11-18,47.3378356,4.85839021,49,3,1,1.0,1,21,4.0,11
202300020224,2023-11-18,45.812081,3.240023,32,4,1,1.0,1,63,5.5,16
202300020271,2023-08-08,43.650268,6.815976,60,3,1,1.0,2,06,6.0,7
202300020424,2023-05-30,44.181207,4.887163,74,3,1,1.0,1,84,4.0,7
202300020717,2023-07-22,44.170539,5.126688,61,3,1,1.0,1,84,5.5,16
202300020747,2023-09-14,43.290264,0.094038,81,3,1,7.0,1,65,4.0,11
202300020766,2023-09-14,48.510594,-0.612093,61,3,1,1.0,1,61,4.0,15
202300020798,2023-01-31,43.17393,6.527805,45,1,1,1.0,1,83,4.0,11
202300020834,2023-01-31,47.391072,0.844166,80,2,1,1.0,1,37,3.0,12
202300020876,2023-09-13,44.349778,5.116652,85,3,1,1.0,1,26,3.5,17
202300021013,2023-01-29,48.501283,-4.507195,81,3,1,1.0,1,29,6.0,10
202300021038,2023-01-29,44.981151,0.476312,48,4,1,8.0,1,24,4.0,12
202300021086,2023-01-28,46.108667,4.749656,72,3,1,1.0,1,69,3.0,10
202300021144,2023-12-20,47.324411,2.855201,14,3,1,1.0,3,18,5.0,18
202300021148,2023-12-21,49.084263,3.657428,34,4,1,2.0,3,51,7.0,17
202300021179,2023-12-22,43.305645,3.137214,17,3,1,1.0,1,34,6.0,15
202300021180,2023-12-21,47.1944,5.42819,46,3,1,2.0,5,21,4.0,19
202300021242,2023-10-14,49.965328,2.717571,48,4,1,7.0,1,80,7.0,9
202300021242,2023-10-14,49.965328,2.717571,33,1,1,7.0,1,80,7.0,9
202300021247,2023-10-14,50.041083,4.027637,75,3,1,7.0,1,59,5.0,13
202300021272,2023-10-15,44.79627,1.042825,75,2,1,1.0,1,24,5.0,14
202300021287,2023-10-15,45.85902,4.669581,64,4,1,1.0,1,69,3.0,9
202300021340,2023-07-04,45.931147,3.171723,16,3,1,1.0,1,63,5.5,11
202300021367,2023-07-04,45.604798,3.314041,72,3,1,1.0,1,63,4.0,16
202300021658,2023-07-03,46.655915,5.790881,36,3,1,1.0,1,39,5.5,12
202300021706,2023-07-02,43.858018,7.124226,80,4,1,1.0,1,06,5.0,9
202300021707,2023-04-22,46.438733,4.766183,56,4,1,1.0,1,71,5.5,8
202300021743,2023-07-27,46.16388973,4.56916345,57,3,1,1.0,1,69,8.0,11
202300021771,2023-08-07,43.322887,-0.299002,71,4,1,1.0,1,64,7.0,16
202300021790,2023-08-08,45.033979,6.091704,31,3,1,1.0,1,38,5.5,13
202300021947,2023-05-30,43.3555,-1.553986,72,2,1,1.0,1,64,5.0,9
202300022389,2023-03-12,46.393651,-1.293946,81,2,1,2.0,1,85,4.0,15
202300022457,2023-03-11,50.820634,1.595729,54,3,1,1.0,1,62,4.0,11
202300022468,2023-11-14,45.638685,5.057251,40,3,1,3.0,3,38,7.0,18
202300022496,2023-11-15,50.53435,3.084943,51,3,1,1.0,1,59,5.0,15
202300022538,2023-05-28,47.509219,-0.801997,70,3,1,1.0,1,49,7.0,12
202300022608,2023-05-29,45.046469,0.976195,69,2,1,7.0,1,24,4.0,15
202300022657,2023-05-26,48.533107,2.001448,12,4,1,1.0,1,91,5.0,14
202300023006,2023-12-20,46.798623,-1.978463,67,4,1,1.0,1,85,5.5,15
202300023027,2023-12-20,16.256275,-61.289742,49,2,1,1.0,5,971,5.0,19
202300023046,2023-09-13,42.489694,8.684607,75,2,2,1.0,1,2B,5.0,12
202300023051,2023-09-11,48.696267,-3.21809,26,3,1,1.0,3,22,5.5,6
202300023052,2023-12-19,45.886337,4.831372,66,3,1,1.0,1,69,3.0,16
202300023059,2023-09-13,44.01313831,5.24676098,80,2,1,1.0,1,84,4.0,14
202300023060,2023-09-09,44.142151,5.341372,53,3,2,1.0,1,84,5.5,12
202300023080,2023-09-12,47.907076,6.681163,60,3,1,1.0,1,88,4.0,16
202300023306,2023-07-02,47.923252,-2.71285,74,3,1,1.0,1,56,5.5,12
202300023352,2023-07-01,43.768443,7.331651,39,3,1,1.0,1,06,5.5,17
202300023543,2023-04-13,46.297911,3.816183,23,3,1,2.0,1,03,5.5,11
202300023570,2023-04-19,48.033051,7.56089,52,4,1,1.0,1,68,3.5,16
202300023792,2023-04-20,49.645256,-1.456391,64,4,1,1.0,1,50,5.5,9
202300023804,2023-03-11,45.893484,5.597631,12,3,1,2.0,1,01,4.0,11
202300023871,2023-01-24,49.360318,4.179,17,4,1,1.0,5,51,5.5,18
202300023922,2023-08-01,46.009452,3.197279,87,4,1,1.0,1,63,7.0,10
202300024275,2023-11-15,48.081378,7.392324,33,3,1,1.0,5,68,7.0,18
202300024280,2023-05-28,45.703158,3.357428,53,3,1,1.0,1,63,4.0,10
202300024335,2023-05-28,49.851132,3.202821,70,3,2,1.0,1,02,4.0,11
202300024355,2023-11-15,46.103337,-0.940543,57,4,1,1.0,1,17,3.0,10
202300024391,2023-03-10,44.364863,5.125996,69,3,1,1.0,1,26,5.5,15
202300024467,2023-05-27,48.237465,-2.900058,36,4,1,1.0,1,22,5.5,16
202300024467,2023-05-27,48.237465,-2.900058,40,4,1,1.0,1,22,5.5,16
202300024554,2023-08-02,46.352378,6.638939,48,3,2,1.0,1,74,5.5,9
202300024749,2023-11-13,45.90778,3.09437,26,4,1,1.0,2,63,5.5,7
202300024827,2023-09-11,49.3255,2.32547,72,3,2,1.0,2,60,5.5,19
202300024837,2023-09-11,50.522919,3.087091,63,3,1,1.0,1,59,7.0,13
202300024898,2023-06-17,45.9762,6.465095,33,3,1,1.0,1,74,5.5,11
202300024902,2023-06-12,45.791445,6.213316,83,3,1,1.0,1,74,4.0,10
202300024919,2023-12-19,46.410745,4.658504,85,3,1,8.0,1,71,7.0,11
202300024956,2023-12-20,47.84847512,-3.62487573,67,2,1,2.0,1,29,7.0,13
202300025083,2023-07-01,48.642834,7.601895,76,3,2,1.0,1,67,4.0,9
202300025118,2023-07-01,43.709548,5.290604,47,3,1,1.0,1,13,4.0,13
202300025122,2023-06-30,45.865031,3.015232,62,4,1,1.0,1,63,7.0,14
202300025332,2023-10-13,46.916994,4.515188,65,2,1,1.0,1,71,3.0,15
202300025335,2023-10-13,45.63843,4.235927,57,4,1,1.0,2,42,5.0,7
202300025352,2023-10-10,49.056552,-0.119905,79,4,1,1.0,1,14,7.0,16
202300025355,2023-10-12,43.273175,-1.029764,77,3,1,1.0,1,64,7.0,10
202300025364,2023-10-12,47.508864,-0.471146,53,4,2,1.0,1,49,5.0,15
202300025383,2023-10-11,43.423728,1.303521,19,2,2,1.0,3,31,7.0,7
202300025455,2023-04-19,48.44986027,-4.26536783,79,3,1,1.0,1,29,7.0,15
202300025503,2023-08-05,46.188439,5.397195,42,2,1,1.0,1,01,5.5,15
202300025510,2023-08-06,44.449655,4.944073,75,4,1,1.0,1,26,3.0,10
202300025558,2023-08-03,43.756508,-1.325242,47,4,2,1.0,1,40,3.0,12
202300025678,2023-04-19,43.968446,1.320822,18,4,1,1.0,1,82,6.0,16
202300025840,2023-08-04,46.84026,-0.4932,12,3,1,1.0,1,79,6.5,20
202300026224,2023-01-25,47.39396984,0.78866065,55,3,1,1.0,5,37,7.0,18
202300026242,2023-11-15,47.196536,5.845542,29,2,1,2.0,3,25,4.0,6
202300026255,2023-05-26,45.884357,5.779426,27,3,1,1.0,1,01,4.0,18
202300026255,2023-05-26,45.884357,5.779426,30,3,2,1.0,1,01,4.0,18
202300026262,2023-01-26,43.179633,-0.347051,68,3,1,8.0,1,64,4.0,14
202300026361,2023-11-15,43.614326,5.764051,57,2,1,7.0,1,83,7.0,12
202300026489,2023-05-24,46.97362,-0.21643,69,4,1,1.0,1,79,2.7,18
202300026581,2023-09-11,48.726342,6.283311,40,3,1,7.0,1,54,7.0,11
202300026727,2023-09-11,46.093825,5.482269,67,3,2,1.0,1,01,7.0,9
202300026743,2023-12-19,49.002717,3.352911,21,3,1,3.0,3,02,5.5,17
202300026778,2023-09-10,44.593465,3.906134,85,2,1,1.0,1,07,5.0,10
202300026795,2023-09-07,50.231874,3.950049,32,3,1,1.0,3,59,7.0,6
202300026907,2023-12-17,48.81089,2.36403,53,4,1,1.0,5,94,7.0,18
202300026932,2023-12-17,47.836392,-3.394711,46,3,1,1.0,1,56,7.0,10
202300026948,2023-11-10,46.73708,-1.398031,28,4,1,2.0,3,85,4.0,19
202300026972,2023-06-29,45.165738,4.874749,17,4,1,1.0,1,26,4.0,12
202300026981,2023-04-08,48.627094,-3.466146,54,4,1,1.0,1,22,7.0,11
202300027127,2023-06-29,48.501337,3.157518,29,4,2,1.0,1,77,5.0,10
202300027131,2023-06-24,46.57279,5.246552,29,4,1,1.0,1,71,5.5,16
202300027161,2023-06-27,49.026261,-1.037972,76,2,1,1.0,1,50,4.0,12
202300027230,2023-10-12,45.062376,3.242332,71,2,1,1.0,1,15,5.5,10
202300027249,2023-10-11,48.004297,7.27845,34,4,1,1.0,1,68,4.0,17
202300027259,2023-10-11,50.528133,3.099732,39,4,1,1.0,1,59,3.0,16
202300027552,2023-07-25,46.013229,0.667828,17,3,1,1.0,1,16,6.0,10
202300027559,2023-08-03,45.162742,6.086115,25,3,2,1.0,1,38,5.5,16
202300027706,2023-07-31,48.72094,6.17176,75,1,1,1.0,1,54,3.5,16
202300027872,2023-08-01,43.909148,2.047684,31,3,1,1.0,1,81,4.0,15
202300028001,2023-03-06,45.192653,-0.77091,62,2,1,1.0,1,33,4.0,14
202300028001,2023-03-06,45.192653,-0.77091,62,4,1,1.0,1,33,4.0,14
202300028178,2023-05-22,47.703802,1.791378,71,3,1,1.0,1,45,5.5,13
202300028249,2023-05-25,44.756101,-0.552042,53,4,1,1.0,1,33,7.0,19
202300028343,2023-04-09,49.2748545,-0.74862271,10,3,2,1.0,1,14,4.0,17
202300028432,2023-03-05,43.371081,-0.310932,73,3,1,1.0,1,64,4.0,14
202300028464,2023-09-09,42.991417,-0.276192,63,3,1,1.0,1,65,5.5,11
202300028597,2023-08-30,45.069168,4.829125,40,4,2,1.0,1,07,5.5,10
202300028602,2023-09-09,43.1028,0.133284,37,4,1,1.0,1,65,7.0,12
202300028623,2023-09-08,49.415032,2.162569,74,3,1,1.0,5,60,7.0,22
202300028790,2023-12-16,48.272268,-2.708538,60,3,1,7.0,1,22,7.0,12
202300028804,2023-12-17,49.490347,-1.392635,70,4,1,1.0,1,50,5.5,11
202300028810,2023-12-16,45.929976,0.94005,75,2,1,1.0,3,87,7.0,21
202300028829,2023-12-17,15.945814,-61.312809,58,3,1,1.0,3,971,5.0,3
202300028986,2023-06-27,48.80264,2.403547,3,4,2,1.0,1,94,15.0,19
202300029032,2023-06-28,46.959887,2.379089,68,2,1,1.0,1,18,5.0,7
202300029157,2023-10-10,44.168787,4.960589,87,2,1,1.0,1,84,7.0,8
202300029201,2023-10-10,47.093613,-0.92209,58,3,1,1.0,3,49,5.5,20
202300029592,2023-04-16,43.720544,6.974398,41,3,1,1.0,1,06,5.0,12
202300029608,2023-07-30,47.852551,-3.747832,51,3,2,1.0,1,29,4.0,15
202300029611,2023-01-13,47.663628,-2.987874,77,4,1,1.0,5,56,4.0,7
202300029612,2023-07-30,48.32407841,-3.75755437,60,3,1,2.0,1,29,6.0,10
202300029638,2023-08-01,43.577476,5.094464,80,3,1,1.0,1,13,7.0,11
202300029667,2023-04-16,43.351755,6.713296,50,3,1,1.0,1,83,5.5,12
202300029683,2023-04-17,46.314754,6.108168,58,4,1,1.0,1,01,5.5,12
202300029694,2023-07-31,42.949458,1.574824,41,4,1,1.0,2,09,4.0,19
202300029868,2023-11-12,45.896264,4.969278,53,3,1,2.0,1,01,4.0,15
202300029905,2023-05-25,49.509808,0.575624,17,3,1,1.0,1,76,7.8,15
202300030075,2023-04-16,43.474789,1.497381,62,2,1,1.0,1,31,4.0,10
202300030372,2023-11-11,47.20083554,-1.5444967,43,4,1,2.0,5,44,7.0,19
202300030452,2023-05-24,44.192021,5.141344,80,3,1,1.0,1,84,4.0,11
202300030593,2023-12-16,-21.27233,55.414352,15,4,1,1.0,1,974,5.0,13
202300030681,2023-09-07,42.95923377,-0.26868886,64,3,1,1.0,1,65,5.5,13
202300030684,2023-09-07,48.871179,5.50694,52,4,2,7.0,2,55,4.0,7
202300030704,2023-09-08,48.529548,3.709334,37,3,1,1.0,1,10,5.5,19
202300030923,2023-06-27,43.71806,5.178388,61,3,1,1.0,1,13,10.5,7
202300030931,2023-06-25,45.629592,6.822507,52,1,2,1.0,1,73,7.0,13
202300030931,2023-06-25,45.629592,6.822507,49,1,1,1.0,1,73,7.0,13
202300030938,2023-06-27,42.91744996,-0.03980783,76,4,1,8.0,1,65,5.5,17
202300031034,2023-10-10,44.968259,4.951057,53,4,1,1.0,2,26,7.0,7
202300031151,2023-10-08,49.280871,2.931558,36,4,1,1.0,3,60,5.5,22
202300031449,2023-07-28,46.501819,2.544601,79,2,1,1.0,1,03,5.5,9
202300031464,2023-07-30,45.747177,0.449774,70,3,1,1.0,1,16,4.0,9
202300031466,2023-07-29,47.318332,4.317701,53,4,1,1.0,1,21,4.0,11
202300031466,2023-07-29,47.318332,4.317701,73,3,1,1.0,1,21,4.0,11
202300031466,2023-07-29,47.318332,4.317701,32,4,2,1.0,1,21,4.0,11
202300031467,2023-07-21,43.757798,5.894026,60,3,1,1.0,1,04,5.5,8
202300031470,2023-07-31,48.56626,1.527234,67,4,1,2.0,1,28,5.5,11
202300031470,2023-07-31,48.56626,1.527234,62,3,2,2.0,1,28,5.5,11
202300031470,2023-07-31,48.56626,1.527234,65,3,2,2.0,1,28,5.5,11
202300031505,2023-07-26,48.798636,-3.540667,16,3,1,1.0,1,22,5.5,14
202300031740,2023-05-23,45.519662,6.317954,66,3,1,1.0,1,73,5.5,14
202300031778,2023-04-13,14.469744,-60.85708,51,4,1,1.0,1,972,3.0,6
202300031820,2023-05-24,48.809939,4.914755,83,4,1,1.0,1,55,4.0,16
202300031889,2023-04-14,42.580993,8.902665,28,3,1,1.0,1,2B,5.0,13
202300031891,2023-11-11,48.019525,7.576511,67,3,2,2.0,1,68,7.0,11
202300031891,2023-11-11,48.019525,7.576511,64,4,1,2.0,1,68,7.0,11
202300032131,2023-03-03,48.102996,-1.464996,78,3,1,1.0,1,35,7.0,14
202300032333,2023-05-22,48.413935,1.431441,16,4,1,1.0,1,28,4.0,21
202300032394,2023-11-07,44.56165,6.08413,27,4,1,1.0,1,05,7.0,13
202300032532,2023-06-17,45.63782025,4.20589525,66,3,1,1.0,1,42,3.5,9
202300032571,2023-06-26,49.081301,0.19298,59,4,2,1.0,1,14,9.0,12
202300032585,2023-09-08,43.411953,1.128609,44,3,1,1.0,1,31,7.0,8
202300032590,2023-06-25,47.82531,-0.68758,55,4,1,7.0,1,53,7.0,8
202300032593,2023-08-10,-21.297656,55.418606,16,3,1,1.0,3,974,4.0,19
202300032664,2023-12-15,44.068359,1.970469,34,3,1,1.0,3,81,5.5,17
202300032741,2023-09-08,43.896252,4.978152,36,3,1,7.0,1,84,5.5,8
202300032755,2023-09-08,42.907461,0.143745,31,3,1,1.0,1,65,5.5,19
202300032768,2023-12-15,43.386911,5.555686,69,3,1,1.0,1,13,8.0,9
202300032957,2023-10-07,49.132679,1.931577,42,3,1,1.0,1,95,5.0,15
202300032958,2023-10-08,48.723971,1.956173,62,4,1,1.0,1,78,5.5,11
202300033141,2023-10-07,48.771329,2.361179,4,4,2,1.0,1,94,7.0,17
202300033165,2023-10-06,48.031752,4.912906,70,4,1,1.0,1,52,7.0,16
202300033171,2023-09-23,45.964784,4.798488,34,4,1,1.0,1,01,5.5,10
202300033182,2023-10-07,48.650401,3.409039,19,4,1,1.0,1,77,5.0,12
202300033190,2023-10-05,44.884968,-0.199418,65,3,1,1.0,1,33,5.5,17
202300033509,2023-07-27,45.341951,4.272566,51,3,1,1.0,2,43,5.0,16
202300033758,2023-04-14,49.71379,4.50874,27,3,1,1.0,1,08,4.0,11
202300033762,2023-04-13,47.828418,7.25099,61,4,1,1.0,1,68,7.0,17
202300033902,2023-02-25,44.657275,-0.284899,63,2,1,1.0,1,33,4.0,14
202300033977,2023-11-07,47.274971,-1.784254,61,3,1,1.0,1,44,5.0,12
202300034050,2023-05-20,49.267097,-1.290797,59,3,1,1.0,1,50,5.5,12
202300034096,2023-06-25,49.546928,1.857135,77,2,1,1.0,1,60,5.5,9
202300034349,2023-06-25,42.58099,2.736438,58,3,1,1.0,1,66,4.0,9
202300034382,2023-04-12,44.393818,-0.196788,14,3,1,1.0,1,33,4.0,15
202300034526,2023-09-04,48.722651,4.631639,57,3,2,1.0,2,51,4.0,7
202300034532,2023-09-07,44.96144368,6.58739483,30,3,1,1.0,1,05,4.0,11
202300034560,2023-09-07,48.711849,5.061663,36,4,1,1.0,1,55,5.5,16
202300034863,2023-10-06,47.73687615,7.28790897,65,3,2,1.0,1,68,3.5,18
202300035312,2023-06-15,48.46914,2.19515,27,4,1,1.0,1,91,5.0,17
202300035312,2023-06-15,48.46914,2.19515,28,4,1,1.0,1,91,5.0,17
202300035425,2023-07-27,43.627938,7.133804,33,3,1,1.0,1,06,6.0,18
202300035567,2023-04-09,48.022381,0.230809,47,3,1,1.0,1,72,8.0,16
202300035727,2023-05-19,45.81601,4.849632,65,3,1,2.0,2,69,10.5,20
202300035871,2023-05-21,48.262727,-0.629053,44,4,1,1.0,1,53,4.0,12
202300035871,2023-05-21,48.262727,-0.629053,32,1,2,1.0,1,53,4.0,12
202300035872,2023-06-23,46.090555,5.028001,39,3,1,1.0,1,01,4.0,18
202300035985,2023-11-08,46.731119,3.61153,36,3,1,1.0,5,03,5.5,17
202300036002,2023-05-20,43.796062,6.945387,65,3,1,2.0,1,06,5.0,11
202300036022,2023-06-24,49.698761,3.459465,8,3,1,1.0,1,02,4.0,12
202300036038,2023-06-07,43.663622,7.054805,30,3,1,1.0,1,06,6.0,12
202300036075,2023-10-31,45.069379,4.841088,76,3,1,8.0,1,26,9.0,11
202300036160,2023-06-24,43.22341,-0.358815,69,3,2,1.0,1,64,5.5,10
202300036346,2023-04-11,43.343095,-0.874701,13,4,1,1.0,3,64,7.0,22
202300036346,2023-04-11,43.343095,-0.874701,17,4,1,1.0,3,64,7.0,22
202300036399,2023-09-05,44.580033,4.703817,73,2,1,1.0,1,07,3.5,10
202300036477,2023-09-03,44.903239,4.942909,82,3,1,1.0,1,26,6.0,14
202300036663,2023-12-13,45.49657662,4.72172487,60,4,1,1.0,1,69,5.0,10
202300036953,2023-10-05,47.2786,-2.2475,76,2,1,1.0,1,44,10.5,9
202300037162,2023-10-05,48.986484,4.088373,74,2,1,1.0,1,51,4.0,15
202300037162,2023-10-05,48.986484,4.088373,56,1,1,1.0,1,51,4.0,15
202300037181,2023-07-25,43.719296,5.539786,65,4,1,1.0,1,84,7.0,13
202300037198,2023-07-26,45.119674,6.040828,45,3,2,1.0,1,38,4.0,18
202300037205,2023-07-28,44.753911,6.572785,64,4,1,1.0,1,05,4.0,12
202300037206,2023-07-27,44.31372501,5.82680787,80,3,2,1.0,2,05,7.0,19
202300037215,2023-07-27,45.698064,-1.215228,45,3,1,1.0,2,17,6.0,20
202300037351,2023-07-26,48.317465,5.594053,73,3,1,1.0,1,88,7.0,18
202300037570,2023-06-23,46.04104379,3.84707023,69,4,1,1.0,1,42,5.5,11
202300037583,2023-06-22,47.510739,-2.609885,64,4,1,1.0,1,56,5.5,16
202300037693,2023-11-06,44.54434,6.0915,51,2,2,2.0,1,05,5.5,11
202300037693,2023-11-06,44.54434,6.0915,18,3,1,2.0,1,05,5.5,11
202300037879,2023-11-05,43.57667303,3.8484925,76,3,1,1.0,1,34,7.0,13
202300037924,2023-02-27,48.774184,3.865977,34,2,1,1.0,3,51,4.0,19
202300037962,2023-11-06,43.815754,4.464966,89,3,1,1.0,1,30,5.0,16
202300038127,2023-04-09,43.633304,5.16719,51,4,1,1.0,1,13,9.0,10
202300038198,2023-04-09,47.868135,-0.337958,54,1,1,1.0,1,72,5.0,17
202300038198,2023-04-09,47.868135,-0.337958,60,3,1,1.0,1,72,5.0,17
202300038207,2023-09-05,49.34461924,2.63065367,44,3,2,7.0,2,60,5.5,7
202300038214,2023-08-10,50.036442,2.655559,65,3,1,9.0,1,80,5.0,14
202300038216,2023-09-05,48.734339,-1.532845,62,3,1,1.0,1,50,5.5,10
202300038244,2023-09-03,48.909836,-0.928731,64,4,1,7.0,1,14,4.0,9
202300038244,2023-09-03,48.909836,-0.928731,71,3,1,7.0,1,14,4.0,9
202300038244,2023-09-03,48.909836,-0.928731,72,4,1,7.0,1,14,4.0,9
202300038244,2023-09-03,48.909836,-0.928731,57,4,2,7.0,1,14,4.0,9
202300038244,2023-09-03,48.909836,-0.928731,64,4,1,7.0,1,14,4.0,9
202300038244,2023-09-03,48.909836,-0.928731,72,3,1,7.0,1,14,4.0,9
202300038244,2023-09-03,48.909836,-0.928731,70,3,1,7.0,1,14,4.0,9
202300038244,2023-09-03,48.909836,-0.928731,60,4,1,7.0,1,14,4.0,9
202300038345,2023-12-10,46.738162,5.478863,50,3,1,2.0,3,39,5.0,17
202300038347,2023-09-04,50.029937,3.716286,48,2,1,1.0,1,02,5.5,9
202300038351,2023-08-21,43.719439,5.539148,58,3,1,1.0,1,84,7.0,10
202300038580,2023-08-31,45.886939,4.808144,53,3,1,1.0,1,69,4.0,19
202300038580,2023-08-31,45.886939,4.808144,30,4,1,1.0,1,69,4.0,19
202300038622,2023-01-20,49.304556,-0.799062,65,3,1,1.0,1,14,4.0,15
202300038776,2023-10-05,46.447383,4.898553,78,3,1,7.0,1,01,5.5,9
202300038793,2023-01-15,48.142108,-3.843627,54,2,1,2.0,1,29,4.0,11
202300038851,2023-10-04,45.885303,5.347209,64,4,2,1.0,1,01,7.0,16
202300039106,2023-05-23,45.791467,6.213321,32,4,2,1.0,1,74,4.0,19
202300039184,2023-07-26,45.512099,4.956712,55,3,1,1.0,1,38,5.0,8
202300039187,2023-07-26,47.556484,-0.333876,76,2,1,1.0,1,49,7.0,10
202300039230,2023-07-24,48.83502065,5.89877844,80,3,1,2.0,1,54,6.0,12
202300039234,2023-07-25,47.41248648,-0.20202092,65,3,1,1.0,1,49,7.0,11
202300039304,2023-06-23,42.955995,0.258184,44,3,1,1.0,1,65,5.5,12
202300039526,2023-06-21,44.306964,4.348038,35,3,1,1.0,1,30,6.0,19
202300039602,2023-11-07,47.299442,-0.004361,54,3,1,7.0,2,49,7.0,8
202300040258,2023-09-02,-21.080611,55.626676,43,2,1,1.0,1,974,5.0,13
202300040314,2023-09-02,47.702816,6.709878,67,3,1,7.0,1,70,5.5,18
202300040366,2023-08-08,50.155803,3.876755,88,2,1,1.0,1,59,5.0,10
202300040373,2023-04-03,48.26750977,4.06187832,19,4,1,1.0,1,10,3.0,19
202300040642,2023-10-02,45.821226,4.990545,61,4,1,1.0,1,01,7.0,18
202300040648,2023-10-05,44.61605329,2.00107813,46,4,1,7.0,1,46,4.0,8
202300040650,2023-10-04,43.450987,1.590657,57,3,1,1.0,1,31,4.0,16
202300041061,2023-07-25,45.768616,0.362817,31,2,1,1.0,2,16,5.5,18
202300041155,2023-07-22,50.612122,2.782416,80,3,1,1.0,1,62,4.0,10
202300041214,2023-06-12,44.770434,6.736754,33,3,1,1.0,1,05,5.5,11
202300041214,2023-06-12,44.770434,6.736754,52,1,1,1.0,1,05,5.5,11
202300041225,2023-06-21,49.488214,2.242429,46,4,1,1.0,1,60,5.5,18
202300041506,2023-05-13,44.683145,5.036572,47,3,2,1.0,1,26,4.0,10
202300041523,2023-05-17,42.910486,0.297704,27,4,1,1.0,1,65,4.0,13
202300041533,2023-05-14,47.006436,3.445201,41,4,1,1.0,1,58,10.5,9
202300041534,2023-05-14,46.996547,3.390634,63,3,1,1.0,1,58,5.0,10
202300041542,2023-05-17,48.553492,-1.492866,49,2,1,1.0,1,50,5.5,11
202300041574,2023-05-17,46.362856,4.693753,40,4,1,1.0,1,71,5.5,17
202300041576,2023-05-15,47.200601,5.39749,12,4,2,1.0,1,21,5.5,9
202300041798,2023-05-15,49.177427,6.382815,31,4,1,1.0,1,57,7.0,17
202300041823,2023-04-09,43.806485,5.71951,57,3,1,1.0,1,04,5.5,11
202300041858,2023-05-16,48.150257,-2.215119,70,3,2,1.0,1,35,10.5,17
202300041929,2023-02-23,48.840352,-1.21827,14,3,1,1.0,1,50,4.0,18
202300042240,2023-09-01,45.782572,5.769088,66,3,1,1.0,1,01,3.5,14
202300042342,2023-04-07,47.79689,2.38288,24,3,1,1.0,1,45,5.5,19
202300042556,2023-10-03,44.025309,1.963044,76,3,1,8.0,1,81,5.5,9
202300042567,2023-10-04,44.9949,1.644752,17,3,1,1.0,1,46,5.0,17
202300042799,2023-09-30,49.16847,-0.26629,55,3,1,7.0,1,14,5.0,16
202300042982,2023-07-23,43.327277,2.064126,57,4,1,1.0,1,11,4.0,8
202300042982,2023-07-23,43.327277,2.064126,63,4,1,1.0,1,11,4.0,8
202300043061,2023-07-23,48.714383,-3.081923,52,3,1,2.0,1,22,5.5,12
202300043167,2023-06-20,16.323074,-61.472347,46,2,1,1.0,3,971,7.0,0
202300043548,2023-05-14,49.29939,1.659175,34,4,1,1.0,1,27,7.0,15
202300043548,2023-05-14,49.29939,1.659175,5,1,2,1.0,1,27,7.0,15
202300043548,2023-05-14,49.29939,1.659175,1,3,2,1.0,1,27,7.0,15
202300043560,2023-11-03,46.763193,-1.22651,56,2,1,1.0,2,85,5.5,18
202300043575,2023-11-03,44.637972,-1.111128,23,1,1,2.0,2,33,5.5,11
202300043886,2023-08-30,47.703618,-2.849303,44,3,1,1.0,1,56,4.0,12
202300043892,2023-08-30,46.275555,-0.39127,62,3,2,1.0,1,79,6.3,15
202300043927,2023-09-01,44.129589,5.288131,61,2,1,1.0,1,84,5.5,16
202300043949,2023-08-29,43.558075,6.012982,82,3,1,1.0,1,83,5.5,9
202300043951,2023-04-03,43.3161,6.541806,33,3,1,1.0,1,83,4.0,11
202300043957,2023-08-30,46.028987,0.278255,81,3,1,1.0,1,16,4.0,16
202300043962,2023-08-30,48.212804,-0.705275,66,3,1,1.0,1,53,5.5,15
202300044148,2023-12-08,45.006208,0.162284,26,4,1,1.0,5,24,5.0,18
202300044377,2023-10-08,46.26579,6.347265,50,3,1,1.0,1,74,5.0,18
202300044758,2023-07-18,47.591752,-3.035359,77,3,1,1.0,1,56,4.0,8
202300044760,2023-07-20,47.577828,-3.035386,75,4,1,1.0,1,56,5.5,11
202300044794,2023-07-21,46.187422,5.523478,55,4,1,1.0,1,01,7.0,18
202300044804,2023-07-22,44.646979,6.182234,69,3,1,1.0,1,05,6.0,11
202300044810,2023-07-22,44.834615,3.731983,59,2,1,1.0,1,43,5.0,10
202300044868,2023-10-02,49.505844,1.986423,52,3,1,1.0,3,60,5.5,7
202300044890,2023-07-21,48.571091,-2.484997,19,3,1,1.0,1,22,5.5,19
202300044941,2023-10-01,46.262241,5.552521,31,3,1,1.0,1,01,5.5,11
202300045092,2023-06-18,44.023804,6.092219,49,3,1,1.0,1,04,4.0,12
202300045092,2023-06-18,44.023804,6.092219,19,1,2,1.0,1,04,4.0,12
202300045164,2023-06-17,44.293015,6.901646,68,2,1,1.0,1,06,7.0,12
202300045225,2023-06-17,42.971524,-0.153932,65,3,1,1.0,1,65,4.0,15
202300045358,2023-05-13,49.643944,3.208269,29,4,2,1.0,1,02,7.0,14
202300045358,2023-05-13,49.643944,3.208269,27,1,1,1.0,1,02,7.0,14
202300045363,2023-11-02,47.336103,6.016098,42,4,1,9.0,3,70,7.0,17
202300045373,2023-05-14,47.06384338,1.39408357,75,3,1,5.0,1,36,5.5,9
202300045581,2023-10-13,48.447045,5.155367,49,4,1,1.0,2,52,5.5,18
202300045669,2023-08-30,49.13422371,-0.41271022,59,3,1,1.0,1,14,4.0,19
202300045702,2023-04-06,46.951639,-1.07931,65,4,1,2.0,1,85,6.0,12
202300045807,2023-06-01,46.072959,6.399563,47,4,1,1.0,1,74,7.0,17
202300045811,2023-06-01,46.15926,6.242369,42,3,1,1.0,1,74,4.5,11
202300045812,2023-02-20,50.55226546,2.87128508,71,4,1,1.0,3,59,4.0,20
202300045967,2023-12-06,49.065208,-0.102345,73,3,1,1.0,1,14,4.0,15
202300045967,2023-12-06,49.065208,-0.102345,75,1,1,1.0,1,14,4.0,15
202300046062,2023-02-18,43.757085,6.078529,54,4,1,1.0,1,04,5.5,13
202300046285,2023-08-30,49.661933,-1.86906,33,2,1,1.0,1,50,4.0,11
202300046452,2023-07-13,45.919557,6.385267,68,3,1,1.0,1,74,7.0,13
202300046472,2023-09-30,48.6812,2.4282,11,4,1,1.0,1,91,5.0,13
202300046536,2023-07-21,44.170369,5.12686,21,3,1,1.0,1,84,5.5,10
202300046572,2023-07-20,43.524706,3.919185,53,4,1,1.0,1,34,7.0,18
202300046604,2023-07-20,47.14003,4.774051,60,2,1,1.0,1,21,4.0,10
202300046849,2023-09-30,43.14909,-0.930356,8,3,1,1.0,4,64,4.0,20
202300046930,2023-07-19,48.82626,2.19203,63,4,1,1.0,1,92,6.0,12
202300046958,2023-07-19,44.83961667,1.76415458,43,3,2,7.0,2,46,5.0,20
202300046963,2023-07-19,48.49655805,-4.53622331,62,4,1,1.0,1,29,7.0,16
202300046982,2023-07-19,42.991088,1.741676,87,3,1,1.0,2,09,5.5,8
202300046991,2023-06-17,43.338214,5.601193,51,3,1,1.0,1,13,3.5,17
202300046993,2023-06-16,48.050589,7.110236,54,1,1,1.0,1,68,5.5,15
202300046993,2023-06-16,48.050589,7.110236,69,3,1,1.0,1,68,5.5,15
202300047014,2023-06-17,46.208134,4.324886,77,2,1,1.0,1,71,5.5,11
202300047041,2023-06-16,42.806463,1.420507,70,2,1,1.0,1,09,3.5,15
202300047102,2023-06-14,46.45982067,2.13873227,68,2,1,7.0,1,36,5.5,14
202300047126,2023-06-13,46.133412,5.191641,84,2,1,1.0,1,01,5.5,18
202300047150,2023-11-01,48.920997,2.716631,84,3,1,3.0,1,77,5.5,11
202300047258,2023-05-12,46.44608088,1.39317106,34,3,1,1.0,1,36,5.5,18
202300047735,2023-04-04,49.311086,6.14728,15,3,1,1.0,1,57,7.0,17
202300047951,2023-08-29,47.730029,1.640868,17,3,1,1.0,2,41,7.0,6
202300048189,2023-08-26,49.588098,1.355614,59,4,1,1.0,1,76,5.5,15
202300048207,2023-12-04,48.8099167,6.6936318,30,4,1,2.0,3,57,5.5,19
202300048267,2023-07-18,49.1163624,2.5699811,50,3,1,1.0,2,60,5.5,21
202300048282,2023-07-19,46.954803,4.072709,35,4,1,7.0,1,71,4.0,19
202300048374,2023-04-30,45.3968,3.323008,16,2,1,1.0,1,43,5.0,18
202300048780,2023-09-30,48.790489,-1.318775,50,3,1,1.0,1,50,4.0,10
202300048947,2023-06-15,49.991739,3.38881,84,2,1,1.0,1,02,4.0,19
202300048979,2023-06-15,43.076823,-1.444437,71,3,1,1.0,1,64,5.0,12
202300048998,2023-06-14,48.408252,7.075796,60,4,1,1.0,1,88,5.5,10
202300049036,2023-06-14,45.311779,5.772141,31,4,1,1.0,1,38,5.5,14
202300049040,2023-06-15,47.875349,-1.686742,74,3,1,1.0,1,35,5.0,12
202300049298,2023-12-04,43.703297,3.328986,16,4,1,1.0,3,34,6.0,17
202300049491,2023-08-13,45.416317,6.172289,50,3,1,1.0,1,73,5.5,16
202300049664,2023-04-02,42.906054,2.721342,57,3,1,1.0,1,11,3.0,11
202300049680,2023-04-02,48.369508,-4.073911,48,3,1,1.0,1,29,4.0,10
202300049680,2023-04-02,48.369508,-4.073911,43,1,1,1.0,1,29,4.0,10
202300049732,2023-04-02,42.58456,8.919691,29,3,1,1.0,1,2B,5.0,18
202300049733,2023-02-17,42.51885376,2.89167076,69,3,1,9.0,1,66,4.0,16
202300049813,2023-12-02,-21.047311,55.717099,15,4,1,1.0,5,974,3.5,20
202300049832,2023-09-30,43.858854,7.442765,55,3,2,1.0,1,06,5.5,10
202300049993,2023-07-28,45.225129,6.73522,59,3,1,1.0,1,73,7.0,10
202300050015,2023-03-30,45.74322,3.1386,63,4,2,1.0,1,63,4.0,8
202300050029,2023-12-03,43.131151,0.175288,76,4,1,1.0,1,65,5.5,16
202300050096,2023-06-13,49.17608,5.96825,75,3,1,1.0,1,54,3.0,14
202300050219,2023-07-18,48.16996,7.12612,52,3,1,1.0,1,68,5.5,12
202300050256,2023-07-16,47.739338,-2.860479,71,1,1,1.0,1,56,4.0,9
202300050279,2023-05-10,45.657171,-1.120533,69,4,1,1.0,1,17,7.0,9
202300050279,2023-05-10,45.657171,-1.120533,68,4,1,1.0,1,17,7.0,9
202300050407,2023-01-06,48.404755,-2.041652,42,4,1,2.0,2,22,5.0,18
202300050525,2023-06-14,48.109892,7.43853,47,3,1,7.0,1,68,6.0,11
202300050692,2023-06-14,43.874885,4.90215,30,4,1,1.0,1,13,7.0,20
202300050875,2023-09-29,43.094622,0.009061,51,3,1,1.0,1,65,5.5,8
202300050927,2023-09-28,47.97694,6.83307,21,3,1,1.0,1,88,7.0,16
202300050929,2023-01-06,49.613769,0.761109,12,2,1,2.0,5,76,3.0,7
202300050977,2023-10-29,48.60283598,6.34496927,17,3,1,3.0,3,54,5.5,22
202300051098,2023-08-27,48.413558,-2.315798,68,2,1,1.0,1,22,6.0,10
202300051150,2023-05-10,14.832376,-61.051364,15,3,1,1.0,1,972,5.0,18
202300051195,2023-08-25,49.691242,3.559999,18,4,1,1.0,2,02,5.0,20
202300051215,2023-05-10,46.742566,0.55408,35,4,1,1.0,3,86,10.5,22
202300051215,2023-05-10,46.742566,0.55408,13,1,2,1.0,3,86,10.5,22
202300051364,2023-05-11,48.062803,7.103321,73,3,1,2.0,1,68,7.0,16
202300051422,2023-08-26,47.33127754,1.04613125,64,3,1,1.0,1,37,5.5,18
202300051485,2023-08-25,48.778627,7.719162,45,3,1,1.0,1,67,4.0,20
202300051492,2023-08-25,48.821151,4.981653,66,3,1,1.0,1,55,5.0,11
202300051782,2023-09-29,44.73438,-0.579481,14,4,1,1.0,2,33,4.0,7
202300051793,2023-06-12,48.47168598,-1.16227895,53,3,1,1.0,1,35,5.0,18
202300051832,2023-06-10,46.332769,5.124006,16,4,2,1.0,1,01,4.0,12
202300051878,2023-05-09,48.98515785,-0.88450033,20,3,2,2.0,1,14,4.0,19
202300051888,2023-06-12,43.21947,-1.086187,61,4,1,1.0,1,64,7.0,15
202300051988,2023-06-13,45.065019,6.040002,54,4,1,1.0,1,38,5.5,11
202300052182,2023-01-05,47.11377,-2.131134,41,3,1,8.0,1,44,5.0,17
202300052647,2023-11-29,43.6451203,6.940074,55,4,2,1.0,1,06,7.0,13
202300052689,2023-07-15,14.567032,-60.965967,24,3,1,1.0,1,972,6.0,11
202300052771,2023-01-03,50.634574,2.835296,68,3,1,1.0,1,62,4.0,10
202300052808,2023-01-04,47.984687,2.094001,30,3,1,2.0,3,45,5.5,7
202300052825,2023-09-28,45.050604,4.832101,57,3,2,1.0,1,07,3.0,14
202300052928,2023-07-05,46.39284245,6.78975313,19,3,2,1.0,1,74,7.0,10
202300052931,2023-06-28,45.943108,6.028002,57,3,1,1.0,2,74,4.0,19
202300052987,2023-02-14,48.097221,-3.996819,21,3,1,1.0,2,29,5.0,18
202300053041,2023-02-15,49.307279,2.604264,17,4,1,1.0,1,60,5.0,14
202300053078,2023-02-13,45.770019,4.788537,49,4,1,1.0,3,69,3.0,19
202300053153,2023-02-15,46.76834,-1.503162,14,3,1,1.0,1,85,4.0,16
202300053160,2023-12-02,49.44822556,2.87462854,65,4,1,1.0,2,60,7.0,16
202300053220,2023-08-25,46.781148,0.530192,56,4,1,1.0,1,86,4.0,10
202300053256,2023-06-10,48.56035428,-4.50586958,68,3,1,1.0,1,29,7.0,20
202300053332,2023-03-28,42.930026,1.855493,49,4,2,1.0,1,09,5.0,14
202300053487,2023-08-18,48.578069,3.04199,56,2,1,9.0,1,77,5.0,15
202300053489,2023-05-08,48.474023,4.765771,60,3,1,1.0,1,52,5.5,17
202300053533,2023-06-11,47.454065,-0.198784,47,3,1,1.0,1,49,8.0,9
202300053545,2023-06-11,48.494134,0.068836,47,4,1,1.0,1,61,5.5,11
202300053567,2023-06-09,49.4388221,6.09352827,65,3,1,1.0,1,57,6.0,17
202300053575,2023-05-08,46.8362,-1.00402,62,3,1,1.0,1,85,5.5,11
202300053634,2023-05-08,47.539494,-0.112199,68,3,1,1.0,1,49,9.0,11
202300053897,2023-05-08,45.298298,5.636876,58,4,1,1.0,1,38,5.0,9
202300054224,2023-07-15,42.472975,9.497439,55,4,2,1.0,1,2B,4.0,6
202300054273,2023-07-14,46.208145,0.163471,15,3,1,1.0,1,86,5.0,11
202300054301,2023-03-28,-21.26733168,55.3345862,79,2,1,1.0,1,974,7.0,14
202300054337,2023-07-14,46.183452,4.826852,59,3,1,1.0,1,01,4.0,8
202300054379,2023-07-14,45.374941,6.323748,62,4,1,1.0,1,73,4.0,11
202300054427,2023-11-30,48.8095,2.3625,30,4,1,1.0,5,94,12.0,7
202300054579,2023-06-10,44.57169,2.072929,10,3,1,1.0,1,12,7.0,17
202300054623,2023-02-13,45.110388,5.708578,16,2,2,1.0,1,38,4.0,9
202300054662,2023-10-28,43.054614,2.212876,78,3,1,1.0,1,11,6.0,10
